tree
version=v4
num_class=1
num_tree_per_iteration=1
label_index=0
max_feature_idx=131
objective=binary sigmoid:1
feature_names=n_ev_1h n_alarm_1h n_tech_1h n_serv_1h n_alarm_ref_1h v_mean v_max v_min v_last vz_absmax vz_mean v_std ldtz_min ldtz_max ldt_mean n_states state_last alarm_last n_ev_6h n_ev_24h n_ev_168h n_alarm_6h n_alarm_24h n_alarm_168h n_tech_6h n_tech_24h n_tech_168h n_start_6h n_start_24h n_start_168h n_alarm_raw_6h n_alarm_raw_24h n_alarm_raw_168h n_alarm_ref_6h n_alarm_ref_24h n_alarm_ref_168h n_serv_6h n_serv_24h n_serv_168h n_lowhist_6h n_lowhist_24h n_lowhist_168h active_hours_24h active_hours_168h vz_absmax_max_24h vz_absmax_max_168h v_max_max_24h v_max_max_168h ldtz_max_max_24h ldtz_max_max_168h ldtz_min_24h h_since_event h_since_alarm h_since_start h_since_tech v_last_ffill v_trend_24h state_last_ffill start_same_window_7d_ago start_same_window_14d_ago weeks_with_start_same_window_4w days_with_start_same_window_7d start_next6h_1d_ago start_next6h_7d_ago n_start_720h n_start_2160h n_alarm_720h n_alarm_2160h n_tech_720h n_tech_2160h n_ev_720h n_ev_2160h hist_h_90d start_rate_90d tech_rate_90d start_rate_ratio_168_2160 v_mean_6h v_mean_24h v_mean_168h v_drift_24_168 v_drift_6_24 v_max_max_6h v_std_max_24h n_vz3_24h n_vz3_168h n_vz3_720h n_v_hi_24h n_v_hi_168h n_v_hi_720h n_v_pos_24h n_v_pos_168h n_v_pos_720h h_since_v_hi h_since_v_pos v_slope_1h v_slope_6h v_slope_168h start_gap_last start_gap_ewm start_overdue start_expected_in_h weeks_with_start_4w weeks_with_start_12w start_same_window_1y_ago alarm_open alarm_open_h alarm_share_168h tech_share_168h час_sin час_cos дн_sin дн_cos мес_sin мес_cos код_типа_датчика объект_охранный пикет nbr_n_alarm_1h nbr_n_alarm_6h nbr_n_alarm_24h nbr_n_alarm_168h nbr_n_alarm_720h nbr_n_tech_6h nbr_n_tech_24h nbr_n_tech_168h nbr_n_start_6h nbr_n_start_24h nbr_n_start_168h nbr_n_start_720h nbr_n_ev_6h nbr_n_ev_24h nbr_n_ev_168h
feature_infos=[0:1088] [0:59] [0:544] none [0:440] [0:39] [0:39] [0:39] [0:39] [0:98.043037414550781] [-11.513298034667969:16.590396881103516] [0:10.8253173828125] [-96.508087158203125:10.909530639648438] [-19.740211486816406:11.179913520812988] [1.0986119508743286:17.056842803955078] [1:7] [0:32] [0:1] [0:4826] [0:15039] [0:26066] [0:110] [0:148] [0:447] [0:2413] [0:7520] [0:7669] [0:1] [0:3] [0:14] [0:144] [0:243] [0:448] [0:1388] [0:1735] [0:3982] none none [0:15] [0:12] [0:12] [0:46] [0:24] [0:168] [0.011420556344091892:145.34442138671875] [0.022524578496813774:145.34442138671875] [-1:79] [0:100] [-19.740211486816406:13.076278686523438] [-60.217426300048828:14.814937591552734] [-123.13529205322266:10.909530639648438] [0:8760] [0:8760] [0:8760] [0:8760] [-1:100] [-95:21] -1:17:6:0:24:12:7:29:4:18:27:8:9:32:13:23:16:15:3:10:25:19:22:21:31:26:5:1:11:28:20 [0:14] [0:12] [0:4] [0:1] [0:1] [0:1] [0:37] [0:73] [0:768] [0:947] [0:7814] [0:7821] [0:108553] [0:310570] [1:2160] [0:24] [0:600] [0.0013414816930890083:12.739745140075684] [0:42] [-1:42] [-0.60000002384185791:100] [-12.06893253326416:13.04386043548584] [-9.9629631042480469:9.1857147216796875] [0:79] [0:37] [0:89] [0:406] [0:413] [0:680] [0:821] [0:821] [0:4549] [0:8671] [0:31141] [0:8760] [0:8760] [-95:21] [-95:21] [-95:94] [6:24118] [7:24118] [0:690] [-8747:24117] [0:4] [0:12] [0:28] [0:1] [0:8222] [0:1] [0:1] [-1:1] [-1:1] [-0.97492790222167969:0.97492790222167969] [-0.90096884965896606:1] [-1:1] [-1:1] -1:7:15:8:18:2:16:14:10:5:6:3:17:11:9:13:4:19 [0:1] [0:863] [0:122] [0:768] [0:768] [0:768] [0:768] [0:3019] [0:7553] [0:7936] [0:20] [0:20] [0:36] [0:98] [0:6037] [0:15127] [0:72601]
tree_sizes=3418 3560 3548 3532 3510 3517 3505 3566 3511 3487 3577 3508 3558 3529 3520 3510 3574 3557 3548 3591 3506 3508 3568 3502 3587 3553 3521 3516 3564 3571 3518 3576 3518 3517 3539 3576 3510 3528 3522 3523 3588 3575 3622 3566 3600 3577 3546 3552 3600 3578 3565 3566 3587 3591 3579 3613 3592 3581 3613 3557 3581 3557 3606 3563 3591 3569 3605 3579 3600 3558 3559 3558 3568 3594 3577 3547 3596 3580 3562 3583 3567 3557 3546 3591 3588 3569 3572 3603 3597 3598 3608 3618 3585 3584 3577 3550 3584 3532 3575 3554 3576 3569 3590 3562 3560 3606 3568 3590 3603 3585 3624 3604 3539 3616 3619 3589 3578 3551 3593 3590 3564 3563 3607 3589 3553 3574 3550 3564 3630 3564 3549 3550 3580 3551 3578 3573 3597 3564 3549 3603 3556 3553 3610 3577 3552 3586 3584 3559 3562 3549 3543 3606 3573 3575 3555 3569 3577 3602 3563 3592 3569 3604 3612 3549 3582 3555 3555 3544 3615 3620 3557 3544 3571 3582 3551 3621 3565 3544 3592 3541 3580 3632 3585 3566 3579 3551 3574 3605 3530 3565 3576 3561 3567 3556 3605 3614 3591 3586 3591 3575 3618 3581 3587 3578 3581 3566 3542 3580 3573 3545 3603

Tree=0
num_leaves=31
num_cat=8
split_feature=73 114 65 100 114 57 64 114 114 75 29 52 114 99 23 32 60 114 124 60 114 116 65 60 64 113 113 67 128 32
split_gain=1.34178e+06 295394 164583 86446.9 48971.8 42099.7 33198.4 28245 27167 21761.2 19967.1 19946.4 26525.6 18471.8 18438.1 22037.1 17989.5 13729 12047.1 11614 8719.02 8303.97 7863.17 7110.06 6918.58 6726.52 6412.25 6131.16 5918.27 5836.44
threshold=0.055534141138195998 0 10.500000000000002 419.89126586914068 1 2 5.5000000000000009 3 4 0.011909390334039928 1.5000000000000002 1275.5000000000002 5 1.0852783322334292 1.5000000000000002 1.0000000180025095e-35 1.5000000000000002 6 9.5000000000000018 1.5000000000000002 7 182.50000000000003 17.500000000000004 2.5000000000000004 1.5000000000000002 -0.93301269412040699 -0.93301269412040699 43.500000000000007 4.5000000000000009 1.5000000000000002
decision_type=2 9 2 8 9 9 2 9 9 2 2 2 9 10 2 2 2 9 2 2 9 8 2 2 2 2 2 2 2 2
left_child=1 3 4 5 9 -1 19 29 10 16 24 17 13 25 -3 27 -2 -7 26 -4 28 -18 -8 -11 -6 -13 -15 -16 -9 -5
right_child=2 14 6 7 8 11 22 20 -10 23 -12 12 -14 18 15 -17 21 -19 -20 -21 -22 -23 -24 -25 -26 -27 -28 -29 -30 -31
leaf_value=-2.072235721754502 -2.0078677970544443 -2.0982765373446224 -1.991954261894562 -2.0887685463870702 -2.0206733674719866 -2.0554288621158583 -1.910506825084334 -2.0459981327495584 -2.0676542095731105 -1.984393473185831 -1.9537001942380594 -1.921383596883864 -2.0481182072257824 -1.9142285004459663 -1.8558441297310369 -2.0778256880025854 -1.9330591535960244 -2.0285341694495487 -1.9227982313050713 -1.9332455280940444 -2.0629210181068163 -1.8228169410270036 -1.8654264873702429 -1.9335848636456561 -1.9988270275424949 -2.039346181764143 -1.995479251055901 -2.078913899614919 -1.98457543389927 -2.0560540763467072
leaf_weight=30076.821034491062 902.53691989183426 443562.451577425 3782.4202740192413 73373.769186973572 22783.150311052799 32861.794950008392 6432.0086668133736 4273.3174123764038 6251.1623205542564 8829.7680239677429 6858.8020561933517 453.91037184000015 12947.461871564388 950.78919750452042 692.18091624975204 1782.5428175926208 917.79022252559662 35653.049637198448 3156.7357816696167 16289.031791031361 49082.73520052433 2183.0167828202248 8390.9115651845932 3506.2657099962234 30907.278622329235 7221.4916965961456 10973.106280982494 130.50047808885574 2106.2517957091331 5253.8156568408012
leaf_count=54841 3144 414193 15216 71383 71855 64346 42572 11324 12087 37496 36536 2862 30121 6155 5898 4390 5406 103592 19485 95616 93178 20415 67370 20559 119202 17792 42275 530 9005 10994
internal_value=-2.06737 -2.08285 -1.97367 -2.05798 -1.99663 -2.04097 -1.91899 -2.07502 -2.00807 -1.95006 -2.00192 -2.03195 -2.01376 -1.99427 -2.09781 -2.01836 -1.88916 -2.04142 -1.97496 -1.94427 -2.05862 -1.85491 -1.88487 -1.96986 -2.00809 -2.03219 -1.98888 -1.89094 -2.02569 -2.08658
internal_weight=832587 714553 118034 268385 83139.8 134295 34894.4 134090 66800.4 16339.4 60549.2 104218 35703.5 22756 446168 2605.22 4003.34 68514.8 15080.6 20071.5 55462.3 3100.81 14822.9 12336 53690.4 7675.4 11923.9 822.681 6379.57 78627.6
internal_count=1509838 962364 547474 537353 326700 341469 220774 195884 239680 87020 227593 286628 118690 88569 425011 10818 28965 167938 67915 110832 113507 25821 109942 58055 191057 20654 48430 6428 20329 82377
cat_boundaries=0 1 2 4 5 6 7 8 9
cat_threshold=378272 128 549457921 1 17440 377088 263456 1312 32768
is_linear=0
shrinkage=1


Tree=1
num_leaves=31
num_cat=0
split_feature=73 53 102 100 32 106 32 102 71 101 53 71 115 52 43 100 71 115 97 73 29 124 128 131 73 97 115 96 131 56
split_gain=1.19146e+06 272894 149496 80275 25540.4 22928.2 18959.4 18783.9 18696.9 16147.1 11908.9 15484.2 13153.5 9808.23 15353.8 9324.95 9193.47 8446.44 8417.16 8103.99 7867.38 7786.44 6038.69 7296.83 5882.98 5720.31 5449.2 6888.13 5225.46 5182.1
threshold=0.055534141138195998 2579.5000000000005 6.5000000000000009 432.01087951660162 3.5000000000000004 0.00052439089631661784 1.0000000180025095e-35 9.5000000000000018 228.50000000000003 1.5000000000000002 1168.5000000000002 19.500000000000004 1.0000000180025095e-35 346.50000000000006 1.0000000180025095e-35 114.80221557617189 51.500000000000007 1.0000000180025095e-35 317.50000000000006 0.18893263489007953 2.5000000000000004 4.5000000000000009 9.5000000000000018 80.500000000000014 0.18885829299688342 5128.0000000000009 1.0000000180025095e-35 0.030000000260770324 5.5000000000000009 -13.499999999999998
decision_type=2 2 2 8 2 2 2 2 2 2 2 2 2 2 2 10 2 2 10 2 2 2 2 2 2 8 2 8 2 10
left_child=1 3 4 8 9 26 -7 13 10 -2 12 15 -1 14 16 21 -4 -8 24 28 -6 22 -12 -24 -16 -3 27 -5 -11 -10
right_child=2 25 7 5 20 6 17 -9 29 19 11 -13 -14 -15 18 -17 -18 -19 -20 -21 -22 -23 23 -25 -26 -27 -28 -29 -30 -31
leaf_value=0.033311059762158347 0.041803150042285332 -0.021620763050823156 0.19079869733852264 -0.021644510849378903 0.08704048704853716 0.14144662468576724 0.026586312994889619 0.16575068998804551 0.0056921602696280681 0.086799517936879081 0.044177765535973343 0.013625117957479857 0.0066740782701529807 0.066927569069644338 0.1116912522820222 0.01366764962049799 0.12202030435341568 -0.0040216668613291384 0.076892082470094561 0.13704673063065498 0.14271872382853906 0.083750807317731796 0.067592688146777685 0.22179951686627011 0.15273909748042352 -0.031652668534926438 -0.018990393400250896 0.0065059022586415518 0.05901439122710482 -0.031718899344627481
leaf_weight=35940.850271642208 39987.269196249545 59520.695977158844 4244.9171274825931 12740.270834922791 8284.8227269724011 1005.1025725379586 14779.564747065306 10135.659024015069 16562.039804972708 8614.5814023390412 20104.816886655986 13769.447095930576 31144.837908141315 3013.9006257131696 13744.049932092428 5062.5459624156356 3123.0834864601493 17972.504547670484 4951.1905286535621 1565.5242653340101 3207.0257908254862 7683.9784252792597 1109.3302627056837 365.09782960265875 4210.9975259378552 368264.65675395727 75575.11706969142 20235.28587256372 21423.103324584663 4161.0965136438608
leaf_count=96391 119969 109305 32223 25481 36727 6649 40272 69178 42212 37663 59566 29405 56076 11197 70835 10150 16919 28660 20120 9356 19939 32388 4133 3202 27108 281859 78902 42008 75931 15075
internal_value=-2.35783e-05 -0.0152161 0.0847566 0.00791191 0.0611671 -0.00783589 0.0137549 0.129866 0.0244011 0.0544885 0.0291206 0.040514 0.0209476 0.118893 0.124042 0.0512931 0.16185 0.00979426 0.111816 0.0705209 0.102689 0.0577955 0.0485187 0.107014 0.121398 -0.0302574 -0.0145509 -0.00437341 0.0670092 -0.00183146
internal_weight=832503 705997 126506 278212 83082.3 142308 33757.2 43423.8 135904 71590.5 115181 48095.2 67085.7 33288.1 30274.2 34325.8 7368 32752.1 22906.2 31603.2 11491.8 29263.2 21579.2 1474.43 17955 427785 108551 32975.6 30037.7 20723.1
internal_count=1508899 961734 547165 570570 299585 221972 75581 247580 348598 242919 291311 138844 152467 178402 167205 109439 49142 68932 118063 122950 56666 99289 66901 7335 97943 391164 146391 67489 113594 57287
is_linear=0
shrinkage=0.03


Tree=2
num_leaves=31
num_cat=0
split_feature=65 53 65 99 59 51 98 98 69 65 75 32 71 53 98 32 99 97 97 56 98 26 98 97 32 56 56 97 98 53
split_gain=1.06562e+06 232938 127125 55955.6 51528.9 33043 25741.1 21840.3 19401.9 13112 11219.6 14470.3 11207.3 11085.8 9284.29 9168.03 5951.52 5731.99 5675.83 5312.97 4865.41 4596.13 4175 4083.43 4063.54 4008.96 3975.47 3682.89 6451.62 6483.53
threshold=3.5000000000000004 2579.5000000000005 7.5000000000000009 0.89395299553871166 1.0000000180025095e-35 1255.5000000000002 868.92929077148449 515.03823852539074 5.5000000000000009 12.500000000000002 8.0404889583587664 1.0000000180025095e-35 158.50000000000003 340.50000000000006 344.91575622558599 2.5000000000000004 0.612429440021515 5128.0000000000009 431.50000000000006 -1.0000000180025095e-35 97.403266906738295 2.5000000000000004 1206.7725830078127 333.50000000000006 6.5000000000000009 -5.4999999999999991 -9.4999999999999982 1488.5000000000002 1595.816101074219 1005.5000000000001
decision_type=2 2 2 10 2 2 8 10 2 2 2 2 2 2 10 2 10 8 10 10 10 2 8 10 2 10 10 10 10 2
left_child=1 3 7 6 15 12 24 13 18 -10 16 -12 21 14 20 -4 22 -3 23 -7 -2 -5 -8 -6 -1 -22 -14 -18 29 -29
right_child=2 17 4 5 8 19 10 -9 9 -11 11 -13 26 -15 -16 -17 27 -19 -20 -21 25 -23 -24 -25 -26 -27 -28 28 -30 -31
leaf_value=0.021551473561224239 0.15946757670885894 -0.021330669945742887 0.058533671191822088 0.021845183021824296 0.13508580945529486 0.064547138782969055 -0.0025833966336452634 0.017243217654517713 0.074313382505108466 0.1249274005459709 0.14252352491292883 0.011768847198332844 0.0028580427412422111 0.040607811674361248 0.051137339051109815 0.099966044132281884 -0.0087794686564498618 -0.03146891178121821 0.042754925795495349 0.0084838288126868663 0.075553654410757329 0.08610417778193552 -0.016719617830419812 0.18079499738311633 0.090200096212328204 0.14218797412521869 -0.031453966038469866 0.006603442676313737 -0.0091299620554480595 0.062279692395614893
leaf_weight=25654.871593780816 726.68886153399944 58480.679852150381 21282.871907159686 47368.450844101608 23982.201977200806 18120.845367737114 23927.510955519974 18851.080430395901 10546.953282400966 8277.9453171044588 829.38911145925522 8263.2058452740312 14242.459672935307 28318.896480560303 16802.640056625009 6242.9301309064031 15379.583654507995 358091.26191001385 578.62607361376286 1664.2472232282162 13271.415498606861 1014.7689041122794 87859.945060066879 1995.7112075090408 791.49592840671539 871.82402054965496 3852.9676812142134 4265.3829400762916 6696.210316516459 3363.2131022140384
leaf_count=61548 4867 109535 73854 108367 139484 65039 38560 43234 42191 45897 5201 18387 34145 83708 55110 29906 24043 281648 1689 3045 53785 4508 113924 14499 3692 5331 13922 7949 9515 12040
internal_value=-4.15316e-05 -0.0160858 0.071836 0.00600197 0.10039 0.0258127 -0.00365231 0.0454225 0.120038 0.0966246 -0.00844665 0.0238392 0.0156787 0.0542728 0.0664743 0.0679635 -0.010523 -0.0300462 0.136593 0.059838 0.0837586 0.0232104 -0.0136943 0.138666 0.0236393 0.0797587 -0.00446118 0.00141262 0.0123537 0.0311988
internal_weight=831616 679866 151750 263295 72907.2 86263.7 177031 78842.5 45381.4 18824.9 150584 9092.59 66478.6 59991.5 31672.6 27525.8 141492 416572 26556.5 19785.1 14869.9 48383.2 111787 25977.9 26446.4 14143.2 18095.4 29704.4 14324.8 7628.6
internal_count=1508623 915068 593555 523885 347520 229026 294859 246035 243760 88088 229619 23588 160942 202801 119093 103760 206031 391183 155672 68084 63983 112875 152484 153983 65240 59116 48067 53547 29504 19989
is_linear=0
shrinkage=0.03


Tree=3
num_leaves=31
num_cat=5
split_feature=73 52 102 99 98 57 57 52 98 98 52 115 98 99 90 73 57 75 131 128 112 75 57 98 57 120 120 124 52 113
split_gain=960861 210104 128564 52801.5 30258 25866.1 24665.1 17852.4 15424.5 12692.4 11078.7 11109.8 10146.8 8343.62 7110.67 8340.03 6754.88 6935.88 6367.08 6130.7 5877.88 5741.58 17220.9 5727.89 6995.2 5319.44 5089.89 5005.34 4883.44 4768.15
threshold=0.044430734589695937 2588.5000000000005 6.5000000000000009 0.81112226843833934 505.98329162597662 0 1 339.50000000000006 130.45254516601565 105.01255798339845 1259.5000000000002 1.0000000180025095e-35 868.92929077148449 1.0852783322334292 9.5000000000000018 0.01956787891685963 2 0.016230027657002214 100.50000000000001 1.0000000180025095e-35 -0.93301269412040699 0.68374541401863109 3 3247.622436523438 4 5.5000000000000009 2.5000000000000004 8.5000000000000018 353.50000000000006 -0.93301269412040699
decision_type=2 2 2 10 8 9 9 2 10 10 2 2 8 10 2 2 9 2 2 2 2 2 9 8 9 2 2 2 2 2
left_child=1 3 4 6 7 -5 12 9 -4 -2 -7 -12 -1 20 -14 -16 17 -11 -8 27 -13 22 28 24 -3 26 -21 -15 -10 -22
right_child=2 23 8 5 -6 10 18 -9 21 16 11 13 14 19 15 -17 -18 -19 -20 25 29 -23 -24 -25 -26 -27 -28 -29 -30 -31
leaf_value=0.013605428304055533 0.10942316710654379 0.046398896749672916 0.1227441508906396 -0.0077719233596049474 0.017283176224471328 0.01866000349758468 0.010408570446034127 0.038459753809396181 0.14963462729917007 0.12860047680426562 0.022512722615112817 0.11144370542898539 -0.014737653709825436 0.072053114330139598 0.11968601922067854 -0.014743816995564289 0.055327106957491913 0.067396974912504112 0.041546145095992894 0.057360707025675646 0.10399977478402725 0.078554709413547461 0.070807963002695776 -0.031287673195040507 -0.022540433977635964 0.10477092759766031 0.001086298434970121 0.13559227088250375 0.031096680134167935 0.014543990487120254
leaf_weight=13492.431460753083 5221.105259694159 1341.3692454472184 20673.152591623366 19769.637733690441 25869.996960200369 35359.08778014034 18469.230830721557 39473.520394794643 5495.2273334786296 2385.718933403492 15896.044623680413 716.05480858683586 115972.47052807361 3038.3341373875737 764.86895268410444 891.05382914096117 42103.317881494761 5681.2319345548749 8688.8770960494876 6949.5631613582373 574.12193723767996 18645.589222408831 6446.8675520941615 352634.43306642771 53194.976759321988 1625.6549251899123 1826.5755466073751 1807.4204361140728 337.97127115726471 6624.2335325032473
leaf_count=28466 26390 4240 112178 45775 58507 78561 40778 113278 34391 13369 39104 3670 150101 11615 4809 4186 142911 21068 27325 23330 2802 75721 24483 286617 99602 7935 2885 10552 863 13317
internal_value=-7.68301e-05 -0.016556 0.0629972 0.00494568 0.0460512 0.0227297 -0.00563779 0.0538936 0.102632 0.0648834 0.0308296 0.041847 -0.0110274 0.0551007 -0.0138548 0.0476949 0.0602273 0.0855282 0.0203748 0.0680738 0.0300528 0.0891523 0.105166 -0.0298878 -0.0208322 0.0549924 0.0456629 0.095983 0.142588 0.0218131
internal_weight=831970 659636 172334 252466 120735 94186.7 158279 94864.9 51598.8 55391.4 74417.1 39058 131121 23162 117628 1655.92 50170.3 8066.95 27158.1 15247.5 7914.41 30925.7 12280.1 407171 54536.3 10401.8 8776.14 4845.75 5833.2 7198.36
internal_count=1508829 885670 623159 495211 375523 239546 255665 317016 247636 203738 193771 115210 187562 76106 159096 8995 177348 34437 68103 56317 19789 135458 59737 390459 103842 34150 26215 22167 35254 16119
cat_boundaries=0 2 3 4 5 6
cat_threshold=536875393 1 2294423969 16809984 25169921 64
is_linear=0
shrinkage=0.03


Tree=4
num_leaves=31
num_cat=8
split_feature=65 114 102 100 114 114 114 106 65 51 32 55 102 114 53 124 100 53 100 112 114 29 53 114 114 54 70 52 121 128
split_gain=874942 233157 93873.9 56459.6 28139.6 26041.2 22713 19627.2 14924.8 14555.5 12267.9 11035.8 7971.7 7399.61 6997.04 5835.1 5823.18 5682.94 6966.19 4838.4 4644.62 4482.88 4358.5 11573.6 4389.13 5081.08 5108.08 4175.83 4170.49 4008.37
threshold=3.5000000000000004 0 6.5000000000000009 398.44479370117193 1 2 3 0.00052439089631661784 6.5000000000000009 1310.5000000000002 1.0000000180025095e-35 8.5000000000000018 10.500000000000002 4 329.50000000000006 108.50000000000001 82.95005035400392 340.50000000000006 54.141469955444343 -1.0000000180025095e-35 5 3.5000000000000004 1108.5000000000002 6 7 422.50000000000006 5.5000000000000009 283.50000000000006 26.500000000000004 2.5000000000000004
decision_type=2 9 2 8 9 9 9 2 2 2 2 8 2 9 2 2 10 2 10 2 9 2 2 9 9 2 2 2 2 2
left_child=1 3 6 4 -1 15 8 -3 19 22 -9 -11 17 28 21 -5 -13 18 20 -2 -4 -10 23 -6 25 26 -24 -15 -7 -18
right_child=2 7 12 5 9 13 -8 10 14 11 -12 16 -14 27 -16 -17 29 -19 -20 -21 -22 -23 24 -25 -26 -27 -28 -29 -30 -31
leaf_value=-0.0070712229083266312 0.030587087280398311 -0.030382697644765734 0.10951449895369697 -0.019610851413032565 -0.0081480027396087489 0.028321149411245913 -0.0069137718468229026 0.10868819914086453 0.068395604473929797 -0.0061482800521793406 0.0017000656629558471 0.065118518119966995 0.12322823767411537 0.015650039569863321 0.044441958202093929 0.033756867676670257 -0.01325401907576176 0.053203947186508706 0.079397203674218375 0.047214921538779819 0.071824522929665763 0.12294521945190923 0.051841831092132404 0.025525422917586988 0.0176600866320295 0.032657606659849701 0.13464713247974366 -0.0022990633022800157 0.092535017934700536 0.069934377184573918
leaf_weight=25198.655541665852 28369.896843783557 402332.2795009762 19171.814019665122 73994.328658469021 12429.926891505718 4853.9220870956779 6984.3410518467426 1284.7639136016369 27397.34162440896 2702.6020631343126 3783.8658996373415 16169.754701346159 7066.3770745396614 19712.048438929021 12824.115136101842 1882.2349031046033 1564.6027854830027 3748.4004589244723 21123.354519717395 35670.760591961443 3774.7426875308156 1435.2690396606922 2792.5936833024025 35129.897434644401 12955.520173147321 14862.271197393537 884.41779989004135 28550.815456286073 1115.8566339835525 769.95853202790022
leaf_count=45632 73837 409144 95516 77943 16341 13370 12356 6953 102942 3721 9036 58000 38403 43775 38406 5159 1762 12125 86263 112088 14515 7907 8952 85105 29690 38286 5197 48553 5106 2917
internal_value=-7.20134e-05 -0.0155524 0.0611729 0.00690999 0.0212689 -0.00693588 0.0454949 -0.0296427 0.0489544 0.0283894 0.0289793 0.0504597 0.0933467 0.0089382 0.0629424 -0.0182803 0.0587263 0.0889061 0.09193 0.0398547 0.103427 0.0711527 0.0224669 0.0167285 0.0311243 0.0404873 0.0720699 0.00503259 0.040391 0.0143635
internal_weight=830537 662970 167566 255569 125460 130109 112682 407401 105697 100262 5068.63 21206.9 54884.7 54232.6 41656.7 75876.6 18504.3 47818.3 44069.9 64040.7 22946.6 28832.6 79054.6 47559.8 31494.8 18539.3 3677.01 48262.9 5969.78 2334.56
internal_count=1509000 914642 594358 489509 295603 193906 347536 425133 335180 249971 15989 66400 246822 110804 149255 83102 62679 208419 196294 185925 110031 110849 183571 101446 82125 52435 14149 92328 18476 4679
cat_boundaries=0 1 2 3 4 5 6 7 8
cat_threshold=378272 65536 17440 377216 32768 328064 1056 263456
is_linear=0
shrinkage=0.03


Tree=5
num_leaves=31
num_cat=8
split_feature=73 114 102 100 59 114 114 114 114 98 53 52 114 100 32 73 114 35 72 51 35 35 98 23 124 113 55 55 114 98
split_gain=806413 212710 89728.7 50859.4 26136.8 25863.8 25173.7 21098.2 15128.9 14979.5 14369.2 13794.3 14072.5 11425.9 10478 10411.3 7243.25 6579.55 5643.33 8297.39 4900.12 4634.98 4566.17 4523.06 4351.61 5033.71 3975.82 5039.11 3703.3 3699.57
threshold=0.044430734589695937 0 5.5000000000000009 398.44479370117193 1.0000000180025095e-35 1 2 3 4 335.11389160156256 161.50000000000003 1140.5000000000002 5 -179.04856872558591 1.0000000180025095e-35 0.18893263489007953 6 7.5000000000000009 1775.5000000000002 1042.5000000000002 2.5000000000000004 1.5000000000000002 809.56234741210949 2.5000000000000004 9.5000000000000018 -0.93301269412040699 8.5000000000000018 0.095000002533197417 7 515.03823852539074
decision_type=2 9 2 8 2 9 9 9 9 8 2 2 9 10 2 2 9 2 2 2 2 2 10 2 2 2 8 10 9 10
left_child=1 3 5 6 23 9 22 18 -6 15 14 16 13 24 -3 20 -8 -9 19 -5 -2 -20 -1 -4 25 -13 27 -12 -23 -11
right_child=2 10 4 7 8 -7 11 17 -10 29 26 12 -14 -15 -16 -17 -18 -19 21 -21 -22 28 -24 -25 -26 -27 -28 -29 -30 -31
leaf_value=0.013152470169012737 0.046123608883318179 0.096790771643633422 0.048376384893224607 -0.0030563547990177966 0.057319318849988525 -0.0059771712659125184 -0.0051032290224449807 0.0054765032410170117 0.099229776535454089 0.036919856854983224 -0.025908200442395123 0.10860461504108437 0.014464968163448428 0.02722357903808888 -0.0055898243191363911 0.10733297910248193 0.02158641502803553 0.089044007750482768 -0.022371048599036266 0.10846680878850312 0.073538352461326839 0.040655978421306992 -0.015685171888670097 0.079854398503309568 0.087559177542206421 0.049210315855367961 -0.031270135115808353 0.0032494168860817936 -0.016840700594984815 0.020067856856077423
leaf_weight=6836.2335254251957 32858.631161861122 1271.164192058146 20846.784501835704 4114.2442774623632 9674.0428304672241 11248.77459718287 12589.237358622253 51118.285849355161 42514.380303479731 36797.922540225089 33290.923420377076 1408.3142294660211 17104.59718734026 14466.848394282162 3018.0925657078624 3196.2372278645635 33466.731317870319 852.30721189826727 63763.352277986705 692.91419245302677 7184.5490316301584 1923.956934414804 17762.87300581485 5152.8164763376117 4669.2084451019764 14578.376818917692 352889.40115509182 6349.5385893508792 2079.0579777136445 17270.111133925617
leaf_count=16560 100171 6380 64737 6619 33080 18771 17781 99030 198629 102270 107922 7008 36556 34708 6966 15801 76798 3938 62120 3523 28327 5891 27719 21138 20047 44912 283118 16721 2319 40241
internal_value=-0.000137645 -0.0160488 0.054752 0.00578176 0.079255 0.037098 0.0194743 -0.00772811 0.0915034 0.0420739 -0.02966 0.0262653 0.0368216 0.0476842 0.0249063 0.0552431 0.0142949 0.00686254 -0.0181746 0.0132106 0.0510595 -0.0204052 -0.00766582 0.0546433 0.0620172 0.0545072 -0.0302576 -0.0212381 0.0108855 0.0315418
internal_weight=830990 644246 186744 247427 78188 108556 122882 124544 52188.4 97307.5 396819 98283.3 52227.3 35122.7 4289.26 43239.4 46056 51970.6 72573.5 4807.16 40043.2 67766.4 24599.1 25999.6 20655.9 15986.7 392530 39640.5 4003.01 54068
internal_count=1509801 886636 623165 465529 317584 305581 282089 183440 231709 286810 421107 237810 143231 106675 13346 144299 94579 102968 80472 10142 128498 70330 44279 85875 71967 51920 407761 124643 8210 142511
cat_boundaries=0 1 2 3 4 5 6 7 8
cat_threshold=378272 377216 65536 17440 49216 263456 1056 16384
is_linear=0
shrinkage=0.03


Tree=6
num_leaves=31
num_cat=7
split_feature=114 101 53 114 114 51 101 114 97 51 97 115 55 99 114 114 99 71 35 99 101 127 99 53 29 53 55 124 53 114
split_gain=714000 217100 48801.3 28320.2 27046.1 26723.4 26121.3 13310 12495.8 11077.4 11323.4 10957.4 9615.98 9025.91 11621.3 9012.33 8090.1 7371.6 7208.84 7131.58 7011.66 6524.38 5677.18 4838.85 4678.2 5400.01 4433.93 4428.54 5052.39 4379.61
threshold=0 1.5000000000000002 3143.5000000000005 1 2 1016.5000000000001 2.5000000000000004 3 1173.5000000000002 987.50000000000011 7838.0000000000009 1.0000000180025095e-35 4.5000000000000009 0.56794193387031566 4 5 1.0852783322334292 23.500000000000004 11.500000000000002 0.88429063558578502 3.5000000000000004 3.5000000000000004 0.9035668969154359 274.50000000000006 1.0000000180025095e-35 347.50000000000006 0.13499999791383746 1.5000000000000002 1630.5000000000002 6
decision_type=9 2 2 9 9 2 2 9 10 2 10 2 8 10 9 9 8 2 2 8 2 2 8 2 2 2 10 2 2 9
left_child=1 2 4 9 5 19 7 13 18 10 26 -11 -5 -3 24 -4 -7 -9 -6 -1 29 22 -13 -14 25 -15 -2 -18 -29 -8
right_child=3 6 15 12 8 16 20 17 -10 11 -12 21 23 14 -16 -17 27 -19 -20 -21 -22 -23 -24 -25 -26 -27 -28 28 -30 -31
leaf_value=-0.01019778803973828 -0.018606849145541379 0.044830671496897144 0.058854318256936697 0.02984852360138749 0.030607017124893342 0.018544460599759515 0.079301271243180982 0.00056118746235726022 0.01215662356189849 -0.024071755598881681 0.13369542438527765 -0.0046683504830051003 0.00094063999366925783 0.1112953957099088 0.05246225123706038 -0.022948827729516837 0.03698388941573294 0.040546607502652064 0.097831562656240212 0.0095493439012483295 0.092158292050193519 0.087379100548329106 0.037542906628745161 -0.031275727812576558 0.03918734583279139 0.040652142483171304 0.078451375014452915 0.066318325664643685 0.14582656876344899 0.058720794571708104
leaf_weight=42930.806905671954 64068.652169302106 24679.360537528992 1241.1654396504164 2355.055898912251 109868.23744246364 6806.1210696995258 20110.389747641981 6025.9614338800311 41258.970510706306 6050.863889425993 436.25087194889784 5448.6416424512863 4247.3540807291865 7891.5751620307565 13695.549093037844 32353.925479054451 3239.5095922201872 13317.965273879468 1446.9215239286423 26680.734997220337 18246.509727947414 1336.0561291798949 6038.9394049718976 342953.5026993826 1206.9546564519405 1128.2058093324304 416.77692864090204 3394.256708458066 919.8048737347126 18507.528745085001
leaf_count=61101 159449 75327 4706 6148 281903 14563 81187 9619 82769 5136 2563 7813 8424 39787 44304 39045 8739 38714 6934 57687 81428 5767 16378 277197 3330 3177 3336 12293 5674 64015
internal_value=-0.000125366 0.0290498 0.013931 -0.0267153 0.0187363 0.00505902 0.0617718 0.049202 0.026261 -0.0110459 -0.0169279 0.00917861 -0.0304707 0.0575825 0.0707378 -0.0198993 0.0423068 0.0280827 0.0314895 -0.00262882 0.0767798 0.0248744 0.0175352 -0.0308816 0.094993 0.102514 -0.0179675 0.0636649 0.0835684 0.0694916
internal_weight=828303 394950 270140 433352 236545 83971.2 124810 67945.6 152574 83796.2 64921.7 18874.5 349556 48601.6 23922.3 33595.1 14359.7 19343.9 111315 69611.5 56864.4 12823.6 11487.6 347201 10226.7 9019.78 64485.4 7553.57 4314.06 38617.9
internal_count=1508513 1016302 575414 492211 531663 160057 440888 214258 371606 200442 165348 35094 291769 165925 90598 43751 41269 48333 288837 118788 226630 29958 24191 285621 46294 42964 162785 26706 17967 145202
cat_boundaries=0 1 2 3 4 5 6 7
cat_threshold=378240 36 66560 360576 128 296192 263296
is_linear=0
shrinkage=0.03


Tree=7
num_leaves=31
num_cat=0
split_feature=102 52 102 100 98 103 115 103 106 98 55 52 51 51 58 55 103 128 103 43 97 55 72 51 72 112 43 103 35 52
split_gain=648193 196035 78022.8 49175 24482.5 22065.4 15317.9 14774.6 13534.2 12954.9 9475.64 8663.56 9589.23 8204.27 7752.28 6909.54 6417.15 7392.65 5840.47 5479.08 5282.27 5254.27 5057.81 10088.6 4808.66 5951.03 4527.13 4315.88 4269.27 3994.8
threshold=2.5000000000000004 2588.5000000000005 5.5000000000000009 378.40312194824224 515.03823852539074 1.0000000180025095e-35 1.0000000180025095e-35 1.5000000000000002 0.00052439089631661784 118.40934371948244 3.5000000000000004 95.500000000000014 1099.5000000000002 1310.5000000000002 1.5000000000000002 0.064999999478459372 1.0000000180025095e-35 8.5000000000000018 1.0000000180025095e-35 1.0000000180025095e-35 7838.0000000000009 1.5000000000000002 1775.5000000000002 1042.5000000000002 275.50000000000006 0.68301269412040722 3.5000000000000004 2.5000000000000004 7.5000000000000009 353.50000000000006
decision_type=2 2 2 8 10 2 2 2 2 10 8 2 2 2 2 8 2 2 2 2 8 8 2 2 2 2 2 2 2 2
left_child=1 3 4 5 14 11 8 24 15 -4 -9 -1 21 26 27 -5 22 -18 29 -20 28 -13 23 -8 25 -3 -7 -2 -10 -11
right_child=2 7 9 6 -6 13 16 10 20 18 -12 12 -14 -15 -16 -17 17 -19 19 -21 -22 -23 -24 -25 -26 -27 -28 -29 -30 -31
leaf_value=0.068539787955181397 0.033904113918447193 -0.014440596905657535 0.086400739752532346 -0.028810539402027886 0.01060487546809654 0.035945597686310025 -0.0073944911501784526 0.13998977317336334 0.017861540266333076 0.054787819853941724 0.0080141933883070057 -0.030749776394231487 0.026813796997688096 0.062859724630462688 0.065421197577385501 0.0041419949289352928 0.022599386641691914 -0.021065614987479463 0.087546676707133272 0.061035725817275413 0.075936872644437631 0.005358117159427132 -0.021497834425881324 0.10393955568005281 -0.030026610225551465 0.07617438075698342 0.0039704851542800654 0.057613092443349834 0.083026498388209885 0.020835068870364713
leaf_weight=2248.6139508634806 62461.394982211292 4008.7917751371861 25154.438886851072 7429.8612129166722 37525.367994606495 21944.718948841095 8356.7040358036757 662.98832430690527 9072.3608743026853 22942.167765319347 1802.0086865350604 3858.5109785497189 20402.392787136137 9299.0322648957372 9510.2317163795233 24864.239095255733 7995.2558917328715 6176.4990892633796 10127.070689938962 23510.558074764907 2171.4084583893418 58112.091425068676 63576.317567944527 792.81266741454601 364094.83709300309 768.6642549932003 4872.157760553062 7789.5755842998624 996.67526161670685 3628.4829919114709
leaf_count=8923 168138 7006 107674 19085 77132 58961 11935 4873 22119 75659 4193 14110 48392 32588 35123 47992 19063 6182 43474 82232 8879 110590 64192 3879 371668 3325 11963 26329 4595 8117
internal_value=-0.000133483 -0.0152829 0.0464764 0.00512995 0.0305915 0.0189514 -0.0075673 -0.0291447 0.00673792 0.0682958 0.0439327 0.0105706 0.00898004 0.0385796 0.0399921 -0.00344592 -0.0148986 0.00356736 0.0607186 0.0690409 0.0335869 0.00310531 -0.018497 0.00235563 -0.0296343 0.000267473 0.0301399 0.0365408 0.0243878 0.0501608
internal_weight=826156 623507 202649 252170 117287 120738 131432 371337 44534.5 85362.7 2465 84621.6 82373 36115.9 79761.2 32294.1 86897.6 14171.8 60208.3 33637.6 12240.4 61970.6 72725.8 9149.52 368872 4777.46 26816.9 70251 10069 26570.7
internal_count=1508391 884513 623878 493448 306722 285527 207921 391065 102670 317156 9066 182015 173092 103512 229590 67077 105251 25245 209482 125706 35593 124700 80006 15814 381999 10331 70924 194467 26714 83776
is_linear=0
shrinkage=0.03


Tree=8
num_leaves=31
num_cat=7
split_feature=114 67 103 64 52 51 114 64 53 52 103 114 99 97 114 103 99 114 59 124 114 97 99 114 52 52 69 52 131 52
split_gain=636097 190426 38259 33608.2 32328.1 21086.3 20506.9 13549.5 13118.7 11865.2 8755.01 8540 8167.74 8122.77 7981.79 10297.4 9280.37 7618.66 9747.79 7541.24 6181.93 5124.92 4558.48 8189.61 5381.92 4190.38 3985.22 3728.75 4087.09 3696.17
threshold=0 6.5000000000000009 1.0000000180025095e-35 2.5000000000000004 3152.5000000000005 1016.5000000000001 1 6.5000000000000009 2579.5000000000005 1338.5000000000002 1.0000000180025095e-35 2 1.0852783322334292 1173.5000000000002 3 1.5000000000000002 0.59469518065452587 4 1.0000000180025095e-35 1.5000000000000002 5 2397.5000000000005 0.82012441754341137 6 131.50000000000003 2326.5000000000005 137.50000000000003 89.500000000000014 3.5000000000000004 6085.5000000000009
decision_type=9 2 2 2 2 2 9 2 2 2 2 9 8 10 9 2 10 9 2 2 9 10 10 9 2 2 2 2 2 2
left_child=1 4 8 10 5 6 9 17 22 -1 -3 -6 -7 20 15 16 -4 18 -5 -14 -8 -18 24 25 -2 -24 -12 -19 -29 -17
right_child=2 3 14 7 11 12 13 -9 -10 -11 26 -13 19 -15 -16 29 21 27 -20 -21 -22 -23 23 -25 -26 -27 -28 28 -30 -31
leaf_value=-0.014481553168805601 0.0060242080450828815 0.026637885486453874 -0.021259048314228021 0.042595796829031744 0.056026607766755811 0.013297537016728514 0.010289459744616971 0.082398560921491643 -0.030873051428420346 0.062530017416716488 0.049136451177655124 -0.022338634717337134 0.032015757648126419 0.0036007986258256791 -0.015245757277244764 0.06418073823654169 0.030504945521507766 0.057938753772796954 0.075716149468593119 0.067954022521073229 0.02631956490169951 0.1308719369212348 0.012594824120256535 -0.019894939812625561 -0.024815215009722134 0.099824203148582327 -0.012871354299163194 0.069249346713601903 0.033602335234538497 0.1519582736287825
leaf_weight=35861.000972956419 5679.0622907578945 44741.52861841768 3698.9246623367071 11670.189877726138 1286.2915531545877 10705.33698708564 37342.665786541998 22155.36997282505 321547.24071168154 1885.9156279116869 30742.665777109563 30911.49431695044 14507.046428106725 42007.523953795433 4917.3946679979563 1818.2169282138348 5980.393047593534 15076.446186453104 25752.408558748662 8265.1911849677563 51725.50332210958 487.47104742377996 7693.1155282258987 13217.891430512071 49043.580356687307 520.22705720365047 958.18756031990051 3387.3030436187983 20111.965727820992 571.61795175820589
leaf_count=41323 12720 109503 4434 33743 4746 21036 79825 92496 327123 6617 96043 39045 36720 77680 7401 8334 17406 52137 101163 30298 127073 2824 14852 29523 60726 2458 1557 12796 52826 4048
internal_value=-0.000151809 0.0263968 -0.0263116 0.0501171 0.00873555 0.0131794 0.00886524 0.0617341 -0.0282212 -0.0106155 0.0351945 -0.0191811 0.0349262 0.0144754 0.0171263 0.0297943 0.0166058 0.0556999 0.0653843 0.0450837 0.0196048 0.0382598 -0.0170215 -0.00528972 -0.0216142 0.0182124 0.0472587 0.0462615 0.0387679 0.0857217
internal_weight=824269 409094 415175 174596 234498 202300 168823 98153.7 397701 37746.9 76442.4 32197.8 33477.6 131076 17474 12556.6 10166.8 75998.3 37422.6 22772.2 89068.2 6467.86 76153.9 21431.2 54722.6 8213.34 31700.9 38575.7 23499.3 2389.83
internal_count=1508476 1016627 491849 552264 464363 420572 332518 345161 447402 47940 207103 43791 88054 284578 44447 37046 24664 252665 134906 67018 206898 20230 120279 46833 73446 17310 97600 117759 65622 12382
cat_boundaries=0 1 2 3 4 5 6 7
cat_threshold=378240 1024 296192 36 262272 65792 32
is_linear=0
shrinkage=0.03


Tree=9
num_leaves=31
num_cat=9
split_feature=114 98 73 114 53 51 114 57 51 114 57 98 53 114 100 98 96 114 100 49 26 114 53 54 32 98 113 98 74 74
split_gain=602958 195820 33924.4 28030.8 25895.1 20862.2 16915.7 13614.2 9705.73 9227.53 8294.18 7960.51 7848.74 7552.34 7382.61 7283.73 7134.56 6395 6306.98 5029.04 4976.39 4536.51 10100.1 4194.86 4066.15 3910.19 3532.61 3427.35 3254.83 3239.08
threshold=0 515.03823852539074 0.12187898531556131 1 3143.5000000000005 1016.5000000000001 2 3 1001.5000000000001 4 5 4093.7895507812505 234.50000000000003 6 -179.04856872558591 122.85348510742189 0.049999998882412917 7 -202.97760772705075 1.0622358322143557 2.5000000000000004 8 1153.5000000000002 3348.5000000000005 4.5000000000000009 1470.8933715820315 0.68301269412040722 1595.816101074219 0.16250202059745791 0.16250202059745791
decision_type=9 8 2 9 2 2 9 9 2 9 9 10 2 9 10 10 10 9 10 10 2 9 2 2 2 8 2 10 2 2
left_child=1 2 7 8 5 6 20 19 10 18 -2 16 -5 -6 17 -4 28 25 -10 -1 -3 23 -23 -8 -9 -7 -25 -16 -12 -24
right_child=3 4 15 12 13 14 21 24 9 -11 11 -13 -14 -15 27 -17 -18 -19 -20 -21 -22 22 29 26 -26 -27 -28 -29 -30 -31
leaf_value=0.070531307740271457 0.078293516866836707 0.01482062201267062 0.07459871380436614 0.0094565655344887641 0.052334382048616096 0.048466849659652936 0.00085770498338251684 0.031951566186797675 0.054038838193195729 -0.023526931293338871 -0.021305091243464663 0.09501059499866768 -0.030564928470244258 -0.022346176781723504 0.024706339089051902 0.054701738535954329 0.10661003240541819 0.0092601296044992256 0.0087352499079608441 0.040518833919265508 0.05185607366373874 -0.015884042825322242 0.027691080341039443 0.024900938172822042 0.053340405758638174 0.1020811598593391 0.12249764648373028 -0.0098416537487656143 0.0031580817936008852 0.11604513265719944
leaf_weight=14024.381678767502 809.30415040254593 66814.967530258 32975.288527809083 4467.29527823627 1252.3156363666058 13476.577076867223 48050.19196703285 97637.094179883599 3940.472576610744 5630.0115268602967 55307.635878615081 553.3716229274869 321482.56147185713 30096.192474976182 9007.9254720062017 33667.058735020459 399.00753524154425 3721.3360469341278 9238.4246397987008 7913.8578758761287 3425.2681676372886 34001.62689691782 2796.2365229800344 1866.690721578896 8732.5435057356954 1348.5131514072418 398.79778921604156 3616.1328777074814 5367.4628194868565 423.42374113947153
leaf_count=52899 3360 140811 129542 9905 4456 40996 89523 254569 12709 5006 132731 2749 282127 38393 20801 110427 3167 6781 16909 22438 11597 37987 6724 4369 28816 6445 2208 4526 23585 2236
internal_value=-0.000146052 0.02529 0.0471896 -0.026085 0.00591001 0.0100997 0.00566788 0.0381649 -0.0103139 0.00857323 -0.0160057 -0.0172665 -0.0300152 -0.0193375 0.0325232 0.0645567 -0.018302 0.0445655 0.0222948 0.059701 0.0166314 -0.00313177 -0.0110694 0.00274218 0.0337092 0.0533732 0.0425439 0.0148102 -0.0191409 0.039634
internal_weight=822442 415246 194950 407196 220296 188948 157777 128308 81245.7 18808.9 62436.8 61627.5 325950 31348.5 31170.5 66642.3 61074.1 18546.4 13178.9 21938.2 70240.2 87537 37221.3 50315.7 106370 14825.1 2265.49 12624.1 60675.1 3219.66
internal_count=1508792 1016544 598691 492248 417853 375004 295455 358722 200216 34624 165592 162232 292032 42849 79549 239969 159483 54222 29618 75337 152408 143047 46947 96100 283385 47441 6577 25327 156316 8960
cat_boundaries=0 1 2 3 4 5 6 7 8 9
cat_threshold=378240 36 49536 25264130 32 524480 296192 263424 327680
is_linear=0
shrinkage=0.03


Tree=10
num_leaves=31
num_cat=5
split_feature=73 53 103 65 100 59 103 57 100 57 57 57 57 93 23 106 103 116 53 103 103 71 116 96 106 121 53 97 97 73
split_gain=542583 173601 47203.2 46607.6 20336.9 19033.1 12354.6 10278.1 8662.95 8290.9 8267.18 8008.15 6059.71 5726.85 5667.18 5310.65 4792.65 4638.35 4529.84 4291.2 4105.49 4039.36 3923.07 3867.58 4421.2 3822.54 3811.12 4473.09 3835.18 3645.27
threshold=0.044430734589695937 2884.5000000000005 1.0000000180025095e-35 6.5000000000000009 246.31678771972659 1.0000000180025095e-35 1.5000000000000002 0 480.97912597656256 1 2 3 4 8739.5000000000018 3.5000000000000004 0.0016033876454457643 1.5000000000000002 130.50000000000003 1413.5000000000002 2.5000000000000004 1.0000000180025095e-35 4.5000000000000009 149.50000000000003 1.5000000000000002 0.29836145043373113 1.0000000180025095e-35 1273.5000000000002 1827.5000000000002 1451.0000000000002 0.18893263489007953
decision_type=2 2 2 2 8 2 2 9 10 9 9 9 9 2 2 2 2 8 2 2 2 2 8 8 2 2 2 10 10 2
left_child=1 2 4 12 9 14 -3 -6 11 -1 17 -4 -2 -8 20 -9 18 -7 -10 25 -5 -20 -19 24 -24 -14 -13 28 -28 -25
right_child=3 6 8 5 7 10 13 15 16 -11 -12 26 19 -15 -16 -17 -18 22 21 -21 -22 -23 23 29 -26 -27 27 -29 -30 -31
leaf_value=-0.0099308071449745339 0.034495624257264067 -0.029387527982745527 0.011151050355996239 0.02483205556175198 0.011780262143132608 0.047615998215362554 0.10628191626071627 -0.017945061914214945 0.00034764398964699095 0.013543700972600672 0.042607595846915272 0.030598528906082372 0.035058381749059314 0.0066329966803914319 0.065087011226058464 0.0015877645085800318 0.032437810296449869 0.090635197725646807 0.15300118474769275 0.045528304504178635 0.043893201776928806 -0.0064452492689324441 0.10101850766186728 0.055021939642710183 0.058845311330601835 0.012754955846460444 0.050973901442965645 0.020905538373877101 0.092994017947380062 0.075806866938428585
leaf_weight=17669.046003259718 35136.998921319842 337919.31678535789 11600.501542672515 21718.12438121438 14474.918459348381 9276.9756357371807 768.40142402052879 89062.047280460596 18319.475995235145 57789.155520252883 15735.60554074496 17494.881246320903 8173.3648334369063 1562.2842672914267 5974.7084513306618 14575.822817571461 6729.7077070921659 7698.7736159414053 326.01920431852341 4899.286806575954 19218.963006846607 247.57565279304981 5685.8808830231428 21670.055897250772 3783.74033819139 44864.581354647875 9418.984421543777 3438.9805115386844 2488.4604391679168 11893.124156609178
leaf_count=42654 95284 371438 25957 51406 33547 28433 4567 114342 31682 117790 46183 44117 22153 3608 21751 26461 19125 34197 2142 14710 56691 545 27165 71746 12941 91719 29801 7517 11121 47415
internal_value=-0.000164992 -0.0147541 0.00351919 0.0406725 -0.00411821 0.0528195 -0.0289124 -0.0118901 0.024617 0.00804688 0.0621227 0.0326259 0.0246609 0.0397999 0.0377884 -0.0151966 0.0107185 0.0672138 0.00296901 0.0186824 0.0337893 0.0852495 0.0708007 0.0672319 0.0842474 0.016198 0.0401901 0.0511237 0.0598261 0.0624075
internal_weight=819616 603886 263636 215730 193571 122656 340250 118113 70064.6 75458.2 75744.2 44441.8 93074.2 2330.69 46911.8 103638 25622.8 60008.6 18893.1 57937.2 40937.1 573.595 50731.6 43032.8 9469.62 53037.9 32841.3 15346.4 11907.4 33563.2
internal_count=1508208 886414 506801 621794 334794 397928 379613 174350 172007 160444 268080 118513 223866 8175 129848 140803 53494 221897 34369 128582 108097 2687 193464 159267 40106 113872 92556 48439 40922 119161
cat_boundaries=0 2 4 6 7 9
cat_threshold=570527832 1 536875393 1 562208785 1 536875217 16884824 1
is_linear=0
shrinkage=0.03


Tree=11
num_leaves=31
num_cat=7
split_feature=114 65 53 114 59 114 51 114 78 51 114 128 97 114 35 97 23 99 114 53 60 99 97 97 53 99 53 53 124 131
split_gain=541495 147213 31592.6 27644.8 17092.4 16063.5 19774.4 10768.1 9104.79 8572.54 8444.3 9510.72 8288.31 7509.98 7155.52 6486.98 5582.66 5563.86 5157.31 9882.93 5031.26 4082.94 4308.68 3818.31 3783.8 5941.34 3712.51 3621.36 3583.38 3413
threshold=0 5.5000000000000009 3143.5000000000005 1 1.0000000180025095e-35 2 972.50000000000011 3 7.5166666507720956 1029.5000000000002 4 5.5000000000000009 7838.0000000000009 5 4.5000000000000009 1173.5000000000002 4.5000000000000009 1.0852783322334292 6 1153.5000000000002 1.5000000000000002 0.85635808110237133 2202.0000000000005 333.50000000000006 8116.5000000000009 3.0069112777709965 8456.5000000000018 441.50000000000006 1.5000000000000002 748.50000000000011
decision_type=9 2 2 9 2 9 2 9 8 2 9 2 10 9 2 10 2 8 9 2 2 8 8 10 2 10 2 2 2 2
left_child=1 2 5 9 16 6 18 -6 -5 12 11 21 24 -4 15 -7 -3 -8 27 -20 -9 -11 -23 -22 -2 29 -27 -1 -19 -26
right_child=3 4 13 8 7 14 17 20 -10 10 -12 -13 -14 -15 -16 -17 -18 28 19 -21 23 22 -24 -25 25 26 -28 -29 -30 -31
leaf_value=0.01839359055656669 -0.018568594338590132 0.032610651317750636 0.049168602438748397 0.023824051430141425 0.037410854939930377 0.022162470474868644 0.014578469588307389 0.027546332502824854 -0.030200131240213254 -0.017056259470741904 -0.023376680284895264 0.067859227530605179 0.10342290820186212 -0.021477755587993971 0.050851887294228938 0.0083400316225180487 0.066163128943556554 0.026695335725186672 -0.015796783721382011 0.038295599552197281 0.061984196185640071 0.01126918122813199 0.079837726792776495 0.089631681454700449 0.030117694970402498 0.001527646606590791 0.12140052104773133 -0.0019258379830034559 0.06507179647010812 -0.026962411336303976
leaf_weight=12139.742268592119 55765.671630717814 55338.026037976146 1402.1103131100535 2826.5673102363944 21056.570598907769 112420.96686626226 7986.7142775058746 3585.4174100458622 307340.96961992979 3860.8995812535286 5407.5825303643942 3007.9856849163771 515.05370718985796 29267.223288856447 6363.1728134080768 41985.595922105014 4857.6511007994413 3800.341488853097 33649.303464956582 3332.1657556146383 56796.628505185246 5131.9080694839358 973.85009464621544 4935.7922409772873 1429.2324494570494 380.57878587394953 588.75092510133982 22531.147625498474 5229.6786125600338 2724.5043647736311
leaf_count=30824 135766 143506 4760 7186 58399 256690 16010 8656 284805 4067 4921 11047 2545 39111 20742 78453 17945 8954 37862 9115 201288 9575 3961 21865 5226 1998 3384 44231 18703 17595
internal_value=-0.00010166 0.0232518 0.0105048 -0.0256544 0.0476118 0.0140377 0.00378403 0.0561669 -0.0297061 -0.00990001 0.00806807 0.0211832 -0.0152811 -0.018224 0.0196908 0.0184047 0.0353288 0.0328456 -0.00312091 -0.0109109 0.0621914 0.00706353 0.0223183 0.0642089 -0.016302 0.00835814 0.0748321 0.00519061 0.0489682 -0.00729692
internal_weight=816632 426678 280108 389954 146570 249439 88669.1 86374.4 310168 79786 18382.2 12974.6 61403.8 30669.3 160770 154407 60195.7 17016.7 71652.4 36981.5 65317.8 9966.66 6105.76 61732.4 60888.7 5123.07 969.33 34670.9 9030.02 4153.74
internal_count=1509190 1017114 565455 492076 451659 521584 165699 290208 291991 200085 33571 28650 166514 43871 355885 335143 161451 43667 122032 46977 231809 17603 13536 223153 163969 28203 5382 75055 27657 22821
cat_boundaries=0 1 2 3 4 5 6 7
cat_threshold=378240 36 66560 49152 32 296192 65536
is_linear=0
shrinkage=0.03


Tree=12
num_leaves=31
num_cat=0
split_feature=52 73 98 99 59 51 102 98 53 98 72 23 112 99 73 72 51 98 41 51 113 127 112 69 128 43 113 48 98 64
split_gain=489240 161874 27055.6 26505.2 18060.9 9866.83 9508.74 7078.86 6481.34 6370.05 5484.02 5334.52 5280.67 5119.4 4465.53 4290.5 10016.4 4764.05 4228.8 4049.46 3966.94 3588.61 3316.17 3087.62 2940.4 2862.87 3189.5 2850.21 2637.39 2546.67
threshold=2505.5000000000005 0.066146090626716628 772.28952026367199 0.9035668969154359 1.0000000180025095e-35 1328.5000000000002 6.5000000000000009 3247.622436523438 123.50000000000001 151.63030242919925 284.50000000000006 4.5000000000000009 0.68301269412040722 0.612429440021515 0.19688432663679126 1775.5000000000002 885.50000000000011 1206.7725830078127 5.5000000000000009 1016.5000000000001 1.0000000180025095e-35 7.5000000000000009 -0.93301269412040699 4.5000000000000009 2.5000000000000004 4.5000000000000009 -0.93301269412040699 1.2010472416877749 515.03823852539074 7.5000000000000009
decision_type=2 2 8 10 2 2 2 8 2 10 2 2 2 10 2 2 2 8 2 2 2 2 2 2 2 2 2 8 10 2
left_child=1 2 9 8 11 25 14 -2 18 -1 12 24 -9 15 -6 16 -10 -17 21 28 -14 -4 -7 -8 -3 26 -5 -19 -11 -25
right_child=7 4 3 5 6 22 23 10 13 19 -12 -13 20 -15 -16 17 -18 27 -20 -21 -22 -23 -24 29 -26 -27 -28 -29 -30 -31
leaf_value=-0.012621048617144503 -0.017525669235704391 0.038074224829333037 0.013003478371594185 0.04852387585227242 0.037356732138447209 0.076005180359220187 0.065655455451826578 -0.012135469269520078 -0.0087358824690105825 0.022878492336329818 -0.030473895887756321 0.059147437954253819 0.12138687208773159 0.0013836856848592055 0.071032854153489366 -0.0028514477467896735 0.067660793708235287 0.0028236369984743397 0.046322417606496143 0.036800107866290788 -0.018437083570319306 -0.016234403748201839 0.032760203678913677 0.044616843065331702 0.024489060486433335 -0.007694756543061794 0.010731734335863415 -0.020509799538408671 0.013099577703723326 0.068334560073089759
leaf_weight=5731.851010940969 48430.300054103136 22026.114737071097 12740.241493575275 2178.7527643144131 35791.1243756935 1781.0028417259455 33806.519280701876 3766.965121537447 7540.6265251711011 48380.244615547359 279372.44450026751 5854.3124188557267 512.73077046126127 33206.545163974166 3941.156899407506 23633.241059847176 1931.9120094999671 5122.2680650651455 2442.5541689619422 11315.201649084687 277.02417390048504 5359.5256588235497 15292.586709849536 15505.155521959066 41422.476270534098 7021.1304231435061 24779.060301795602 58425.916825421154 51094.850953124464 5600.6589274853468
leaf_count=15310 107628 61101 29177 6713 98810 6995 124508 7290 11006 114197 276875 20457 2955 59580 15096 37884 7158 12497 7998 30246 370 6366 38946 46620 97557 17238 46572 72888 107911 21387
internal_value=-0.000131915 0.0191791 0.00669402 3.85476e-05 0.0433921 0.0187138 0.0519146 -0.0281328 -0.00630138 0.0181997 -0.0299414 0.0317475 0.00269899 -0.00877831 0.0407142 -0.0122694 0.00690004 -0.0143527 0.00935343 0.0197952 0.0727232 0.00434166 0.0373131 0.0600098 0.0292104 0.00935991 0.013803 -0.0186289 0.0178574 0.05094
internal_weight=814284 481925 317978 201455 163948 51052.5 94644.6 332359 150403 116522 283929 69302.9 4556.72 129861 39732.3 96654 9472.54 87181.4 20542.3 110790 789.755 18099.8 17073.6 54912.3 63448.6 33978.9 26957.8 63548.2 99475.1 21105.8
internal_count=1509336 1114218 628682 361018 485536 116464 306421 395118 244554 267664 287490 179115 10615 201013 113906 141433 18164 123269 43541 252354 3325 35543 45941 192515 158658 70523 53285 85385 222108 68007
is_linear=0
shrinkage=0.03


Tree=13
num_leaves=31
num_cat=8
split_feature=114 98 114 73 52 51 114 57 55 51 47 115 128 57 114 124 59 64 98 114 52 128 114 99 99 52 52 54 74 99
split_gain=486581 132776 27066.8 23031.1 20038.5 15570.8 12862.7 9697.04 9615.85 8095.92 8375.62 7538.26 9011.35 7463.19 7378.47 7072.91 6034.63 5861.56 5242.89 4144.06 4589.94 3961.93 3917.04 3887.85 3659.98 3627.16 3612.32 3775.84 3576.36 3448.92
threshold=0 515.03823852539074 1 0.1272871941328049 3152.5000000000005 1029.5000000000002 2 3 7.5000000000000009 1001.5000000000001 0.16499999910593036 1.0000000180025095e-35 6.5000000000000009 4 5 4.5000000000000009 1.0000000180025095e-35 1.5000000000000002 124.98293685913087 6 872.50000000000011 8.5000000000000018 7 0.9411408305168153 2.6992983818054204 273.50000000000006 1275.5000000000002 1080.5000000000002 0.16250202059745791 0.80197054147720348
decision_type=9 8 9 2 2 2 9 9 8 2 10 2 2 9 9 2 2 2 10 9 2 2 9 8 8 2 2 2 2 8
left_child=1 3 9 7 5 6 21 16 -4 10 13 -11 23 28 -6 29 -1 -12 -5 20 -8 -3 -23 -13 -17 -10 27 -21 -2 -7
right_child=2 4 8 18 14 15 19 -9 25 11 17 12 -14 -15 -16 24 -18 -19 -20 26 -22 22 -24 -25 -26 -27 -28 -29 -30 -31
leaf_value=0.031566112290953276 -0.021293239214053499 0.00018719580573146923 0.011778395121641921 0.060984619125481719 0.052184700318949673 -0.013215779529210202 0.026770984992855063 0.028072976160212208 -0.001276104477495259 -0.022732347072961089 0.068360506875587104 -0.011191738629756866 0.065427278906560346 0.06686245736895266 -0.021273515585269961 0.044021269790784981 0.059328136566272345 -0.025826400793357369 0.043587813637862668 -0.0017418144077078147 0.0016435444241719812 0.0029291355097753728 -0.023252293990973578 0.024645528039325088 0.12101312418762951 -0.030496663195887432 0.039854076655527843 0.013488136742636074 0.0049876562957773983 0.022639455080145591
leaf_weight=12357.142761707306 51048.86295838654 41949.026918455958 5012.6184640899301 35776.205726094544 1269.4610628932714 2740.8215265497565 25218.898310892284 120746.54657317698 3875.6499151214957 5402.203180231154 1767.9414936080575 5544.5222011581063 2951.2122651189566 909.76983962208033 27850.396746575832 9329.7162608206272 16528.998260952532 886.98443718254566 27914.335265755653 30450.758792281151 8835.2676736041903 7470.2629070356488 16493.189032375813 5338.5410324856639 585.36102209985256 287666.90217986703 2895.9128041416407 28222.172168709338 5124.5088132619858 19911.617671273649
leaf_count=31244 127703 75782 10613 127242 4488 3173 64095 299210 7530 5116 8839 6798 10606 3415 38305 27175 57402 2667 82503 45933 16142 16484 14963 12201 3167 274218 8120 55849 23015 44321
internal_value=-0.000205226 0.0213324 -0.0252421 0.0382568 0.00515857 0.00864019 0.00482415 0.0318217 -0.0293989 -0.00962969 -0.015081 0.00729301 0.0190257 -0.0175053 -0.0180437 0.0275605 0.0474505 0.0369148 0.053368 0.0118513 0.0202482 -0.00537178 -0.0151013 0.00639424 0.048684 -0.0301083 0.00720187 0.00558497 -0.0188919 0.0182973
internal_weight=812076 436546 375530 213323 223223 194103 161535 149633 296555 78974.5 59738.1 19236.5 13834.3 57083.1 29119.9 32567.5 28886.1 2654.93 63690.5 95623 34054.2 65912.5 23963.5 10883.1 9915.08 291543 61568.8 58672.9 56173.4 22652.4
internal_count=1508319 1015598 492721 597601 417997 375204 297368 387856 292361 200360 165639 34721 29605 154133 42793 77836 88646 11506 209745 190139 80237 107229 31447 18999 30342 281748 109902 101782 150718 47494
cat_boundaries=0 1 2 3 4 5 6 7 8
cat_threshold=378240 36 66560 25198594 204801 296192 49152 65536
is_linear=0
shrinkage=0.03


Tree=14
num_leaves=31
num_cat=9
split_feature=114 98 103 103 98 59 65 114 114 65 99 114 57 114 65 103 114 35 116 51 103 73 106 99 114 97 128 97 114 116
split_gain=461613 120003 34735.3 27974.3 15407.1 12613.9 11208 9076.69 9041.4 7244.88 9439.48 8116.9 5724.14 5526.51 7577.38 5417.35 4687.2 4677.98 4604.22 4236.3 4701.85 3700.5 3691.55 4454.74 3879.32 3841 3708.91 3511.1 4175.5 3442.32
threshold=0 335.11389160156256 1.0000000180025095e-35 1.0000000180025095e-35 749.04144287109386 1.0000000180025095e-35 1.0000000180025095e-35 1 2 1.0000000180025095e-35 1.06332004070282 3 4 5 1.5000000000000002 1.5000000000000002 6 1.5000000000000002 124.50000000000001 1310.5000000000002 1.5000000000000002 0.14436650276184085 0.00052439089631661784 0.72788283228874218 7 506.50000000000006 7.5000000000000009 873.50000000000011 8 149.50000000000003
decision_type=9 8 2 2 8 2 2 9 9 2 8 9 9 9 2 2 9 2 8 2 2 2 2 10 9 10 2 8 9 8
left_child=1 5 6 4 -3 17 7 -2 18 11 16 -6 -5 14 15 -4 -11 -1 -7 20 -14 -10 23 -8 -24 -25 -27 28 -12 -20
right_child=2 3 13 12 9 8 22 -9 21 10 27 -13 19 -15 -16 -17 -18 -19 29 -21 -22 -23 24 25 -26 26 -28 -29 -30 -31
leaf_value=0.026743189221698566 0.045094644475103397 0.013567052925810681 0.028187475581422771 0.0024143940868868929 0.043130965712804399 0.036760519758752157 -0.024440832511310233 -0.03009816276886516 0.027406365476546447 0.007729023872279429 0.036723419852473564 -0.020649644739458475 0.016903705656908158 -0.013134699188661772 -0.010320416476179014 0.083826510777536931 -0.010291628705067831 0.044495713524575035 0.07656436733711669 0.04578869212362343 0.032921420670318752 0.049903856567014668 0.022367872674283622 -0.020966457112397953 -0.021456524893744472 -0.0040724031444419719 0.038627502949717778 0.022540405166688295 -0.016468211759759727 0.055459181691818481
leaf_weight=49375.562931858003 1436.9954393878579 70908.453518435359 7496.6954484134912 10941.894972883165 1898.3351170197129 10157.452854782343 38189.543316677213 282384.76821787655 19607.561522737145 17477.242307379842 1777.6568501517177 28601.00415917486 42217.147840112448 4394.7960258945823 3766.5483777374029 1991.3882337957621 50454.909020379186 18362.453898347914 8410.0618454217911 8356.9617377072573 27110.809469878674 9946.0567649751902 4311.7868423089385 9182.7727465778589 3113.1894385069609 8038.6712353602052 2360.1126524880528 18569.315894581378 5067.052737377584 42693.657569259405
leaf_count=118948 4270 145117 20164 22414 5910 27897 51727 335138 48628 38062 4783 39557 89928 7296 7278 9630 64199 55143 34316 24770 70975 32132 12866 19988 3141 12293 8256 43440 6283 144035
internal_value=-0.000177246 0.020469 -0.0250614 0.00877553 0.00241664 0.0413682 -0.0271385 -0.0297154 0.0486788 -0.00396817 0.000179895 -0.0166596 0.0227471 0.0159915 0.025642 0.0399411 -0.00565529 0.0315614 0.0552657 0.0256067 0.0231713 0.0349802 -0.0159177 -0.0184765 0.00398999 -0.00683793 0.00564659 0.0157735 -0.00259071 0.0589467
internal_weight=808601 441934 366667 283381 194754 158553 349018 283822 90814.8 123846 93346.2 30499.3 88626.8 17649.4 13254.6 9488.08 67932.2 67738 61261.2 77684.9 69328 29553.6 65196.1 57771.1 7424.98 19581.6 10398.8 25414 6844.71 51103.7
internal_count=1508584 1016537 492047 555438 347351 461099 447679 339408 287008 202234 156767 45467 208087 44368 37072 29794 102261 174091 206248 185673 160903 80760 108271 92264 16007 40537 20549 54506 11066 178351
cat_boundaries=0 1 2 3 4 5 6 7 8 9
cat_threshold=378240 32 262528 296192 549490689 36 114688 588 263168
is_linear=0
shrinkage=0.03


Tree=15
num_leaves=31
num_cat=8
split_feature=114 98 102 100 52 114 57 52 114 73 35 121 35 98 57 64 57 52 114 97 121 52 32 23 114 100 97 98 97 52
split_gain=438341 129705 19589 19377 19196.2 17131.8 12486.3 9373.22 7066.7 6038.16 4618.29 4592.48 4385.76 4198.43 3943.3 3900.29 3725.11 3953.84 3486.05 5539.55 3855.88 5207.22 3456.6 3336.22 3315.99 3057.38 2996.97 2755.11 2685.58 3866.41
threshold=0 515.03823852539074 6.5000000000000009 523.02630615234386 204.50000000000003 1 2 1308.5000000000002 3 0.18893263489007953 1.5000000000000002 17.500000000000004 1.5000000000000002 30.113246917724613 4 7.5000000000000009 5 92.500000000000014 6 1511.5000000000002 30.500000000000004 991.50000000000011 1.0000000180025095e-35 1.0000000180025095e-35 7 -336.25061035156244 94.500000000000014 809.56234741210949 1801.5000000000002 1050.5000000000002
decision_type=9 8 2 8 2 9 9 2 9 2 2 2 2 10 9 2 9 2 9 10 2 2 2 2 9 10 10 10 10 2
left_child=1 2 9 6 22 10 27 18 -9 16 -5 -10 -7 -6 -15 -4 -1 -18 -8 25 28 -22 23 -2 -12 -20 -14 -3 29 -21
right_child=4 3 15 5 13 12 7 8 11 -11 24 -13 26 14 -16 -17 17 -19 19 20 21 -23 -24 -25 -26 -27 -28 -29 -30 -31
leaf_value=0.040060945738053258 -1.7758578953821721e-05 0.008365061538043634 0.043361051739146526 -0.018958486649901175 -0.030287155482762826 0.0030166112685422576 0.015294481149539551 0.044057737681147083 0.013780046445202662 0.057567743434177164 0.029564026089874889 0.059945213090956372 0.060597175045885153 0.062891815785664038 -0.022283129032517265 0.060383987910582845 0.036024884547574847 0.022212089538864825 0.026213149338817257 0.0065000425041796929 0.0017881428756877313 0.20234275250810443 0.00490482257723617 0.071184234630756474 -0.016664228436709755 -0.0054478681842679644 0.017184791739472162 -0.013411392725480692 -0.017269160604472311 0.055866132293452934
leaf_weight=16608.55884629488 887.89086900651455 7085.7299206405878 64559.878610864282 56487.377121753991 249939.12380773574 45223.538793392479 39756.439004793763 13884.603895373642 23918.280364118516 5955.9934654980898 3189.9593019038439 2102.1252783983946 1809.5831846520305 474.99462264031172 62795.146974347532 15014.465074703097 23114.035125166178 97277.105787701905 3012.6522465124726 3084.8837547376752 217.62629432976246 241.22865615785122 4825.1447897553444 1768.7479642480612 2455.8438587933779 29881.016884721816 6776.8731884211302 19882.313879594207 1369.3856871649623 2653.1711466908455
leaf_count=46937 2249 15429 193075 65255 260875 83882 82559 40409 48042 20402 8452 7299 6555 1930 149660 54349 63749 221664 7062 5493 358 1980 11954 7412 2878 41426 15375 32505 1375 8760
internal_value=-0.000185291 0.0177913 0.0346484 0.00352974 -0.0274032 -0.00564123 0.0107587 0.0148993 0.0267807 0.0280039 -0.0163703 0.0175245 0.00674985 -0.0285386 -0.0216274 0.0465802 0.0267145 0.0248647 0.00898793 0.00278432 0.0259122 0.10929 0.0200644 0.0474766 0.00948429 -0.00254103 0.0263937 -0.0076859 0.0203833 0.0293835
internal_weight=806254 485563 222530 263033 320691 115943 147089 120121 39905 142956 62133.2 26020.4 53810 313209 63270.1 79574.3 137000 120391 80216.4 40460 7566.3 458.855 7481.78 2656.64 5645.8 32893.7 8586.46 26968 7107.44 5738.05
internal_count=1509350 1075270 600176 475094 434080 182397 292697 244763 95750 352752 76585 55341 105812 412465 151590 247424 332350 285413 149013 66454 17966 2338 21615 9661 11330 48488 21930 47934 15628 14253
cat_boundaries=0 1 2 3 4 5 6 7 8
cat_threshold=378272 17440 549490689 263168 2097216 16883712 311424 16384
is_linear=0
shrinkage=0.03


Tree=16
num_leaves=31
num_cat=5
split_feature=65 65 100 99 106 59 57 57 32 98 102 57 100 51 115 127 23 66 51 98 20 99 97 57 57 99 100 131 97 98
split_gain=393613 108703 30483.6 15005.7 13557.1 13178.4 7277.36 7155.61 6029.55 5740.91 5706.19 5370.92 5877.82 4644.17 5406.72 3997.42 3994.71 3984.34 3947.65 7332.81 3864.51 3541.14 3630.89 3315.37 3258.57 2953.94 2844.44 2811.06 3023.17 3637.09
threshold=1.0000000180025095e-35 5.5000000000000009 494.01281738281256 17.404474258422855 0.00052439089631661784 1.0000000180025095e-35 0 1 1.0000000180025095e-35 2573.4274902343755 6.5000000000000009 2 -1583.3583374023435 1056.5000000000002 1.0000000180025095e-35 7.5000000000000009 4.5000000000000009 1.5000000000000002 914.50000000000011 1637.491882324219 28.500000000000004 0.96073412895202648 305.50000000000006 3 4 2.879489660263062 -179.04856872558591 150.50000000000003 1483.5000000000002 1568.8520507812502
decision_type=2 2 8 8 2 2 9 9 2 10 2 9 10 2 2 2 2 2 2 10 2 10 10 9 9 10 10 2 10 10
left_child=3 2 7 9 6 16 18 -2 -6 11 -7 12 -1 14 17 -10 -3 -9 -4 -20 -17 -16 -23 -5 -12 -11 -15 28 -28 -30
right_child=1 5 4 23 8 10 -8 13 15 25 24 -13 -14 26 21 20 -18 -19 19 -21 -22 22 -24 -25 -26 -27 27 -29 29 -31
leaf_value=-0.0034795536790703636 -0.00061000413033349187 0.024212413684153944 -0.017755839422763216 0.0085634679266803418 0.064499153099695672 0.03441320501151305 0.0087452533528859025 0.012195664549780218 0.012839120604831097 -0.027419155396263377 0.032398676597806507 -0.014262810825761932 0.037999930662379444 0.031114440619966956 -0.0017571669893242155 -0.016629815269347752 0.050826480584709073 0.025462576328462595 0.035189166853447543 -0.018731492403879096 0.047179677088641431 0.0015080421739684538 0.02698738783718662 -0.029472869325416731 0.052404523307055487 0.039408520695963518 0.0024605891865012285 -0.010076323120847438 0.049045825613946194 0.0078848523393520043
leaf_weight=8947.5129607990384 26332.77547223866 61949.375061698258 64788.479722447693 2076.5887544825673 1723.9980852082372 36897.419002734125 13601.839976400137 46465.976727254689 28290.446056246758 16471.576309166849 8799.43653601408 17765.414082020521 4673.1039756983519 25602.176123462617 27190.576718062162 8182.5805776491761 5530.4008065760136 36322.979851908982 3796.1607978492975 5613.850189357996 943.95146971940994 9629.076567478478 10539.978237718344 263958.38474774361 50596.979382812977 609.10859249532223 4816.052360676229 3213.4575758054852 4804.763153642416 3234.4601332098246
leaf_count=15699 60539 145024 89592 5363 6854 99061 29083 94741 61623 32994 23435 42286 12956 63897 41118 9351 17986 87126 10325 5898 3329 15352 25093 306801 169182 2701 7681 3855 14741 5745
internal_value=-0.000199135 0.0166436 0.00660243 -0.0263794 -0.00487488 0.0365738 -0.0114204 0.013955 0.00980717 -0.0110237 0.0436992 -0.00340427 0.0107612 0.0161862 0.0133944 0.00727066 0.0264008 0.0180188 -0.015117 0.0030353 -0.00998562 0.00530839 0.0148299 -0.0291764 0.0494609 -0.0250144 0.0249042 0.0149962 0.0212666 0.0325157
internal_weight=803369 488867 325094 314502 126941 163774 87800.3 198152 39141 48466.7 96293.8 31386 13620.6 171819 130149 37417 67479.8 82789 74198.5 9410.01 9126.53 47359.6 20169.1 266035 59396.4 17080.7 41670.9 16068.7 12855.3 8039.22
internal_count=1509431 1090631 635943 418800 216055 454688 134898 419888 81157 106636 291678 70941 28655 359349 263430 74303 163010 181867 105815 16223 12680 81563 40445 312164 192617 35695 95919 32022 28167 20486
cat_boundaries=0 1 2 3 4 5
cat_threshold=2294423937 2730496385 131136 536907776 33821762
is_linear=0
shrinkage=0.03


Tree=17
num_leaves=31
num_cat=6
split_feature=73 73 98 99 99 59 57 102 57 98 57 93 131 35 93 73 99 97 73 107 57 121 57 99 97 99 121 121 57 116
split_gain=375056 102618 20269.4 17270 14816.9 12745.1 9861.68 6423.86 5939.64 5605.21 5075.91 5069.41 4620.83 3880.76 3824.35 4025.24 3623.15 3539.82 3445.17 3356.2 3250.06 3042.35 2967.5 2871.42 2778.54 2707.18 2649.75 2616.02 2526.24 2488.18
threshold=1.0000000180025095e-35 0.059981262311339385 868.92929077148449 0.80197054147720348 17.404474258422855 1.0000000180025095e-35 0 6.5000000000000009 1 2573.4274902343755 2 2039.5000000000002 41.500000000000007 3.5000000000000004 117.50000000000001 0.01956787891685963 1.1061368584632876 873.50000000000011 0.1999510079622269 0.083920188248157515 3 2.5000000000000004 4 0.612429440021515 1464.5000000000002 2.879489660263062 1.0000000180025095e-35 15.500000000000002 5 130.50000000000003
decision_type=2 2 8 10 8 2 9 2 9 10 9 2 2 2 2 2 10 10 2 2 9 2 9 10 10 10 2 2 9 8
left_child=4 2 11 6 9 13 -4 18 16 10 12 -2 -1 21 15 -8 24 -18 28 -14 -6 -3 -9 -16 -5 -11 -19 -26 -7 -24
right_child=1 5 3 8 20 7 14 22 -10 25 -12 -13 19 -15 23 -17 17 26 -20 -21 -22 -23 29 -25 27 -27 -28 -29 -30 -31
leaf_value=-0.00739470350194404 -0.031555931066299836 0.031632977992836223 0.014707345403189286 -0.00060509423019786265 0.009959925582175665 0.045646015127181215 0.069514779762978693 0.031017318721149167 -0.0069862718878540382 -0.027194980942197106 -0.014023995533087957 0.014984135000519355 0.037736915928142871 0.039521306831009358 -0.013476861700081744 -0.013788843098564018 0.0081804786954321109 0.054844491040509112 0.057507706676666347 -0.01492859181898948 -0.029322333987812043 0.017325829309653599 0.031353202605630293 -0.00038002582645189849 0.015808758139716644 0.0360137831284102 0.026706052193666473 0.062797774970272655 0.025718877476251512 0.052300965519830038
leaf_weight=6694.8615385219455 2131.0495691969991 19131.47351603955 16094.561292916536 10586.141235083342 1906.2553682327271 7016.6910434290767 1083.1023273169994 8967.6802622973919 10112.101666107774 16202.237262256444 17498.364655807614 133925.27374379337 5594.873498223722 13164.193223915994 88108.232770591974 993.94706007093191 5467.7356189265847 4742.4085514768958 4316.8468818664551 1345.8539196923375 257660.27862367034 44657.757720410824 5807.9901378303766 18174.279547333717 10242.357324808836 625.32448818534613 8343.908135086298 1182.5322737321258 32672.257214665413 45623.426017388701
leaf_count=9603 8651 49139 38673 16098 5078 21355 4780 23655 20036 33180 42157 282163 15435 38151 124174 5033 10040 15505 14988 3413 307443 94957 15403 31004 20702 2660 19690 4164 78576 153558
internal_value=-0.000209353 0.0160207 0.00556669 -0.0011819 -0.0262036 0.0339572 -0.00719341 0.0407862 0.0135798 -0.0108814 -0.00333896 0.0142529 0.0103759 0.0246879 -0.0104478 0.0297758 0.0187041 0.0284719 0.0320529 0.0275179 -0.0290342 0.0216211 0.0471429 -0.0112376 0.0104697 -0.0248261 0.0369374 0.020723 0.0292704 0.0499322
internal_weight=800074 492546 311188 175131 307528 181358 124454 104405 50677.2 47961.5 31134 136056 13635.6 76953.4 108360 2077.05 40565.1 18554.1 44005.8 6940.73 259567 63789.2 60399.1 106283 22011 16827.6 13086.3 11424.9 39688.9 51431.4
internal_count=1509464 1090495 600713 309899 418969 489782 203664 307535 106235 106448 70608 290814 28451 182247 164991 9813 86199 45235 114919 18848 312521 144096 192616 155178 40964 35840 35195 24866 99931 168961
cat_boundaries=0 2 3 4 5 6 7
cat_threshold=539562072 1 33759240 131136 536875008 33821778 25206784
is_linear=0
shrinkage=0.03


Tree=18
num_leaves=31
num_cat=5
split_feature=52 73 100 57 64 57 52 98 64 72 32 112 51 72 51 59 57 52 57 57 100 131 124 98 116 98 93 100 131 73
split_gain=364860 96333.9 26906.5 12268.4 11938 8672.94 7880.91 7168.72 6652.5 6028.55 5751.44 5557.56 5191.81 4164.02 8475.09 4150.04 8294.42 4151.33 4102.93 3730.53 3034.57 2913.34 2726.79 2719.27 2606.59 2578.71 2494.15 2492.38 2411.06 2364.7
threshold=2505.5000000000005 0.057994373142719276 508.03564453125006 0 5.5000000000000009 1 147.50000000000003 3247.622436523438 1.5000000000000002 284.50000000000006 1.0000000180025095e-35 0.68301269412040722 1029.5000000000002 1775.5000000000002 885.50000000000011 1.0000000180025095e-35 2 166.50000000000003 3 4 -179.04856872558591 146.50000000000003 1.5000000000000002 1417.2082519531252 35.000000000000007 276.24002075195318 8739.5000000000018 897.04168701171886 127.50000000000001 0.18885829299688342
decision_type=2 2 8 9 2 9 2 8 2 2 2 2 2 2 2 2 9 2 9 9 10 2 2 8 8 10 2 8 2 2
left_child=1 2 5 6 8 26 10 18 -3 11 -4 -9 19 14 -8 -10 17 -17 -2 -7 22 -22 25 -12 -19 -14 -1 -15 -5 -6
right_child=7 4 3 28 29 12 13 9 15 -11 23 -13 20 27 -16 16 -18 24 -20 -21 21 -23 -24 -25 -26 -27 -28 -29 -30 -31
leaf_value=-0.030086594516290605 0.027725235370532689 0.016618538635958385 0.061675180300417895 0.0080680881971361713 0.037744369659126108 0.0075320578338919381 -0.012579715690488835 -0.0093646679281093725 0.025024525978197355 -0.029703957324129351 0.007487578961453991 0.081353364711396925 0.079499104825147784 -0.010183495394190598 0.057723203696138231 0.036625383265059652 0.028167836146164606 0.0051699419843589728 -0.01788039297489287 0.018421673431978539 0.019490531488418103 -0.0097650729315037418 0.041226519820617369 -0.01539890338043921 0.064027741488618548 0.02005143621417841 -0.00043230883395239532 -0.021773021639119379 0.030277335342646053 0.052705836368072703
leaf_weight=2825.9752569124103 1836.5135509446263 33150.900656580925 1490.4353488385677 11878.739516459405 15732.418713651597 82261.203377000988 5899.0155177935958 3375.6146461889148 45851.657970145345 240475.84382854402 16633.866358272731 730.83184140175581 671.97142405807972 28062.472975067794 2078.922001734376 11349.006049387157 39428.180916130543 715.06168738007545 42645.502431951463 43221.96872048825 14250.091095477343 3894.9762228578329 10349.705754242837 6485.9702525660396 13426.742666333914 18789.668237291276 25553.958420708776 41347.892119944096 6987.0305676758289 24631.883002281189
leaf_count=14225 4579 69755 5892 26446 45058 149302 8078 7212 109047 276703 31887 3321 2732 40117 7011 31938 98695 1265 102752 96829 30421 4711 29334 9512 50466 40235 50611 56935 19084 84473
internal_value=-0.000176396 0.01516 0.00527689 -0.00591701 0.032464 0.0119806 -0.0100274 -0.0270734 0.0284164 -0.0290885 0.0047575 0.006939 0.0144957 -0.0147305 0.00578942 0.0319454 0.036829 0.0501788 -0.0159895 0.0112862 0.0228926 0.0132087 0.0287804 0.00106319 0.0610574 0.0221438 -0.00339354 -0.0170895 0.0162964 0.0468852
internal_weight=796034 506970 322684 120864 184286 201820 101999 289064 143922 244582 24610.3 4106.45 173440 77388.3 7977.94 110771 64919 25490.8 44482 125483 47956.4 18145.1 29811.3 23119.8 14141.8 19461.6 28379.9 69410.4 18865.8 40364.3
internal_count=1508626 1114059 623362 204962 490697 418400 159432 394567 361166 287236 47291 10533 353564 112141 15089 291411 182364 83669 107331 246131 107433 35132 72301 41399 51731 42967 64836 97052 45530 129531
cat_boundaries=0 1 2 3 4 5
cat_threshold=2311201153 2696941953 25198593 64 33693696
is_linear=0
shrinkage=0.03


Tree=19
num_leaves=31
num_cat=3
split_feature=65 98 103 103 73 103 100 106 93 51 98 51 115 121 69 103 64 91 57 98 124 57 106 100 100 70 75 71 57 75
split_gain=341571 86086.4 28006.9 20488.1 16971.9 11409.8 9042.35 8482.54 5081.61 5077.96 5020.31 4706.63 5841.18 5300.27 4669.16 4545.31 3823.65 3803.77 4082.26 3616.69 3394.74 3274.6 4042.01 3238.57 3096.23 3287.66 3092.46 3463.52 3067.9 2879.24
threshold=1.0000000180025095e-35 515.03823852539074 1.0000000180025095e-35 1.0000000180025095e-35 0.14436650276184085 1.0000000180025095e-35 555.78302001953136 0.0022409139201045041 2039.5000000000002 1328.5000000000002 296.31466674804693 1016.5000000000001 1.0000000180025095e-35 39.500000000000007 2.5000000000000004 1.5000000000000002 3.5000000000000004 35.500000000000007 0 1923.3438110351565 4.5000000000000009 1 0.24374609440565112 23.409858703613285 688.00979614257824 19.500000000000004 0.011909390334039928 53.500000000000007 2 9.2662310600280779
decision_type=2 8 2 2 2 2 10 2 2 2 10 2 2 2 2 2 2 2 9 10 2 9 2 8 10 2 2 2 9 2
left_child=3 4 6 10 5 8 11 -8 -2 15 28 12 29 20 -15 24 -6 18 -5 -12 -13 -10 -23 -14 -4 -26 27 -7 -1 -3
right_child=1 2 9 17 16 26 7 -9 21 -11 19 13 23 14 -16 -17 -18 -19 -20 -21 -22 22 -24 -25 25 -27 -28 -29 -30 -31
leaf_value=0.0067325871125278568 -0.029675961016896259 0.0048381705139240701 0.015175458429037704 0.03048811460115641 0.027234133609049114 0.056300437032329578 -0.018482659440496919 0.0051083235187904322 0.03078586155398275 0.037947449391840804 -0.0067670222726255273 0.0031817420436493623 0.0054220013928813239 0.1462050931554689 0.024871415983541506 0.02694898520196725 0.04558383398471836 0.097959518226409054 -0.0065729805842877033 -0.025751275905767895 0.027534590359900041 0.012551836541390689 0.029150931533682325 -0.013418754301638193 -0.0097886693112172306 0.025018755998957795 0.02898899819249199 0.028464224739533937 -0.029218042574483301 0.042163263493633502
leaf_weight=2154.9283409640193 2059.1253528520465 38670.285529963672 30708.203128226101 4895.1008130833507 13093.046629585326 8969.5056739598513 49909.853341415524 18910.24155254662 14998.408344849944 10250.19657228142 16850.797420039773 18855.296519614756 10722.416241541505 475.72114918380976 704.72473980486393 20424.209018573165 47526.65471817553 455.35223621875048 5860.0379059389234 19477.478003621101 7080.0734933465719 71819.94700255245 16179.570425406098 34982.357302777469 10748.456488952041 3149.4762248322368 58448.19090320915 7359.5482065305114 244259.53694526851 1944.3323673978448
leaf_count=5481 7779 76154 64855 13574 32354 31431 72102 37000 38682 27977 37523 30614 20246 2966 1625 51697 151128 2561 13022 42218 17057 146371 40361 44883 14449 9353 146127 18553 304888 5860
internal_value=-0.000148383 0.0149887 0.00293596 -0.0257919 0.0278969 0.0232671 -0.00342239 -0.0120006 0.0168891 0.018328 -0.027369 0.00178252 -0.00164278 0.012683 0.0745864 0.0152302 0.0416257 0.0139734 0.0103299 -0.0169498 0.00983785 0.0178228 0.0156049 -0.00899846 0.00985962 -0.00188848 0.0322243 0.0437797 -0.0289043 0.00663496
internal_weight=791943 497990 257536 293953 240454 179834 182255 68820.1 105057 75280.5 282743 113435 86319.4 27115.8 1180.45 65030.3 60619.7 11210.5 10755.1 36328.3 25935.4 102998 87999.5 45704.8 44606.1 13897.9 74777.2 16329.1 246414 40614.6
internal_count=1508891 1089624 476838 419267 612786 429304 308507 109102 233193 168331 390110 199405 147143 52262 4591 140354 183482 29157 26596 79741 47671 225414 186732 65129 88657 23802 196111 49984 310369 82014
cat_boundaries=0 1 2 3
cat_threshold=131136 25199624 536907776
is_linear=0
shrinkage=0.03


Tree=20
num_leaves=31
num_cat=9
split_feature=114 98 103 103 102 52 51 72 100 114 52 51 124 114 23 114 114 103 114 52 115 52 114 71 68 114 100 114 74 71
split_gain=348337 84550.9 25429.9 19526.4 13117.7 11834.4 6964.99 6460.32 12038.4 10035.4 4799.3 4317.62 4415.69 4196.06 3856.66 3634.66 3599.13 3318.09 3205.22 5245.93 5306.03 2948.84 3994.51 3754.21 4107.78 2871.69 2813.54 2711.65 2499.52 2383.64
threshold=0 515.03823852539074 1.0000000180025095e-35 1.5000000000000002 6.5000000000000009 220.50000000000003 1328.5000000000002 1775.5000000000002 589.97369384765636 1 169.50000000000003 1042.5000000000002 39.500000000000007 2 5.5000000000000009 3 4 3.5000000000000004 5 1110.5000000000002 1.0000000180025095e-35 887.50000000000011 6 71.500000000000014 4.5000000000000009 7 388.42846679687506 8 0.072347268462181105 14.500000000000002
decision_type=9 8 2 2 2 2 2 2 8 9 2 2 2 9 2 9 9 2 9 2 2 2 9 2 2 9 10 9 2 2
left_child=1 4 7 5 13 -2 15 11 18 -10 -11 12 25 -1 -15 21 -5 -6 -9 20 -20 -4 23 -23 -25 28 -21 -7 -3 -30
right_child=3 2 6 16 17 27 -8 8 9 10 -12 -13 -14 14 -16 -17 -18 -19 19 26 -22 22 -24 24 -26 -27 -28 -29 29 -31
leaf_value=0.030461101056453468 0.011691557145336049 0.013792093872701638 -0.0061512871482137851 0.063394790066552686 0.034229333605338953 -0.024204481149177875 0.038774628184425466 -0.0049067482650450153 0.0056931749905321065 -0.0021822777452425862 -0.025927589675688121 0.064938833436860438 0.077192952353771049 0.017968042035174894 0.04109239245792877 0.019328597589241735 -0.0031540329169909139 0.048899490152024806 0.0082295119145852167 0.017886650695445518 -0.015110039667827726 0.020992571018951377 -0.0074290579944451983 0.1989092762580873 0.029478611582639029 -0.0028594238943485152 -0.029844861002663179 -0.030503966500919195 0.11140371688869907 0.020844272766395128
leaf_weight=43513.435782156885 6795.7075967267156 3517.1158078312874 11753.365142948925 2458.5149790421128 67943.054080203176 94061.642273835838 11746.781278982759 39667.7705321908 16405.638885691762 9476.5615327432752 40010.597698353231 1415.3210609406233 829.0580151155591 102729.09406919032 6926.8643522262573 40803.321501210332 1043.7062967047095 17528.242950260639 20888.294086262584 26202.988375514746 15091.430207297206 8852.3535758852959 5047.3243341073394 219.59406074881554 302.86474338918924 9720.9455988779664 1151.8546318784356 182722.55522340164 520.3708004578948 527.35506711900234
leaf_count=109902 18050 7183 18269 11075 189589 209048 32422 64958 34469 15302 39973 5071 3441 222187 20588 90019 1980 57784 38791 55586 17049 19423 9611 1781 759 16683 779 193671 2699 1372
internal_value=-0.000170659 0.0148832 0.00319003 -0.0265349 0.0278262 -0.0274058 0.0174743 -0.00287524 -0.00462731 -0.0146401 -0.0213775 0.0150184 0.0103041 0.0225693 0.0194306 0.0137334 0.0437814 0.0372432 0.0017789 0.00596621 -0.00156157 0.00499817 0.0140859 0.0256455 0.10309 0.00637103 0.0158666 -0.0283661 0.0259403 0.0664502
internal_weight=789874 502792 264151 287082 238641 283580 78725.6 185425 168895 65892.8 49487.2 16530.2 15114.8 153169 109656 66978.8 3502.22 85471.3 103002 63334.6 35979.7 26175.5 14422.1 9374.81 522.459 14285.8 27354.8 276784 4564.84 1047.73
internal_count=1509514 1075690 475640 433824 600050 420769 172284 303356 266907 89744 55275 36449 31378 352677 242775 139862 13055 247373 177163 112205 55840 49843 31574 21963 2540 27937 56365 402719 11254 4071
cat_boundaries=0 1 2 3 4 5 6 7 8 9
cat_threshold=378272 98560 262272 66592 4 65920 1056 33152 76
is_linear=0
shrinkage=0.03


Tree=21
num_leaves=31
num_cat=10
split_feature=114 98 103 103 73 53 103 72 98 53 114 114 120 70 114 98 114 114 114 124 128 114 112 114 131 75 71 57 26 112
split_gain=333810 79890.6 23469 18287.8 12538.4 11245.4 6514.65 6075.69 11049.8 5087.2 10465.5 6830.48 4748.35 4254.72 3970.72 3624.59 3477.66 3355.89 2924.57 2815.37 3065.77 4453.83 3103.87 2763.03 2678.88 2610.06 3465.67 2476.77 2367.31 2466.47
threshold=0 515.03823852539074 1.0000000180025095e-35 1.5000000000000002 0.1391592621803284 226.50000000000003 1.0000000180025095e-35 1766.5000000000002 1923.3438110351565 1108.5000000000002 1 2 5.5000000000000009 2.5000000000000004 3 137.07147216796878 4 5 6 41.500000000000007 1.5000000000000002 7 0.68301269412040722 8 25.500000000000004 0.011909390334039928 53.500000000000007 9 2.5000000000000004 0.68301269412040722
decision_type=9 8 2 2 2 2 2 2 8 2 9 9 2 2 9 10 9 9 9 2 2 9 2 9 2 2 2 9 2 2
left_child=1 4 7 5 6 -2 -1 19 9 10 -9 12 24 -4 -10 -6 -12 28 -5 20 21 22 -3 27 -11 26 -8 -7 29 -15
right_child=3 2 13 18 15 23 25 8 14 11 16 -13 -14 17 -16 -17 -18 -19 -20 -21 -22 -23 -24 -25 -26 -27 -28 -29 -30 -31
leaf_value=0.017838466985325343 0.010187126594866151 0.037455764044499039 0.023548510589796113 0.057640053112797691 0.043600905722543985 0.021077317629370422 0.052294932551824595 -0.018225794291198829 -0.0017231733261221388 0.030599462747746862 0.014265837595854544 -0.0037889805304699856 0.059668365309806966 0.0078440755731679756 -0.02656305747153978 0.028062994034243869 -0.0017752555827121705 0.00028781369372910312 -0.0023147104129185364 0.065737605832180135 0.0010960918337293707 0.010419605812163803 0.11755158765980575 -0.030422345700798166 0.006381317087643658 0.026506406774434537 0.024880987507175482 -0.024526539095995104 0.047137058460834408 0.031927321300223993
leaf_weight=100717.72448922694 7027.4421493634582 1236.5633115544915 39860.005032122135 2571.5036982148886 41748.594201698899 1073.1292266845703 9182.53081394732 33431.680893592536 7656.4398212432861 6350.9673480764031 16814.155845284462 22169.322504065931 2416.6640696749091 14163.925355963409 23914.718144997954 20100.183263763785 43832.098140515387 18427.922030985355 1027.4916761666536 900.87316438555717 9754.7124926671386 4063.1097195670009 675.38840321451426 178562.06794218719 11640.258301198483 61015.077331595123 7627.2609229683876 90787.606940478086 2202.4983009472489 5239.641158208251
leaf_count=218501 18287 3421 91188 11018 132124 2879 31400 36750 15979 15791 35715 38313 8261 26782 25496 51108 70377 33674 1990 3372 16779 9107 3594 194020 20079 148185 18216 205833 6984 13966
internal_value=-0.000187271 0.0143937 0.00302527 -0.0263935 0.0269141 -0.0272664 0.0228791 -0.00284688 -0.00455716 -0.000861028 -0.0047549 0.00774191 0.0202557 0.0166108 -0.0205505 0.0385566 0.00267537 0.00969905 0.0407176 0.0144457 0.0114682 0.0283713 0.0658709 -0.0282401 0.0149427 0.0293994 0.0398783 -0.0239893 0.0177138 0.0143605
internal_weight=786192 505142 264751 281049 240391 277450 178543 184857 168226 136655 94077.9 42577.2 20407.9 79894 31571.2 61848.8 60646.3 40034 3599 16630.6 15729.8 5975.06 1911.95 270423 17991.2 77824.9 16809.8 91860.7 21606.1 19403.6
internal_count=1509189 1075162 475628 434027 599534 421019 416302 303034 266761 225286 142842 82444 44131 172594 41475 183232 106092 81406 13008 36273 32901 16122 7015 402732 35870 197801 49616 208712 47732 40748
cat_boundaries=0 1 2 3 4 5 6 7 8 9 10
cat_threshold=378272 1056 263200 360704 49152 49536 4 263424 76 2097224
is_linear=0
shrinkage=0.03


Tree=22
num_leaves=31
num_cat=0
split_feature=53 65 100 53 59 55 99 51 53 54 32 100 127 43 64 32 74 71 123 131 113 54 51 99 113 121 121 70 55 99
split_gain=303741 69694.3 22707 10275.8 9319.13 6578.1 6361.91 5036.34 4851.94 4396.04 4077.2 3030.84 2968.41 3531.24 2938.18 2938.07 2658.36 2989.34 2582.71 2437.42 2122.61 2017.9 3240.06 4003.01 2368.18 2383.22 2052.25 2006.94 1907.29 1883.28
threshold=2579.5000000000005 5.5000000000000009 508.03564453125006 165.50000000000003 1.0000000180025095e-35 0.13499999791383746 1.2694571614265444 1310.5000000000002 132.50000000000003 321.50000000000006 1.0000000180025095e-35 121.86690902709962 7.5000000000000009 2.5000000000000004 7.5000000000000009 3.5000000000000004 0.50130891799926769 33.500000000000007 1.0000000180025095e-35 1.0000000180025095e-35 0.68301269412040722 422.50000000000006 885.50000000000011 0.59469518065452587 -0.25000000000000006 2.5000000000000004 8.5000000000000018 53.500000000000007 5.5000000000000009 1.8708220124244692
decision_type=2 2 8 2 2 8 10 2 2 2 2 10 2 2 2 2 2 2 2 2 2 2 2 8 2 2 2 2 8 10
left_child=1 2 5 10 15 -1 16 8 -7 14 -4 -9 -12 -14 28 -3 -2 20 19 29 -18 -5 -23 -24 -25 -26 -27 -20 -6 -10
right_child=6 4 3 21 9 7 -8 11 18 -11 12 -13 13 -15 -16 -17 17 -19 27 -21 -22 22 23 24 25 26 -28 -29 -30 -31
leaf_value=-0.028677541222027168 -0.029103830383433262 0.017522925053124735 0.050612606213436967 -0.0040233295104150539 0.052259940125743573 0.026015626207153829 -0.015808397949978469 0.026599685436987562 0.01061705798640364 0.039699111284155632 0.010238603434843008 -0.0055432110943997486 -0.01960452230318481 0.026239499616252392 0.044379152252438152 0.03388549045944008 0.10708981512151797 -0.017371080477593021 0.016690258014163985 0.0040580856400135625 0.0076855630663624566 -0.017307159797822477 -0.024273495925980704 -0.0059070684809511397 0.053139215323288545 -0.014896254854534993 0.046921784275383537 -0.0011552738523861439 0.022282287632745323 0.032051150969289594
leaf_weight=3683.2643627896905 214227.82977414876 61036.199322111905 1886.5474756211042 26780.02377191931 2013.0993382036686 15413.11610148102 42068.033510517329 26033.514069728553 18951.800617769361 57741.125872001052 28466.905402682722 2934.5661859959364 6938.5097007229924 1923.5339462608099 7532.2680869847536 11794.429804310203 292.53473107889295 5297.8955993130803 42147.729402378201 98990.201377466321 540.35241330042481 47866.081109326333 3708.8516676798463 3016.0454462766647 1933.7016830071807 1358.1060215458274 737.66108605265617 6551.9928918480873 36353.083188854158 4577.8864667490125
leaf_count=16135 267565 130595 6766 49437 6897 37566 105686 61698 36033 174608 59552 3979 7293 5214 24605 32343 1594 15452 88027 175225 1331 69171 3463 4422 6354 1554 2258 17006 85810 11884
internal_value=-0.000190837 0.0130799 0.00521485 -0.00501079 0.0284059 0.0110259 -0.0265051 0.0117055 0.00989806 0.034186 0.00770075 0.0233427 0.00551908 -0.00963558 0.0272433 0.020177 -0.0285463 -0.00905027 0.00844573 0.00612191 0.0434556 -0.0108481 -0.0139647 0.000914511 0.0141894 0.029209 0.00698175 0.0142896 0.0238684 0.0147991
internal_weight=782797 520370 343900 124616 176470 219284 262427 215601 186633 103640 39215.5 28968.1 37328.9 8862.04 45898.5 72830.6 220359 6130.78 171220 122520 832.887 85400.5 58620.4 10754.4 7045.51 4029.47 2095.77 48699.7 38366.2 23529.7
internal_count=1509523 1117895 663037 215484 454858 447553 391628 431418 365741 291920 78825 65677 72059 12507 117312 162938 285942 18377 328175 223142 2925 136659 87222 18051 14588 10166 3812 105033 92707 47917
is_linear=0
shrinkage=0.03


Tree=23
num_leaves=31
num_cat=11
split_feature=114 98 103 103 73 53 103 100 114 53 114 70 100 98 100 114 73 66 53 114 114 114 26 114 114 57 57 92 128 98
split_gain=303914 67923.2 21701.1 17289.5 11112 10339.9 5754.5 5326.55 9008.87 8545.64 5739.08 4050.41 4109.11 3411.1 3337.93 3584.27 6691.52 4091.26 2902.15 2817.75 2763.52 2746.31 2602.5 2561.98 2379.2 2275.31 2249.53 2237.22 2224.02 2390.92
threshold=0 515.03823852539074 1.0000000180025095e-35 1.5000000000000002 0.12187898531556131 242.50000000000003 1.0000000180025095e-35 555.78302001953136 1 3290.5000000000005 2 2.5000000000000004 929.19021606445324 110.35253143310548 -210.99974060058591 3 0.02627977263182402 1.5000000000000002 222.50000000000003 4 5 6 2.5000000000000004 7 8 9 10 7194.5000000000009 2.5000000000000004 1405.6358032226565
decision_type=9 8 2 2 2 2 2 10 9 2 9 2 10 10 10 9 2 2 2 9 9 9 2 9 9 9 9 2 2 8
left_child=1 4 7 5 6 -2 -1 9 -9 14 24 12 -4 -6 15 16 28 -17 -10 22 25 -16 -13 27 -11 -7 -8 -5 29 -3
right_child=3 2 11 23 13 20 26 8 18 10 -12 19 -14 -15 21 17 -18 -19 -20 -21 -22 -23 -24 -25 -26 -27 -28 -29 -30 -31
leaf_value=0.015249761208605621 0.0077002055003278719 0.029250713576593083 0.025610742892759671 0.012862198556402185 0.040580920053604148 0.019934681322843321 0.036253807010787287 -0.023212523094416078 0.010954797835350052 -0.0093873610208889298 0.04579598560497062 0.012936816624368862 -0.007604202227017012 0.028392621840342341 0.012811348781819285 -0.0010667392341723871 -0.010218349801102818 0.064913043086585021 -0.0083028484678051104 0.00045865362418369573 -0.030219758501951723 -0.0032730094148416509 0.047508662209896774 -0.0024424498073661849 -0.029584798693464233 -0.02416894494628466 0.023542085481010853 0.072395000075049357 0.018066163121501434 0.065984140623180781
leaf_weight=93516.623144000769 7522.4147514030337 5443.2114953622222 36489.257162556052 828.23769517242908 35455.699552088976 1054.5053604878485 16953.980700857937 26570.604808457196 13803.757935844362 9965.2648100927472 1243.086103618145 19761.774510964751 3686.7403732836246 49947.013647973537 11647.114746302366 20483.397045210004 5352.4018044769764 872.23916185647249 14359.187458284199 18449.792584210634 169473.83969333395 52730.940398298204 2168.0638250634074 1007.800110898912 11179.140133753419 86907.912859398872 49829.695527851582 1834.3630650416017 8870.0110719278455 2267.7008506953716
leaf_count=195023 19008 13368 85429 3079 110649 2790 48801 26616 28764 18886 4158 40546 5252 129563 23863 35617 6782 3189 21871 33755 193978 79112 6947 1950 14341 205147 115244 7970 18918 8275
internal_value=-0.000230017 0.0133495 0.00282501 -0.026063 0.0247152 -0.0269602 0.0200561 -0.00283969 -0.0106901 0.00046473 -0.0163954 0.0158181 0.0225616 0.0334569 0.00397169 0.0104123 0.0189236 0.00165645 0.00113621 0.00910461 -0.0279732 -0.000360049 0.0163674 0.0385268 -0.0200837 -0.0236358 0.026783 0.0537927 0.0283426 0.0401251
internal_weight=779676 511047 265344 268629 245703 264959 160300 184788 54733.6 130055 22387.5 80555.6 40176 85402.7 107667 43289 21933.3 21355.6 28162.9 40379.6 257436 64378.1 21929.8 3670.4 21144.4 87962.4 66783.7 2662.6 16580.9 7710.91
internal_count=1508891 1074969 475689 433922 599280 420923 359068 303760 77251 226509 37385 171929 90681 240212 189124 86149 47343 38806 50635 81248 401915 102975 47493 12999 33227 207937 164045 11049 40561 21643
cat_boundaries=0 1 2 3 4 5 6 7 8 9 10 11
cat_threshold=378272 1056 82048 279584 49536 76 49152 4 65664 2097224 16875539
is_linear=0
shrinkage=0.03


Tree=24
num_leaves=31
num_cat=4
split_feature=53 73 103 100 103 59 75 72 72 112 55 57 55 35 57 103 100 113 57 116 116 53 55 75 53 71 57 100 71 20
split_gain=276785 61747.9 27395.8 13192.3 11570.6 8481.97 7115.54 6208.35 5374.01 5225.12 4497.06 4452.42 3907.86 3654.11 3592.44 3577 3922.88 3139.62 3081.02 3019.97 3020.97 2989.4 2874.21 2876.87 2686.82 2595.62 2582.49 2582.36 2942.03 2704.98
threshold=2579.5000000000005 0.077577851712703719 1.0000000180025095e-35 523.02630615234386 1.0000000180025095e-35 1.0000000180025095e-35 2.5309861898422246 284.50000000000006 1954.5000000000002 0.68301269412040722 0.13499999791383746 0 4.5000000000000009 2.5000000000000004 1 1.5000000000000002 929.19021606445324 1.0000000180025095e-35 2 130.50000000000003 149.50000000000003 4254.5000000000009 3.5000000000000004 0.062815506011247649 1005.5000000000001 13.500000000000002 3 -202.97760772705075 36.500000000000007 1.5000000000000002
decision_type=2 2 2 8 2 2 2 2 2 2 8 9 8 2 9 2 10 2 9 8 8 2 10 2 2 2 9 10 2 2
left_child=1 2 3 10 7 13 8 9 24 -2 -1 -7 -6 -3 -10 16 -4 -11 27 -13 -21 -14 -22 -24 -5 -26 -9 28 -12 -29
right_child=4 5 15 6 12 11 -8 26 14 17 18 19 21 -15 -16 -17 -18 -19 -20 20 22 -23 23 -25 25 -27 -28 29 -30 -31
leaf_value=-0.028985258117736824 -0.0071942210998253353 0.01480569749190141 0.015964656839509261 -0.0051028466338650987 0.051543595594228241 0.02025396198369259 0.0051889995033932712 -0.0092453163243863632 0.0027936261135684025 0.11804256141948018 0.01401054695372477 0.022622835335680973 0.021817081488772445 0.031285957692174314 -0.020843450421334845 0.024304816245119296 -0.0046692460981458796 -0.013287765138073769 0.012919633789341639 0.053973697689920573 0.032376967320085825 -0.018596370372922885 0.062904620496187863 0.033440318458910732 0.043985397836016467 -0.016022309980262633 -0.028474099586453 -0.0043863008085627785 -0.0024140895659794698 0.0087107618309580272
leaf_weight=3466.0854406915605 3071.6397768445313 49695.28145686537 63262.52202873677 6918.4936978146434 1550.1466542631388 20829.255378901958 21726.829928509891 6508.1500374786556 6537.4025741517544 545.97546837478876 30159.516403093934 13033.37248492986 2885.6258137524128 16021.278628863394 50537.107209842652 41453.369994916022 9538.6984914019704 229.610636100173 38001.141000188887 9672.8342147767544 45819.576010778546 3811.1791460625827 6295.7350919544697 5748.8013687878847 2395.296354778111 882.35843789204955 231893.53660117462 48948.887290671468 14544.294536724687 19976.212634943426
leaf_count=15481 7218 102161 133738 10811 6660 48145 42852 13340 13627 3067 59338 31465 7913 42774 71794 99111 15803 392 76573 34940 128879 6610 24666 16304 7082 1405 345961 68649 28977 43247
internal_value=-0.000201595 0.0121693 0.00514607 -0.000529125 -0.0261514 0.027228 -0.00973545 -0.027341 -0.0145557 0.0104414 0.00475395 0.0326698 0.00878407 0.0188276 -0.0181392 0.0172696 0.0132609 0.0794883 0.00552705 0.0358698 0.0384277 -0.00117581 0.0358201 0.0488809 0.00550112 0.0278315 -0.0279512 0.00305241 0.00866748 -0.000589732
internal_weight=775960 525464 358348 244094 250496 167116 88997.5 242249 67270.7 3847.23 155096 101400 8246.95 65716.6 57074.5 114255 72801.2 775.586 151630 80570.3 67536.9 6696.8 57864.1 12044.5 10196.1 3277.65 238402 113629 44703.8 68925.1
internal_count=1508983 1117822 688488 439836 391161 429334 147571 369978 104719 10677 292265 284399 21183 144935 85421 248652 149541 3459 276784 236254 204789 14523 169849 40970 19298 8487 359301 200211 88315 111896
cat_boundaries=0 1 2 3 4
cat_threshold=33821890 536875088 2688692625 538972168
is_linear=0
shrinkage=0.03


Tree=25
num_leaves=31
num_cat=5
split_feature=114 98 103 103 53 98 73 74 51 51 114 121 116 114 74 103 54 114 128 97 131 116 121 97 131 57 55 74 116 128
split_gain=279343 57982.8 20313.9 15629.3 10589.7 8912.58 6697.58 4772.67 4660.2 4401.05 7663.04 5376.92 4728.24 4566.32 3989.3 3769.38 3526.05 2861.65 2657.86 2628.65 2687.59 2617.98 3326.15 2591.45 2560.86 2347.46 2369.42 2305.34 2563.54 2541.36
threshold=0 335.11389160156256 1.0000000180025095e-35 1.5000000000000002 234.50000000000003 749.04144287109386 0.17761346697807315 0.033344916999340064 1328.5000000000002 987.50000000000011 1 39.500000000000007 478.50000000000006 2 0.044423885643482215 1.5000000000000002 413.50000000000006 3 5.5000000000000009 8616.5000000000018 227.50000000000003 216.00000000000003 2.5000000000000004 1219.5000000000002 54.500000000000007 4 4.5000000000000009 1.4680272340774538 200.00000000000003 15.500000000000002
decision_type=9 8 2 2 2 8 2 2 2 2 9 2 10 9 2 2 2 9 2 8 2 8 2 10 2 9 10 2 8 2
left_child=1 6 5 4 -2 -3 7 -1 15 10 16 13 19 23 -13 -4 -7 25 -15 -12 21 22 -21 -11 -20 26 -6 28 29 -9
right_child=3 2 8 -5 17 9 -8 27 -10 11 12 14 -14 18 -16 -17 -18 -19 24 20 -22 -23 -24 -25 -26 -27 -28 -29 -30 -31
leaf_value=0.029527762169326555 0.0089183966099917501 0.0081311870198645438 0.008919445490449306 0.033601947175675898 0.061738943262871313 -0.0036865306948418528 0.036704453074028212 0.016376961222189575 0.032451788890876208 0.037699991967362227 -0.0037239573042868973 0.11649014034561594 0.068325963419789956 -0.011365798891578145 0.011488142504954262 0.021328607939429093 -0.02021559797833555 -0.030018837374541897 -0.0061387230840409968 0.091171838428644597 0.051525656916356938 -0.00050642524825128478 0.0050213160614767547 0.0078664724895833038 0.055616009852619365 -0.023747608017501972 -0.027443622279159807 -0.0049997363428000733 0.023418899617652814 -0.0071301252083170782
leaf_weight=59080.185478508472 7329.0308848619461 78623.825874105096 59933.436850346625 3932.4420086890459 576.54358178749681 16675.403806623071 41960.588370069861 22145.721315525472 13291.411425359547 3756.6274555176497 47779.143462024629 656.44518306851387 896.62751791626215 15414.416653081775 641.55032140016556 34851.962521851063 38308.282222408801 161273.94359536469 1304.4652000144124 683.666309915483 1386.969018958509 7664.4056605249643 966.65293890982866 8636.3804350569844 1113.187123067677 83830.746526759118 485.75745340064168 3641.6895313635468 50391.207210049033 5084.0185422301292
leaf_count=155333 18699 146407 115134 13048 2336 28484 126640 47354 34234 10221 81939 3460 3402 19063 1206 79414 44454 194089 1755 3225 4793 14986 1643 15488 3692 206072 482 5995 119587 7247
internal_value=-0.000169741 0.0125876 0.00513408 -0.0256851 -0.0266071 -1.02678e-05 0.0261852 0.0230377 0.0158195 -0.00439833 -0.00713394 0.00552515 0.000340446 0.00294709 0.0650762 0.013484 -0.0152015 -0.0276651 -0.00677304 -0.000713352 0.0127188 0.0068914 0.0410445 0.0169192 0.0224077 -0.0231843 0.0208881 0.0183162 0.0194106 0.011987
internal_weight=772317 514888 332585 257428 253496 224508 182303 140343 108077 145884 114361 31523.1 59377.5 30225.1 1298 94785.4 54983.7 246167 17832.1 58480.8 10701.7 9314.72 1650.32 12393 2417.65 84893 1062.3 81262.6 77620.9 27229.7
internal_count=1509882 1075156 613000 434726 421678 384218 462156 335516 228782 237811 182926 54885 109988 50219 4666 194548 72938 402979 24510 106586 24647 19854 4868 25709 5447 208890 2818 180183 174188 54601
cat_boundaries=0 1 2 3 4 5
cat_threshold=378272 17440 295936 76 2097224
is_linear=0
shrinkage=0.03


Tree=26
num_leaves=31
num_cat=7
split_feature=114 67 100 53 114 64 57 114 59 114 57 52 114 53 124 115 52 124 75 131 97 121 112 53 112 52 121 52 52 112
split_gain=266196 47489.5 16738.1 14506.8 12556.3 9820.2 6034.62 5747.63 8692.2 4361.28 4137.38 4078.2 5098.81 3920.91 3874.83 3754.51 3482.99 3419.17 3315.05 3157.02 3078.74 2892.94 2740.99 3148.2 2972.89 2650.03 2621.14 2599.03 4255.43 5061.04
threshold=0 6.5000000000000009 378.40312194824224 289.50000000000006 1 5.5000000000000009 2 3 1.0000000180025095e-35 4 5 1308.5000000000002 6 44.500000000000007 13.500000000000002 1.0000000180025095e-35 2386.5000000000005 29.500000000000004 0.013736129738390447 20.500000000000004 1511.5000000000002 17.500000000000004 -0.93301269412040699 1700.5000000000002 0.93301269412040722 1482.5000000000002 8.5000000000000018 8759.0000000000018 902.50000000000011 -1.0000000180025095e-35
decision_type=9 2 8 2 9 2 9 9 2 9 9 2 9 2 2 2 2 2 2 2 10 2 2 2 2 2 2 2 2 2
left_child=1 2 6 -2 17 7 -1 8 -3 10 -5 15 14 -9 16 -8 19 27 -10 -13 -17 22 23 -21 -24 -26 -18 28 -4 -30
right_child=3 5 4 9 -6 -7 11 13 18 -11 -12 12 -14 -15 -16 20 26 -19 -20 21 -22 -23 24 -25 25 -27 -28 -29 29 -31
leaf_value=-0.0019963223591867251 0.010047717061589936 0.01308478132047473 -0.01754731271177869 0.047796697721256297 0.0053604737174759208 0.035153630844852707 0.014574769319698498 0.029109009391402305 0.048917449982683422 -0.029955077192932923 -0.022120200489519279 0.037337976865242324 0.0050932389844136521 0.014225526988210562 0.053747093370274369 -0.0017825913290303518 0.1356337491686016 0.010700796313026065 0.028289788407015525 0.0064357030343553312 0.022254940247848517 0.054382331698647264 0.0041637070899263624 0.074143243896398994 -0.0088811460124158213 0.094403156135292154 0.0441633530016 -0.029654842264591141 -0.017795443403272077 0.024609124406447094
leaf_weight=29950.662856668234 9902.6509272754192 20100.970123656094 37857.409517936409 751.58620153367519 59702.911038577557 42704.500895574689 46600.084763973951 18312.200830921531 14499.420929148793 157038.27545107156 84041.34604171291 7096.1019710302353 14938.535790786147 122705.4871301502 4024.6612656265497 31922.593914367259 358.00343003869057 4714.5490524992347 13693.326949164271 1219.4448445141315 5633.0337478965521 1497.1073277592659 16732.135460719466 1247.6107269972563 343.08597345650196 623.32950533181429 1292.279288366437 10124.824790328741 4844.2795521840453 5288.0514255091548
leaf_count=59239 25956 40198 44470 2374 113790 128301 94024 48240 50385 193916 211935 19274 26247 251687 13214 47198 2120 9792 36137 2110 12557 4928 27748 4852 424 2844 3799 13691 5327 12664
internal_value=-0.000225233 0.0120728 0.00389172 -0.0255316 -0.00449088 0.0221578 0.0101746 0.0192245 0.0281613 -0.0269899 -0.0214893 0.0129037 0.0197494 0.016159 0.0260954 0.00888716 0.0224277 -0.0138501 0.0389121 0.0199801 0.0018278 0.0142796 0.0112769 0.0408371 0.00713564 0.0580209 0.0647039 -0.0158457 -0.0129266 0.00433789
internal_weight=769760 518027 286011 251734 122532 232016 163479 189311 48293.7 241831 84792.9 133528 49372.3 141018 34433.8 84155.7 30409.1 62829.1 28192.7 28758.8 37555.6 21662.7 20165.6 2467.06 17698.6 966.415 1650.28 58114.6 47989.7 10132.3
internal_count=1509441 1075260 520312 434181 199734 554948 320578 426647 126720 408225 214309 261339 107560 299927 81313 153779 68099 85944 86522 62180 59755 42906 37978 6962 31016 3268 5919 76152 62461 17991
cat_boundaries=0 1 2 3 4 5 6 7
cat_threshold=378272 17440 549720081 128 76 64 263456
is_linear=0
shrinkage=0.03


Tree=27
num_leaves=31
num_cat=11
split_feature=114 98 103 103 53 73 103 72 98 51 53 114 114 114 53 51 114 114 114 121 57 53 114 114 130 114 69 103 100 98
split_gain=254646 51180.5 15843.6 15172.7 9870.89 9321.02 6125.59 5351.54 9006.48 4698.02 4222.28 8785.98 5790.8 3962.01 3363.39 3266.34 2981.28 2853.48 2521.65 2687.79 2518.73 2444.46 2373.42 2318.93 2729.04 2229.72 2244.25 2160.47 2005.82 1949.81
threshold=0 515.03823852539074 1.0000000180025095e-35 1.5000000000000002 202.50000000000003 0.17761346697807315 1.0000000180025095e-35 1775.5000000000002 1923.3438110351565 1328.5000000000002 1108.5000000000002 1 2 3 2381.5000000000005 1084.5000000000002 4 5 6 9.5000000000000018 7 87.500000000000014 8 9 92.500000000000014 10 9.5000000000000018 2.5000000000000004 252.6158142089844 1568.8520507812502
decision_type=9 8 2 2 2 2 2 2 8 2 2 9 9 9 2 2 9 9 9 2 9 2 9 9 2 9 2 2 8 10
left_child=1 5 7 4 -2 6 25 15 10 18 11 -9 14 28 29 23 20 -13 19 -4 -6 -7 -5 -3 -25 26 -1 -23 -10 -12
right_child=3 2 9 22 16 21 -8 8 13 -11 12 17 -14 -15 -16 -17 -18 -19 -20 -21 -22 27 -24 24 -26 -27 -28 -29 -30 -31
leaf_value=0.021326823899619578 0.0096478879838336092 0.023095204500100278 0.010538924041751751 0.047818270069105565 0.050332808593013388 0.040344900151212573 0.024390784262703566 -0.017340652499549858 0.00050969826937897675 0.029845851209655039 0.018258178192505602 0.012434348453046615 -0.0050938265068178621 -0.00043727944301731044 0.071534717280409763 0.058720655926032976 -0.029797100911291046 -0.0019314994820305218 0.014670268468004311 -0.0088092372546105194 -0.02306272013898612 0.019861690220788417 -0.0047077723594159534 -0.0048030785073772432 0.061289694607233713 0.008109076104173548 0.011066080088960119 0.043492987831963703 -0.028941585488701935 -0.006660545590041588
leaf_weight=45442.246666975319 6680.7496770173311 6654.8180828168988 16667.020078763366 2807.0383274108171 405.87926635146141 24297.781053155661 94725.258847102523 31578.166672378778 2331.9811353310943 12984.066581107676 19135.488421782851 17332.990319058299 19765.391651846468 7492.0866866856813 964.66303784400225 1321.2595356553793 153342.36700632051 43975.221022710204 43892.635844051838 10540.19123198837 81825.472823750228 13838.335967481136 1069.2807657048106 8276.3109171539545 593.20067415386438 37741.324854359031 33268.840569391847 4662.7328744083643 19321.284796286374 3310.1774575933814
leaf_count=105097 16965 16228 34170 11027 1612 78357 231184 36581 3831 32532 40599 35720 33945 16023 3706 4485 194528 70368 89864 15753 208520 33682 1982 13427 2206 70225 66406 15377 21495 4400
internal_value=-0.000216364 0.0116807 0.00248745 -0.0253556 -0.0262991 0.021314 0.018725 -0.00248716 -0.00412983 0.0132572 -0.000887397 -0.00449034 0.00686307 -0.0192613 0.0169511 0.0136156 -0.0273189 0.00213273 0.010224 0.00304176 -0.0226883 0.0340812 0.0334651 0.00974142 -0.000318332 0.0141147 0.0169897 0.0258376 -0.0257591 0.014582
internal_weight=766244 520113 266137 246131 242254 253977 211178 182053 165207 84083.9 136062 92886.4 43175.7 29145.4 23410.3 16845.6 235574 61308.2 71099.8 27207.2 82231.4 42798.8 3876.32 15524.3 8869.51 116452 78711.1 18501.1 21653.3 22445.7
internal_count=1510295 1075661 475333 434634 421625 600328 472912 303014 266668 172319 225319 142669 82650 41349 48705 36346 404660 106088 139787 49923 210132 127416 13009 31861 15633 241728 171503 49059 25326 44999
cat_boundaries=0 1 2 3 4 5 6 7 8 9 10 11
cat_threshold=378272 1056 279584 17568 76 49152 66592 2097216 4 49536 360576
is_linear=0
shrinkage=0.03


Tree=28
num_leaves=31
num_cat=7
split_feature=114 98 103 103 106 64 103 100 114 67 114 114 99 100 70 100 20 35 97 70 114 114 49 98 120 116 69 114 69 74
split_gain=241887 48053.6 14999.2 14343.7 9102.24 8523.7 6321.24 4338.47 7946.18 4234.77 8665.22 3477.83 3225.03 3096.53 2958.21 3124.78 2815.01 2319.86 2303.06 2433.18 2300.21 2273.68 2956.72 2798.27 2267.9 2249.79 2119.71 2105.13 2079.15 2039.97
threshold=0 515.03823852539074 1.0000000180025095e-35 1.5000000000000002 0.00052439089631661784 5.5000000000000009 1.0000000180025095e-35 589.97369384765636 1 1.0000000180025095e-35 2 3 13.497063159942629 -219.51324462890622 2.5000000000000004 929.19021606445324 1.0000000180025095e-35 13.500000000000002 873.50000000000011 1.5000000000000002 4 5 2.6823350191116337 335.11389160156256 27.500000000000004 149.50000000000003 9.5000000000000018 6 58.500000000000007 0.033310217782855041
decision_type=9 8 2 2 2 2 2 10 9 2 9 9 8 10 2 10 2 2 8 2 9 9 8 10 2 8 2 9 2 2
left_child=1 5 7 4 12 6 11 9 -9 10 25 24 -2 18 15 28 -10 -16 27 -20 -15 22 -8 -24 26 -3 -1 -11 -4 -21
right_child=3 2 14 -5 -6 -7 21 8 16 13 -12 -13 -14 20 17 -17 -18 -19 19 29 -22 -23 23 -25 -26 -27 -28 -29 -30 -31
leaf_value=0.020172593820972494 -0.019062968892192243 -0.030190625082474706 0.019958229276239189 0.031589857805327942 0.01046280861980884 0.032675948097295321 0.021632662143023878 0.0065318837741181321 -0.024641218691595523 0.0191515054390137 0.028531757215843171 0.0060383089913394038 -0.028648925834323036 0.010721761414725977 0.005940114432552583 -0.00761259631060077 -0.0054301942669546122 0.051365670694458104 0.026539073572442784 -0.0057540994387095118 -0.0033738850383361533 0.018979004538315886 0.042930173994050372 0.018692431273622995 0.046074225961291015 -0.010636180403837148 0.010083069725928817 -0.0077448623301394999 0.076956214904679174 0.017859699474916675
leaf_weight=46858.329174347222 37904.875151056796 7963.7640890479088 38433.770193316042 3932.5934430211782 5961.0468353107572 43143.647865071893 26503.55785933882 16938.525991469622 22621.345231108367 3637.3506851345301 4406.8213289380074 38502.056047171354 192142.14164419845 12824.965270355344 40816.796413868666 3814.4382050484419 9863.3193771541119 1027.7871023714542 10386.258942082524 6020.0926047936082 55158.356636673212 44590.262715533376 16229.344661846757 5856.4900426119566 2338.8493704944849 15823.020190555602 31287.24943369627 9204.7579557299614 576.11852645128965 7247.1425213888288
leaf_count=106723 108688 10642 83307 12905 14734 128186 63686 34783 21834 7774 11183 69055 297049 25389 77698 5415 15358 3375 24687 9062 83038 98063 51948 12461 7319 29562 61355 13442 2305 16373
internal_value=-0.00024278 0.0112158 0.00231176 -0.0251737 -0.0261219 0.0205193 0.0180458 -0.00253898 -0.0101249 0.000287479 -0.0100282 0.0134614 -0.0270703 0.00307185 0.0127432 0.0182858 -0.0188059 0.00706786 0.0101195 0.0156705 -0.000712493 0.0238979 0.0283973 0.0365144 0.0170084 -0.0171857 0.0161348 -0.000108987 0.0208195 0.00714852
internal_weight=762015 522074 266765 239941 236008 255310 212166 182096 49423.2 132673 28193.6 118986 230047 104479 84668.9 42824.3 32484.7 41844.6 36495.6 23653.5 67983.3 93179.7 48589.4 22085.8 80484.4 23786.8 78145.6 12842.1 39009.9 13267.2
internal_count=1507399 1074023 475227 433376 420471 598796 470610 303127 71975 231152 51387 244452 405737 179765 172100 91027 37192 81073 71338 50122 108427 226158 128095 64409 175397 40204 168078 21216 85612 25435
cat_boundaries=0 1 2 3 4 5 6 7
cat_threshold=378272 114944 82048 360576 49152 327808 263168
is_linear=0
shrinkage=0.03


Tree=29
num_leaves=31
num_cat=4
split_feature=52 73 103 100 103 52 73 72 103 55 72 57 57 49 70 103 52 57 35 69 52 116 68 99 55 100 120 57 54 52
split_gain=220551 45058.4 20240.7 8840.31 8508.42 6883.88 6837.04 6045.92 5061.51 4420.29 4301.12 3515.94 3428.24 2965.72 2943.4 2661.48 3285.27 4069.94 2599.37 2530.33 2468.72 2416.05 2308.24 1984.76 1959.85 1905.88 1823.1 1660.94 1641.74 1538.78
threshold=2893.5000000000005 0.057994373142719276 1.0000000180025095e-35 409.13531494140631 1.5000000000000002 169.50000000000003 0.19688432663679126 284.50000000000006 1.0000000180025095e-35 0.14500000327825549 1775.5000000000002 0 1 0.81042161583900463 1.5000000000000002 1.5000000000000002 932.50000000000011 2 4.5000000000000009 117.50000000000001 353.50000000000006 459.50000000000006 10.500000000000002 13.497063159942629 3.5000000000000004 -1583.3583374023435 5.5000000000000009 3 60.500000000000007 1463.5000000000002
decision_type=2 2 2 8 2 2 2 2 2 8 2 9 9 10 2 2 2 9 2 2 2 10 2 8 8 10 2 9 2 2
left_child=1 2 3 9 7 -5 8 28 20 -1 14 -12 -9 -8 -7 16 21 29 22 -10 -3 27 -17 -14 -6 -11 -27 -4 -2 -18
right_child=4 6 15 5 24 10 13 12 19 25 11 -13 23 -15 -16 18 17 -19 -20 -21 -22 -23 -24 -25 -26 26 -28 -29 -30 -31
leaf_value=-0.029786959115218576 0.046751558365136711 0.016626813507738713 0.022453442413295038 0.0047484778297779869 0.055403642300813037 0.027825802727169075 0.016893101876707894 -0.0063997023147715848 0.024924009363964959 -0.013550100132458618 0.00010242229512701063 -0.018970904852855627 -0.018800325644848841 0.03764000551604503 -0.0074992870997166545 0.020585655933082637 0.0164899368953219 -0.0019693841047560335 0.051352560234447155 -0.01390411951894463 0.0050906283169269212 -0.012674681949409586 -0.007278651659501539 -0.02868528077964096 0.0039584892990176309 0.0036540398988249958 0.014481066411799861 0.004625728249245958 0.00028631076501680681 0.031242148901546654
leaf_weight=3499.8007115088403 889.4951705634594 65964.047234244645 5705.4603236690164 26045.088249839842 1213.8988282904029 3481.523045130074 7990.6973538398743 7063.2992937974632 77317.316107526422 5124.0710202157497 10375.126271083951 54057.281039018184 20375.628911964595 28066.802040085196 5407.7171696536243 32885.853866688907 14413.979724891484 7585.5479456409812 2274.9521779865026 1534.6459940671921 22366.609815254807 6174.3992843180895 2907.6520630717278 184722.1858349666 1466.9416443407536 103638.37009946257 16175.278590202332 26506.337961319834 2862.0568306334317 11455.944313723594
leaf_count=17503 3638 146044 13735 50438 4798 8502 18425 15214 194998 7794 19564 82294 56393 89561 8631 74332 29598 13816 7448 2239 39205 7657 4659 288608 3300 180814 36114 47237 7072 29590
internal_value=-0.000238079 0.0100382 0.00332126 -0.00178031 -0.0256682 -0.0084988 0.0211987 -0.026328 0.0186412 0.00341775 -0.0132045 -0.015903 -0.0269956 0.0330482 0.00635171 0.0138942 0.0104934 0.017364 0.0203077 0.0241667 0.0137066 0.00450239 0.0183207 -0.0277029 0.0273725 0.00435021 0.00511681 0.00779782 0.0113982 0.0230233
internal_weight=759548 540955 337714 227804 218594 99366.7 203240 215913 167183 128438 73321.6 64432.4 212161 36057.5 8889.24 109910 71841.7 33455.5 38068.5 78852 88330.7 38386.2 35793.5 205098 2680.84 124938 119814 32211.8 3751.55 25869.9
internal_count=1509221 1130198 639726 411654 379023 169429 490472 370925 382486 242225 118991 101858 360215 107986 17133 228072 141633 73004 86439 197237 185249 68629 78991 345001 8098 224722 216928 60972 10710 59188
cat_boundaries=0 1 2 3 5
cat_threshold=587206736 536875016 204808 8454224 1
is_linear=0
shrinkage=0.03


Tree=30
num_leaves=31
num_cat=10
split_feature=114 73 103 52 100 114 103 114 73 113 99 100 114 103 114 57 120 69 57 75 73 73 114 74 114 114 69 113 52 113
split_gain=221577 37448.6 15835.8 13572.2 8328.43 9046.1 8085.32 5297.81 4301.91 3435.56 3139.69 3047.53 3486.83 3030.7 3018.8 2741.5 2676.63 2649.47 2642.44 2629.28 2578.85 4966.65 3316.1 2485.3 2434.33 2388.73 2207.39 2132.58 2491.63 2120.44
threshold=0 0.077577851712703719 1.0000000180025095e-35 283.50000000000006 480.97912597656256 1 1.5000000000000002 2 0.19335904717445376 -0.93301269412040699 0.27175047993659979 929.19021606445324 3 1.0000000180025095e-35 4 5 5.5000000000000009 132.50000000000003 6 0.011909390334039928 0.011118837632238867 0.017917135730385784 7 0.14447789639234546 8 9 12.500000000000002 0.93301269412040722 2203.5000000000005 0.25000000000000011
decision_type=9 2 2 2 8 9 2 9 2 2 10 10 9 2 9 9 2 2 9 2 2 2 9 2 9 9 2 2 2 2
left_child=1 2 4 24 9 10 14 -3 13 26 -6 15 -13 -9 18 -4 -11 19 -5 25 23 29 -23 -7 -2 -15 -1 28 -17 -22
right_child=3 7 11 6 5 20 -8 8 -10 16 -12 12 -14 17 -16 27 -18 -19 -20 -21 21 22 -24 -25 -26 -27 -28 -29 -30 -31
leaf_value=0.027810445884226535 0.015110626408737365 0.0048524080400007058 0.0013957765895002614 0.053169058418573382 0.011199420091875214 -0.023491384313857475 0.025273617498355352 0.016194367958906566 0.033013398521438371 0.0017278342300061885 -0.0093400012687089601 -0.017224074371846337 0.017155778462628456 0.04478581882095671 -0.02954816394788784 0.014600645249913047 0.013867505258686965 -0.024836463609475706 -0.022517501664165929 0.022005350809157696 0.11224468606516848 0.017471410144259146 -0.015206862612419608 0.030946941492653673 -0.029878376051913715 0.024127997202438266 -0.0044418478919891775 0.029582034469655714 0.04760252878531613 0.020582032826507488
leaf_weight=8650.4335994496942 8707.655235927552 14748.112036243081 11393.456445761025 400.03115644678473 22945.828154973686 24663.277038227767 2694.4746980965137 59759.124682366848 34639.849932357669 121087.18631521612 9449.0048634186387 5772.9657549187541 4881.5714762955904 10933.432276383042 141113.7461987175 85193.550190448761 18888.059139192104 914.27210253477097 75686.066823333502 40983.160047307611 385.64843506366014 3203.3325332850218 21192.786480527371 770.29247019067407 1217.4738047644496 9610.1737889051437 2446.969607539475 10723.004324823618 2102.2348841801286 546.67869989573956
leaf_count=21444 24978 26864 22917 1627 50394 31714 8228 130693 104938 204456 14211 6627 11102 37660 193291 172476 39809 896 204903 99826 1996 7219 26516 2168 893 23163 4411 26698 6529 1207
internal_value=-0.000181805 0.010557 0.00498566 -0.0247536 0.000444537 -0.00717971 -0.0263036 0.0220604 0.0236763 0.00464145 0.00520579 0.0138438 -0.00147106 0.021029 -0.0269446 0.0153352 0.00336682 0.0256526 -0.0221057 0.0264067 -0.0150813 -0.00830346 -0.0109097 -0.0218311 0.00955263 0.0351722 0.0207012 0.0169533 0.0154007 0.0592862
internal_weight=755704 525884 354296 229819 234229 83156.8 219894 171588 156840 151073 32394.8 120067 10654.5 122200 217200 109412 139975 62441 76086.1 61526.8 50762 25328.4 24396.1 25433.6 9925.13 20543.6 11097.4 98018.8 87295.8 932.327
internal_count=1509854 1075934 651894 433920 405545 135425 408049 424040 397176 270120 64605 246349 17729 292238 399821 228620 244265 161545 206530 160649 70820 36938 33735 33882 25871 60823 25855 205703 179005 3203
cat_boundaries=0 1 2 3 4 5 6 7 8 9 10
cat_threshold=378272 360704 17440 263200 76 549721105 2097216 16384 588 65664
is_linear=0
shrinkage=0.03


Tree=31
num_leaves=31
num_cat=0
split_feature=52 102 103 103 102 115 99 94 106 51 51 128 103 35 51 52 51 113 124 75 93 78 112 66 20 54 131 128 112 52
split_gain=202408 33377.8 13421.6 10485.3 7559.5 6855.8 9888.9 6921.69 3979.95 3464.48 2981.65 4766.76 2868.5 2771.59 3329.33 2485.87 3016.47 3355.77 2476.17 2465.74 2280.72 2184.63 2166.5 2130.97 2128.55 2075.69 2049.65 2912.13 2011.48 3016.44
threshold=2588.5000000000005 3.5000000000000004 1.0000000180025095e-35 1.0000000180025095e-35 7.5000000000000009 1.0000000180025095e-35 0.97024112939834606 0.010000000707805158 0.30839161574840551 78.500000000000014 972.50000000000011 6.5000000000000009 1.0000000180025095e-35 7.5000000000000009 914.50000000000011 1338.5000000000002 200.50000000000003 -0.93301269412040699 3.5000000000000004 11.014589786529543 8739.5000000000018 6.870833396911622 -0.68301269412040699 8.5000000000000018 14.500000000000002 676.50000000000011 48.500000000000007 16.500000000000004 1.0000000180025095e-35 361.50000000000006
decision_type=2 2 2 2 2 2 10 8 2 2 2 2 2 2 2 2 2 2 2 2 2 8 2 2 2 2 2 2 2 2
left_child=1 2 5 24 12 7 9 19 -9 23 -11 -12 28 14 -4 -8 22 -18 -16 20 -1 -5 -17 -7 -2 -19 -13 -28 -3 -30
right_child=3 4 13 21 -6 6 15 8 -10 10 11 26 -14 -15 18 16 17 25 -20 -21 -22 -23 -24 -25 -26 -27 27 -29 29 -31
leaf_value=-0.025992093837923162 -0.027435757811460411 0.006658776788514508 0.0082843439955453003 0.043811652721466796 0.027730645555349136 -0.0022197178692388258 4.1502487321984019e-05 0.0070601257501220378 0.032928188879247471 -0.017692487392245975 -0.0078362321551226095 -0.013818761670963926 0.01982419892121642 0.043870048049572168 0.014603374478833427 0.036367869312554736 0.078946114885769678 0.055684125079467066 0.03350954169082615 0.027979157350098597 -0.0043585708910790734 0.0016446009136840726 -0.014919040893740123 0.048579634989902656 -0.018441923423513581 0.014631426071256042 0.11108653824579866 0.0075273467176678027 0.020672245039801137 0.0024124839284023285
leaf_weight=8020.8999350182712 178093.04640915617 40021.635419726372 67250.410717602819 1309.731648337096 61456.510449647903 19705.970438282937 19751.238343156874 80355.2553207241 5726.2520563900471 51119.881558340043 10971.49915175885 325.42367279529572 67709.054057277739 2506.5500163920224 20441.3991124928 907.23294869065285 881.50916869938374 1220.954506136477 8983.0163491517305 1334.5178971812129 9674.1879149451852 6826.7006459347904 3857.1892875470221 762.30786227807403 27418.482737507671 11341.652004614472 639.4106789380312 394.31291216611862 31913.86168384552 10933.905169002712
leaf_count=34246 242126 73742 130057 5597 173800 38823 31665 158271 15313 58689 15135 360 156602 8245 40845 2870 3585 4024 23672 3890 13760 15387 6108 2549 127821 22779 3271 694 75803 18877
internal_value=-0.000209587 0.0095976 0.00357378 -0.0249144 0.0188634 -0.000448998 -0.00529061 0.00516492 0.00878453 -0.0110375 -0.0144991 -0.00125638 0.0152427 0.0127795 0.011969 0.00741379 0.0154063 0.0226709 0.0203847 -0.0112046 -0.0141738 0.00847773 -0.00509736 -0.00030498 -0.0262368 0.0186624 0.0515277 0.0720346 0.0114974 0.0160144
internal_weight=751854 538206 326171 213648 212035 226990 121879 105111 86081.5 83918.8 63450.5 12330.6 150578 99181.4 96674.8 37959.8 18208.5 13444.1 29424.4 19029.6 17695.1 8136.43 4764.42 20468.3 205512 12562.6 1359.15 1033.72 82869.4 42847.8
internal_count=1508606 1117675 618851 390931 498824 416032 190552 225480 173584 119521 78149 19460 325024 202819 194574 71031 39366 30388 64517 51896 48006 20984 8978 41372 369947 26803 4325 3965 168422 94680
is_linear=0
shrinkage=0.03


Tree=32
num_leaves=31
num_cat=10
split_feature=114 67 53 103 103 102 72 99 114 124 69 114 99 114 57 29 114 59 57 114 53 128 114 128 53 115 103 69 114 52
split_gain=202250 32635 13456.5 11490.7 7577.24 7178.63 6157.45 7973.45 6606.15 3730.8 3577.99 3135.63 3008.52 4582.59 4203.71 2664.25 3310.33 2725.9 2653.3 2442.81 2464.34 2376.97 2271.04 2106.48 1880.93 2532.4 1794.98 2294.75 1788.55 3049.48
threshold=0 6.5000000000000009 289.50000000000006 1.0000000180025095e-35 1.5000000000000002 7.5000000000000009 1783.5000000000002 0.80197054147720348 1 136.50000000000003 82.500000000000014 2 0.612429440021515 3 4 2.5000000000000004 5 1.0000000180025095e-35 6 7 1049.5000000000002 3.5000000000000004 8 4.5000000000000009 1211.5000000000002 1.0000000180025095e-35 2.5000000000000004 53.500000000000007 9 1169.5000000000002
decision_type=9 2 2 2 2 2 2 10 9 2 2 9 10 9 9 2 9 2 9 9 2 2 9 2 2 2 2 2 9 2
left_child=1 3 22 6 11 10 19 8 9 24 15 18 13 -5 -14 16 17 21 -4 20 -1 -3 -2 -19 25 -8 27 -18 -9 -30
right_child=2 5 4 12 -6 -7 7 28 -10 -11 -12 -13 14 -15 -16 -17 26 23 -20 -21 -22 -23 -24 -25 -26 -27 -28 -29 29 -31
leaf_value=-0.0079230449230324775 0.015057485905495993 0.021948248770601513 0.054316709511684332 -0.015629348669937291 0.02330236259045794 0.026898439488587351 0.0045159038686251943 -0.0014548211271748275 -0.00087028111111974945 0.018720480197564036 -0.0032533564514306374 -0.029381578024082054 0.021290578570641868 0.010962620138743434 0.0037535886247606837 0.032006978739330602 0.010099340353227109 0.023592380721583098 -0.022055820665394965 0.019925303445884893 0.024671897121449585 1.7003475159432599e-05 -0.029427397888973569 0.044160509915202144 -0.030222914835826269 -0.018938488719142152 0.021845926669757355 0.030917805780628804 -0.0016912648983769519 0.013844379604999539
leaf_weight=7451.576173633337 8726.0362456813455 13119.811091169715 394.15765874832869 7682.0957212746143 2762.2379732206464 61389.473777130246 4830.7929631695151 33592.168486692011 44853.700594656169 2483.0025714486837 9164.4763089120388 134098.64220162109 40743.050310753286 24021.978811688721 17650.007822565734 8854.848052456975 98046.598295636475 14352.056181699038 72679.838148266077 15933.270499438047 2888.5382333919406 6726.294874124229 1153.0463489927351 6549.0614024698734 10328.559892315418 28950.593547612429 16240.068592429161 5001.7302942872047 19013.363062225282 28274.372466392815
leaf_count=10244 25144 30235 1610 9103 8244 173156 8961 59523 76747 5617 15293 193103 90296 47139 33537 25518 188786 37209 204675 37062 7391 10922 882 21969 14269 34119 37437 13071 28951 56677
internal_value=-0.000201386 0.00986284 -0.0243811 0.00307128 -0.0259924 0.0180513 -0.000960068 -0.00302285 -0.00909123 -0.0169996 0.0149997 -0.0266508 0.0119566 0.00451485 0.0159956 0.0159903 0.0151022 0.0224881 -0.0216291 0.0125656 0.00119632 0.014519 0.00982635 0.0300551 -0.0190179 -0.0155841 0.0125746 0.0111127 0.00383863 0.00759719
internal_weight=747955 528141 219814 288697 209935 239444 198600 172327 91446.6 46592.9 178055 207173 90097.1 31704.1 58393.1 168890 160036 40747.2 73074 26273.4 10340.1 19846.1 9879.08 20901.1 44109.9 33781.4 119288 103048 80879.9 47287.7
internal_count=1506890 1073232 433658 519636 407632 553596 339561 284864 139713 62966 380440 399388 180075 56242 123833 365147 339629 100335 206285 54697 17635 41157 26026 59178 57349 43080 239294 201857 145151 85628
cat_boundaries=0 1 2 3 4 5 6 7 8 9 10
cat_threshold=378272 17440 76 1056 204800 65664 2097216 17440 588 65920
is_linear=0
shrinkage=0.03


Tree=33
num_leaves=31
num_cat=9
split_feature=114 98 75 100 114 114 57 114 98 57 74 130 35 35 57 97 102 114 124 100 57 75 121 98 97 116 97 116 130 29
split_gain=193402 34244.4 11841.9 9169.9 9601.99 5167.94 4527.68 4499.22 3531.88 3437.75 2836.35 2820.98 2769.63 2446.54 2292.99 2158.93 1950.2 1897.37 1883.56 2560.1 2344.6 2233.42 2169.97 2238.15 1879.96 2192.51 1701.66 1930.03 1695.75 1675.31
threshold=0 335.11389160156256 1.3954774737358095 508.03564453125006 1 2 3 4 809.56234741210949 5 1.5320484638214114 68.500000000000014 1.5000000000000002 10.500000000000002 6 350.50000000000006 11.500000000000002 7 8.5000000000000018 -112.33721923828124 8 0.062815506011247649 15.500000000000002 1393.241882324219 167.50000000000003 214.00000000000003 1766.5000000000002 60.500000000000007 636.50000000000011 3.5000000000000004
decision_type=9 8 2 8 9 9 9 9 10 9 2 2 2 2 9 10 2 9 2 10 9 2 2 10 10 8 10 10 2 2
left_child=1 7 5 6 12 9 8 10 -3 -2 11 16 -5 24 -9 -11 29 -14 21 20 -20 -8 -23 -24 25 -6 27 -25 -26 -1
right_child=2 3 -4 4 13 -7 18 14 -10 15 -12 -13 17 -15 -16 -17 -18 -19 19 -21 -22 22 23 26 28 -27 -28 -29 -30 -31
leaf_value=0.020520961639718473 0.023974722335012945 0.0083358930138022758 0.012743779023941687 -0.015166019533115716 0.036316648858264328 -0.02914874333454642 0.0031571161274043689 0.0034945401147326626 -0.011868935834998436 -0.022503714805965264 -0.0070288792892366017 0.037153682075186011 0.018742466806942408 0.048649780409045121 0.016502892429462599 -0.0086875724707494179 0.043837823111041188 -0.015385853974862291 0.0080897897360559298 0.008754619216567075 0.028801812390724851 0.0087476893432094083 0.01702651372734864 0.031768955830815265 0.00015237600974849183 0.0076179359955607746 0.00064721926921319556 0.10347084908267846 0.051364859731212721 0.039652799160297757
leaf_weight=109270.82032006234 1601.7056056931615 13484.050433121622 7528.2376242280006 46285.962112966925 2973.867883592844 131646.07506866753 70248.191522747278 17121.426396295428 18400.228461384773 62654.25158438459 2819.8424540385604 12110.994169041514 3933.5629235878587 1129.998438552022 42596.289489977062 12173.843539625406 3546.3605830669403 2312.6433491557837 7638.9006678760052 41098.719566717744 13984.624783970416 56198.544943615794 6686.4569660052657 639.66799445450306 40159.976477734745 12202.714368697256 404.0259310901165 737.12737859785557 580.46225796639919 4283.9773510992527
leaf_count=268537 4237 28433 19403 66169 8205 194326 116494 29394 32259 180337 4586 38365 8887 3718 93788 35533 13036 2894 14202 76049 34760 103884 14157 1659 69117 26010 621 3591 1926 14513
internal_value=-0.000244222 0.0094876 -0.0242041 0.00375783 -0.00338177 -0.0255426 0.00716646 0.0196202 -0.00332322 -0.0193218 0.022712 0.0233633 -0.0126335 0.00513975 0.0127757 -0.0202547 0.021934 0.00610751 0.00885855 0.0131545 0.0215091 0.00686118 0.0108839 0.0250352 0.00425286 0.0132617 0.0548425 0.070627 0.000894468 0.0212462
internal_weight=746454 530849 215604 339100 109579 208076 229521 191750 31884.3 76429.8 132032 129212 52532.2 57047 59717.7 74828.1 117101 6246.21 197636 62722.2 21623.5 134914 64665.8 8467.28 55917 15176.6 1780.82 1376.8 40740.4 113555
internal_count=1509090 1075254 433836 613035 186926 414433 426109 462219 60692 220107 339037 334451 77950 108976 123182 215870 296086 11781 365417 125011 48962 240406 123912 20028 105258 34215 5871 5250 71043 283050
cat_boundaries=0 1 2 3 4 5 6 7 8 9
cat_threshold=378272 17440 76 545263617 328064 2097224 33947648 16384 20971600
is_linear=0
shrinkage=0.03


Tree=34
num_leaves=31
num_cat=6
split_feature=114 98 52 51 114 52 64 52 114 114 100 72 114 59 74 56 114 113 113 131 97 51 54 100 116 100 98 97 97 68
split_gain=184952 32644.3 12894.3 7291.57 7124.86 10627.6 6795.19 5898.27 5398.99 4896.84 4556.01 4202.78 4183.12 5477.02 4052.79 2982.86 2947.98 2910.82 3095.76 3488.26 2827.48 5988.97 2581.68 2698.37 2499.32 2424.06 2411.82 2966.39 2198.73 2187.04
threshold=0 515.03823852539074 248.50000000000003 1016.5000000000001 1 932.50000000000011 5.5000000000000009 4458.5000000000009 2 3 -202.97760772705075 1069.5000000000002 4 1.0000000180025095e-35 0.13328707218170169 -1.4999999999999998 5 -0.93301269412040699 -0.25000000000000006 180.50000000000003 2256.5000000000005 1437.5000000000002 655.50000000000011 -33.051303863525384 145.00000000000003 -2424.3061523437495 1858.0322265625002 1488.5000000000002 132.50000000000003 4.5000000000000009
decision_type=9 8 2 2 9 2 2 2 9 9 10 2 9 2 2 10 9 2 2 2 10 2 2 8 10 10 10 10 8 2
left_child=1 6 -2 4 5 -3 12 16 -5 -4 28 -9 13 -1 22 24 25 -12 -19 20 26 -22 23 -7 -15 -6 27 -20 -10 -16
right_child=2 3 9 8 7 14 -8 11 10 -11 17 -13 -14 15 29 -17 -18 18 19 -21 21 -23 -24 -25 -26 -27 -28 -29 -30 -31
leaf_value=0.012065430658812248 0.0107505394334421 -0.018019879773619619 -0.019396095874876312 -0.012113924377424696 0.036358464689222575 0.04065901927176889 0.027524255236194266 0.020507076343516496 -1.5157946815894268e-05 -0.029134775759943627 0.049919059541300777 -0.021057129580932265 0.011284575191167392 0.015592407136941159 0.088313768531099721 0.039549926607258291 0.00085825405545692716 -0.0094726648289441516 -0.0019467379136087592 -0.018162417774309245 -0.022506083676380517 0.10493630414808426 -0.0072769016359626633 0.0011432695774000483 0.033450814674761305 0.0083100054031651112 -0.028386262336150162 0.035723472672744866 0.026785355357058404 0.022557765856633567
leaf_weight=41855.989140190184 9185.4567275904119 40180.76101225242 73467.219081241637 7685.2933212630451 2912.3774587996304 2914.3132511973381 43708.805860355496 2593.5830735899508 3131.2870046198368 127911.13827990741 1246.3205817192793 13803.72487732023 134941.44967800379 19127.900210216641 851.91275952756405 12662.567501619458 81090.459672667086 10019.96150084585 3221.211652316153 2604.0727912187576 510.90861715376377 921.18251101672649 6580.2054598927498 3323.3441801555455 11198.271667867899 54748.131357721984 1042.1511193960905 4509.8351822495461 22918.297262363136 984.70764425396919
leaf_count=82871 24011 47583 215855 9701 7958 8242 128403 7087 4834 193844 3922 25315 268690 43368 3725 41709 143044 12612 4714 2587 456 4495 8846 5498 33784 104119 745 11997 55371 2263
internal_value=-0.000206242 0.00922392 -0.0239988 0.00184754 -0.000750022 -0.0100432 0.0167206 0.00253545 0.0112811 -0.0255854 0.0148692 -0.0144744 0.014571 0.0197922 0.0118185 0.0273155 0.00454672 0.0054607 0.00301279 0.0127792 0.0206845 0.0596295 0.0058275 0.0196411 0.0221957 0.00973108 0.0142667 0.0200456 0.023565 0.0533716
internal_weight=741853 531289 210564 267794 209984 54835.2 263495 155148 57810.5 201378 50125.2 16397.3 219786 84844.7 14654.5 42988.7 138751 24075.6 22829.3 12809.4 10205.3 1432.09 12817.9 6237.66 30326.2 57660.5 8773.2 7731.05 26049.6 1836.62
internal_count=1507649 1073939 433710 475114 363680 76157 598825 287523 111434 409699 101733 32402 470422 201732 28574 118861 255121 41528 37606 24994 22407 4951 22586 13740 77152 112077 17456 16711 60205 5988
cat_boundaries=0 1 2 3 4 5 6
cat_threshold=378272 1056 82048 76 262272 49280
is_linear=0
shrinkage=0.03


Tree=35
num_leaves=31
num_cat=5
split_feature=53 73 103 103 100 59 57 55 57 74 69 55 53 35 113 35 128 70 57 97 97 103 73 55 57 113 57 99 127 100
split_gain=170532 31041 14445.6 7829.03 7636.4 6035.04 5424.86 3773.09 3311.33 3251.2 3290.67 3000.64 2959.28 2932.13 2645.42 2427.88 2688.3 2464.26 2893.42 2354.67 4301.82 2277.56 2162.72 2106.67 3830.94 2012.37 1991.48 1866.46 1738.9 1708.65
threshold=2884.5000000000005 0.077577851712703719 1.0000000180025095e-35 1.0000000180025095e-35 555.78302001953136 1.0000000180025095e-35 0 0.11499999836087228 1 0.46679636836051946 13.500000000000002 4.5000000000000009 99.500000000000014 2.5000000000000004 -0.93301269412040699 7.5000000000000009 8.5000000000000018 1.5000000000000002 2 393.00000000000006 335.50000000000006 2.5000000000000004 0.23336035758256915 10.500000000000002 3 0.25000000000000011 4 0.26504358649253851 3.5000000000000004 -202.97760772705075
decision_type=2 2 2 2 8 2 9 8 9 2 2 8 2 2 2 2 2 2 9 8 10 2 2 8 9 2 9 10 2 10
left_child=1 2 4 9 7 13 12 -1 -7 23 25 -5 -6 -3 -9 16 21 -18 -19 20 22 -4 -10 24 -2 -11 28 -8 29 -16
right_child=3 5 15 11 6 8 27 14 19 10 -12 -13 -14 -15 26 -17 17 18 -20 -21 -22 -23 -24 -25 -26 -27 -28 -29 -30 -31
leaf_value=-0.028294728568349241 0.10621351864183445 0.0083700951552261454 0.01157558757051973 0.041812756119151862 0.0030210871109257577 0.01282254797294469 0.015964913418222072 0.01676008036506103 0.022443521291237417 0.10860858608410931 -0.014105654083643546 -0.0043863552581718136 -0.014513364925469466 0.022606631558663912 0.0038881170970745207 0.037344465272000971 0.026393143167055301 -0.0077752378545933344 0.01260697607726937 0.0036480915825230489 0.052777612959908113 0.025175660520376304 0.034965965661390694 -0.02772246307425651 -0.017920062325819754 0.012596290911641364 0.0082675245093786175 -0.010226270223456553 0.011267338864565988 -0.0041575729297979131
leaf_weight=3428.6033458821476 207.57978101074696 53797.045436039567 79295.229088507593 1658.8439914211631 10196.781452223659 22336.517789937556 9660.0816234126687 12420.67823055014 58689.886223010719 301.01738044992089 8366.9760985374451 5226.0726869367063 57446.129673391581 17178.531000390649 39354.352187804878 3207.6297305971384 3605.342662371695 16429.082992121577 10107.750074259937 4092.7082430496812 5424.2652732208371 12885.777914464474 15795.972411811352 159844.9943465814 15349.916942540556 541.87116694077849 38127.087313313037 3271.457635819912 11675.776203643531 59901.776183690876
leaf_count=18627 1213 101796 157606 6522 19708 48316 22976 27956 155711 1632 25868 11547 95941 42741 70750 9779 8686 24806 20111 7113 20788 30678 52949 253970 76964 1464 72497 5509 25718 89454
internal_value=-0.00024072 0.00827109 0.00333636 -0.0246124 -0.000896814 0.0185958 -0.00846592 0.00280175 0.0231176 -0.0257838 -0.00839839 0.0067893 -0.0118683 0.0118185 0.00346372 0.011614 0.0109363 0.00315748 -8.10755e-06 0.0258487 0.0269883 0.0134792 0.0251035 -0.0266961 -0.0161399 0.0477562 0.00235472 0.009329 0.000321159 -0.000967443
internal_weight=739826 548328 371014 191497 245483 177315 80574.5 164908 106339 184612 9209.86 6884.92 67642.9 70975.6 161480 125531 122323 30142.2 26536.8 84002.8 79910.1 92181 74485.9 175402 15557.5 842.889 149059 12931.5 110932 99256.1
internal_count=1509396 1130216 700802 379180 449136 429414 144134 305002 284877 361111 28964 18069 115649 144537 286375 251666 241887 53603 44917 236561 229448 188284 208660 332147 78177 3096 258419 28485 185922 160204
cat_boundaries=0 1 2 3 4 5
cat_threshold=193339777 33821890 537015425 65608 2688954753
is_linear=0
shrinkage=0.03


Tree=36
num_leaves=31
num_cat=12
split_feature=114 73 53 103 103 100 114 59 114 114 99 114 73 73 114 120 100 114 57 52 57 74 114 114 97 97 59 68 97 114
split_gain=170656 25018.4 12196.2 11136.5 7484.29 5741.21 7594.12 4675.31 4695.99 3222.8 2801.44 2755.55 2485.53 4507.3 3063.68 2201.33 2163.77 2929.13 2254.38 2036.32 2010.72 1943.04 1893.94 1781.26 1738.09 3595.09 1930.27 1747.08 1671.94 1618.38
threshold=0 0.077577851712703719 304.50000000000006 1.0000000180025095e-35 1.5000000000000002 419.89126586914068 1 1.0000000180025095e-35 2 3 0.15303421765565875 4 0.011118837632238867 0.017917135730385784 5 5.5000000000000009 929.19021606445324 6 7 35.500000000000007 8 0.17788764834403994 9 10 393.00000000000006 333.50000000000006 1.5000000000000002 55.500000000000007 350.50000000000006 11
decision_type=9 2 2 2 2 8 9 2 9 9 10 9 2 2 9 2 10 9 9 2 9 2 9 9 8 10 2 2 10 9
left_child=1 3 22 5 9 15 10 11 24 20 -7 19 21 -14 -15 -1 18 -18 -5 -3 -4 -8 -2 -6 25 26 -9 -28 -22 -17
right_child=2 7 4 16 23 6 12 8 -10 -11 -12 -13 13 14 -16 29 17 -19 -20 -21 28 -23 -24 -25 -26 -27 27 -29 -30 -31
leaf_value=0.0024661598515355629 0.012588746480017463 0.031182524038650929 0.019975283429303995 0.00011680136262178016 0.041982167907831713 0.012651528456753427 -0.021625264608573943 0.019756714242509094 0.01068870395012316 -0.029004994970544661 -0.0040259669490314998 0.0045002889870154701 0.055503738217943549 0.0053064380747695206 -0.016632257082503297 0.0025850425261497614 -0.016587535396967189 0.014911612982637448 0.014043364431480123 0.01372660432316628 -0.023495360283808601 0.028181008465755546 -0.028626505610029957 -0.0089112712557842429 0.004329190383794727 0.049420795626451026 0.030325132554780556 -0.034138379178057419 -0.010358579425798568 0.02009037215580263
leaf_weight=125718.21776417643 9206.2646501474082 7267.0209915041924 1057.9518536292017 11667.335164442658 1746.0484039187431 19014.145205557346 23706.46415450424 36612.466927394271 25454.334679163992 121178.72948616371 17308.629535682499 27326.814361266792 992.50795648992062 8577.7267553955317 17197.209363214672 7863.2617008909583 5544.0570419207215 5065.5513319671154 101976.8084167093 34966.044652864337 56812.640776518732 718.28094354644418 1107.3559243641794 948.90599298477173 3351.9187826514244 5662.632396042347 34627.614386439323 374.71702909469604 10327.208353545517 12059.624767504632
leaf_count=215712 25842 20374 2804 22847 6531 42739 33573 95376 52633 193322 28320 49339 3293 15506 21981 15139 6589 11114 205441 71887 171983 1943 906 1629 5902 21304 106476 403 31494 26483
internal_value=-0.000196619 0.00870799 -0.0236486 0.00415177 -0.0253563 0.000285818 -0.00578676 0.017979 0.0219427 -0.026063 0.00470411 0.0119317 -0.0132282 -0.00691234 -0.00933637 0.00393494 0.0114054 -0.00154998 0.012615 0.0167329 -0.0208247 -0.0201496 0.00812456 0.0242179 0.0254893 0.0264098 0.0245836 0.0296255 -0.0214734 0.0131974
internal_weight=735438 533053 202385 357410 192071 233156 87515 175644 106084 189377 36322.8 69559.9 51192.2 26767.4 25774.9 145641 124254 10609.6 113644 42233.1 68197.8 24424.7 10313.6 2694.95 80629.3 77277.4 71614.8 35002.3 67139.8 19922.9
internal_count=1508885 1074374 434511 650680 407763 404689 147355 423694 282094 399603 71059 141600 76296 40780 37487 257334 245991 17703 228288 92261 206281 35516 26748 8160 229461 223559 202255 106879 203477 41622
cat_boundaries=0 1 2 3 4 5 6 7 8 9 10 11 12
cat_threshold=378272 360704 328064 76 360704 16512 263200 549721105 2097224 588 4 81920
is_linear=0
shrinkage=0.03


Tree=37
num_leaves=31
num_cat=8
split_feature=114 98 52 103 103 98 64 114 74 100 114 114 52 98 131 52 59 100 114 106 113 120 131 97 57 114 52 97 100 114
split_gain=163012 27032.9 11824.2 9432.82 6908.62 5105.31 4501.19 3247.58 3242.91 3083.86 6288.52 5338.17 5032.3 4398.4 4289.17 3541.67 2311.96 3230.06 2403.18 3374.56 2192.42 2357.65 2132.45 2122.62 1950.63 1916.24 1887.94 1856.63 1825.83 2603.41
threshold=0 335.11389160156256 288.50000000000006 1.0000000180025095e-35 1.5000000000000002 749.04144287109386 6.5000000000000009 1 0.033344916999340064 271.62620544433599 2 3 1338.5000000000002 2201.2631835937505 50.500000000000007 1482.5000000000002 1.0000000180025095e-35 -903.83502197265614 4 0.24911347776651385 -0.93301269412040699 9.5000000000000018 25.500000000000004 1321.5000000000002 5 6 228.50000000000003 99.500000000000014 897.04168701171886 7
decision_type=9 8 2 2 2 8 2 9 2 10 9 9 2 8 2 2 2 10 9 2 2 2 2 8 9 9 2 10 10 9
left_child=1 6 25 5 7 -3 8 24 16 10 15 -11 -12 20 -15 23 17 -1 -18 -20 -14 -22 -19 -7 -4 -2 27 -13 -5 -30
right_child=2 3 4 28 -6 9 -8 -9 -10 11 12 26 13 14 -16 -17 18 22 19 -21 21 -23 -24 -25 -26 -27 -28 -29 29 -31
leaf_value=0.046403990125914334 0.012657089797270737 0.005663844997001539 0.019360712876548763 0.011423527256017942 0.021592766139774972 -0.011901861254816577 0.028081384271264425 -0.028885292724934428 0.011832636739457982 -0.017920313760693782 -0.0011194278714625079 0.056750779819061084 0.056688132273467057 0.010526668198032293 0.095381377578938442 -0.015389378497723809 0.015271182662571235 0.0057904190423956449 0.041638216042195225 0.019040007747956202 0.0084165103920397152 0.056767495367303689 0.023489668474737001 0.017847721678860614 -0.02123654223673474 -0.029202422818091208 -0.0055534724004856883 0.0062822468218129111 -0.015149538689770424 0.013398388507199151
leaf_weight=2577.135084554553 9025.7412734627724 81686.094368383288 1070.674039542675 106159.4286134243 2793.1693365573883 3482.808770313859 29802.829323425889 117898.57182757556 95597.440803147852 29743.064950726926 24627.377369910479 688.77122319489717 1016.3939500749111 935.51164165884256 1254.4978465437889 24533.04734935984 13621.783385127783 19429.213180482388 12800.061114192009 11157.139796033502 14710.073012344539 957.90669929981232 8944.7197386920452 5643.596840441227 65781.768116272986 1085.8322255648673 22789.431527402252 10808.703339256346 5852.9166441187263 5612.2849559560418
leaf_count=7797 25110 145893 2801 209585 8261 4928 92366 193221 199215 37183 37507 2445 3448 2153 5744 44364 31748 35279 45362 28885 26793 3296 21242 13012 203413 865 36143 20830 7231 11963
internal_value=-0.000194769 0.00841437 -0.0234711 0.00332239 -0.025176 -0.000305126 0.0173547 -0.0258842 0.0154053 -0.00375863 0.000280353 -0.00862521 0.00781229 0.019465 0.0593464 -0.00945293 0.0203865 0.0143069 0.0253887 0.0311133 0.0141977 0.0114069 0.0113763 0.00649412 -0.0205808 0.00812125 -0.000553662 0.00935232 0.0101953 -0.00117719
internal_weight=732088 534432 197656 340502 187544 222877 193930 184751 164127 141191 77161.2 64030 43501.8 18874.4 2190.01 33659.5 68530.1 30951.1 37579 23957.2 16684.4 15668 28373.9 9126.41 66852.4 10111.6 34286.9 11497.5 117625 11465.2
internal_count=1508083 1074412 433671 612518 407696 383739 461894 399435 369528 237846 141245 96601 78941 41434 7897 62304 170313 64318 105995 74247 33537 30089 56521 17940 206214 25975 59418 23275 228779 19194
cat_boundaries=0 1 2 3 4 5 6 7 8
cat_threshold=378272 76 82048 1056 263424 2097224 588 263200
is_linear=0
shrinkage=0.03


Tree=38
num_leaves=31
num_cat=10
split_feature=114 73 53 103 103 100 114 72 59 114 114 53 97 114 32 100 72 57 100 114 57 120 114 112 97 67 72 114 53 97
split_gain=155824 22090.7 11471.3 9192.45 6727.06 5046.86 6654.72 5195.15 4360.82 4269.53 3286.56 3089.34 2457.36 2352.18 2328.32 2314.4 2037.47 2022.4 1912.09 2536.05 2054.49 1853.77 1783.66 1696.68 1669.03 1610.17 1720.1 1520.64 1703.15 1918.09
threshold=0 0.077577851712703719 309.50000000000006 1.0000000180025095e-35 1.5000000000000002 443.21820068359381 1 2056.5000000000005 1.0000000180025095e-35 2 3 175.50000000000003 743.50000000000011 4 1.5000000000000002 1337.1506347656252 319.50000000000006 5 897.04168701171886 6 7 5.5000000000000009 8 -1.0000000180025095e-35 350.50000000000006 40.500000000000007 365.50000000000006 9 1306.5000000000002 1944.0000000000002
decision_type=9 2 2 2 2 8 9 2 2 9 9 2 10 9 2 10 2 9 10 9 9 2 9 2 10 2 2 9 2 10
left_child=1 3 22 5 10 21 12 16 13 -10 17 -9 15 14 -3 -7 -8 -4 20 -20 23 -1 25 -5 -19 26 -2 -23 -29 -30
right_child=2 8 4 18 -6 6 7 11 9 -11 -12 -13 -14 -15 -16 -17 -18 24 19 -21 -22 27 -24 -25 -26 -27 -28 28 29 -31
leaf_value=0.002296027967550341 0.071638127862198683 0.009832917790958802 0.050195764904335166 -0.014129621971253507 0.021362633315213059 0.011205899443859437 0.068901714036452011 -0.0013628789372437972 0.024037472933149267 0.0099553338489227049 -0.028799391401521601 -0.021299788323240396 -0.0026890197130074772 0.0041781370241519185 0.024187449637053594 0.077949089212736758 0.0060711523386554334 -0.022832284930894162 -0.015165754862478925 0.013018642560892368 0.012897399777586489 0.0018158980057575533 -0.028442696873103419 0.0090769250933576944 -0.0096864201229516656 -0.026935612482575363 0.012143217110878499 0.011759525666117866 0.045449864349224892 -0.020185622219595974
leaf_weight=128430.30232012272 453.00920263677835 26120.242925569415 346.30378016084433 4766.5980574935675 2764.1328992694616 15056.606827002019 488.0106844753027 8946.340325217694 80839.143440932035 25575.620358809829 114790.65120347217 32084.971777908504 19577.909241888672 27527.931528627872 16670.577857419848 472.99041153490543 6954.2304591424763 54611.999043725431 5821.1188028305769 5635.368169657886 103251.34942948818 8118.5852948650718 1115.2394785284996 6967.1869871467352 10362.351351156831 884.97615806013346 8107.1784128583968 9209.5611349195242 2946.2787291035056 457.69665406644344
leaf_count=219852 1791 49970 1138 7327 8096 33613 1948 15084 229901 52575 192853 43688 32910 49498 42100 2070 13495 172618 7240 11945 204375 15419 924 15498 31970 2571 21703 17739 8960 404
internal_value=-0.00018746 0.00814342 -0.0232668 0.00387092 -0.0250236 0.000333418 -0.00556778 -0.0127693 0.0168264 0.0206574 -0.0257366 -0.0169542 0.00437866 0.0110267 0.0154259 0.0132876 0.0102781 -0.0203431 0.0103819 -0.00130465 0.0115463 0.00364022 0.00712762 -0.000353939 -0.0207344 0.0113713 0.0153716 0.011962 0.0184698 0.0365913
internal_weight=729354 535919 193436 359185 182875 232743 83581.1 48473.6 176734 106415 180111 41031.3 35107.5 70318.8 42790.8 15529.6 7442.24 65320.7 126442 11456.5 114985 149162 10560.4 11733.8 64974.4 9445.16 8560.19 20732.1 12613.5 3403.98
internal_count=1509275 1075611 433664 651567 406675 405182 142808 74215 424044 282476 398579 58772 68593 141568 92070 35683 15443 205726 246385 19185 227200 262374 26989 22825 204588 26065 23494 42522 27103 9364
cat_boundaries=0 1 2 3 4 5 6 7 8 9 10
cat_threshold=378272 360704 328064 76 360704 64 263200 549721105 588 81920
is_linear=0
shrinkage=0.03


Tree=39
num_leaves=31
num_cat=8
split_feature=114 98 52 103 103 73 72 98 114 103 114 52 114 114 52 128 97 112 52 131 103 116 114 66 75 114 57 52 103 68
split_gain=148769 23655.3 11293.7 7990.66 6089.62 5689.86 3998.88 6134 3348.63 3312.81 2883.53 2625.62 4861.58 4386.19 2993.01 3003.77 4745.35 2567.8 2311.38 2205.3 2197.31 2157.42 2135.87 2134.67 2107.2 2972.32 1977.33 2774.63 2246.96 1997.31
threshold=0 515.03823852539074 596.50000000000011 1.0000000180025095e-35 1.5000000000000002 0.17761346697807315 1775.5000000000002 1923.3438110351565 1 1.0000000180025095e-35 2 1308.5000000000002 3 4 976.50000000000011 6.5000000000000009 1295.5000000000002 0.25000000000000011 47.500000000000007 288.50000000000006 2.5000000000000004 76.500000000000014 5 2.5000000000000004 0.011909390334039928 6 7 1482.5000000000002 1.5000000000000002 2.5000000000000004
decision_type=9 8 2 2 2 2 2 8 9 2 9 2 9 9 2 2 10 2 2 2 2 10 9 2 2 9 9 2 2 2
left_child=1 5 -2 6 10 9 19 11 -9 -1 -4 13 -13 14 -8 21 -17 -18 -7 -3 -20 -16 -6 -15 25 -11 -5 28 -28 -29
right_child=2 3 4 26 22 18 7 8 -10 24 -12 12 -14 23 15 16 17 -19 20 -21 -22 -23 -24 -25 -26 -27 27 29 -30 -31
leaf_value=0.0089267644836430321 0.0023645041591524702 0.0061105492692669228 -0.02064709912895701 -0.0036420305375463573 0.039373889970718147 0.032784571864127997 -0.017795046222532761 -0.024158766162847668 -8.2422890449604288e-05 0.036916029838175823 -0.02878944706509648 0.025508885991868666 -0.00062489104118287734 -0.0013144163645284139 0.020536637033070782 -0.017691189863655147 0.10024601576786049 0.0055158837322003629 0.013306194921140256 0.032599457421978367 0.032683766346720045 -0.015998156214850096 -0.016731558900199561 0.013321850723731682 0.013974811160916383 0.014582608983671946 0.003942960668554399 0.019631710211373599 0.016010177906179212 0.073027785891396524
leaf_weight=123622.07816202939 14486.754431713372 13873.397386144847 61240.413421813399 10136.805822215974 1725.2506778985262 16836.48530703783 24519.663602430373 17923.13629744947 7330.449251331389 9664.3528344929218 110766.87933362275 8692.2843862771988 24210.425075300038 57476.109338201582 1923.5372725911438 937.42671407014132 848.54425118118525 369.61250732839108 19434.363319560885 3545.4512706175447 7230.3625214397907 5869.4453277625144 928.16764941811562 10616.197523206472 79613.549818716943 12182.557297259569 44480.95270665735 14506.772344455123 20188.049084998667 650.95257730782032
leaf_count=241251 38737 26579 195464 19170 6080 55672 30620 25231 15934 33686 191724 20639 43301 92667 4236 909 4028 634 47662 9774 23603 6178 1365 22347 171040 26282 76194 32303 41881 2565
internal_value=-0.000209918 0.00785322 -0.0230865 0.00154921 -0.0251988 0.0141459 -0.00213146 -0.00361141 -0.0171824 0.0122252 -0.0258947 -0.00108037 0.00629238 -0.00344602 -0.0121624 0.00171174 0.0329696 0.071782 0.0240783 0.0115177 0.0185709 -0.00696553 0.019844 0.000968987 0.0162429 0.0244981 0.00883667 0.0104207 0.00771194 0.0219715
internal_weight=725830 536683 189147 268099 174661 268584 178136 160717 25253.6 225083 172007 135463 32902.7 102561 34468.2 9948.57 2155.58 1218.16 43501.2 17418.8 26664.7 7792.98 2653.42 68092.3 101460 21846.9 89963.5 79826.7 64669 15157.7
internal_count=1507756 1074386 433370 475190 394633 599196 303077 266724 41165 472259 387188 225559 63940 161619 46605 15985 5571 4662 126937 36353 71265 10414 7445 115014 231008 59968 172113 152943 118075 34868
cat_boundaries=0 1 2 3 4 5 6 7 8
cat_threshold=378272 17568 76 263168 1056 4 128 541102097
is_linear=0
shrinkage=0.03


Tree=40
num_leaves=31
num_cat=4
split_feature=53 73 100 57 99 73 55 53 51 32 59 55 75 57 112 116 51 112 100 131 29 53 97 97 98 57 116 55 98 57
split_gain=137931 21580.1 7819.55 5522.04 5414.94 4564.96 4082.45 3837.87 3239.64 2734.77 2356.72 4844.85 2686.49 2310.69 2304.19 2644.76 2259.39 4388.93 2973.53 2245.9 2136.73 2109.54 2017.06 3068.86 3075.49 2070.11 2017.02 1908.57 1903.95 1896.21
threshold=2884.5000000000005 0.057994373142719276 443.21820068359381 0 1.6677572131156924 0.17761346697807315 0.14500000327825549 96.500000000000014 1310.5000000000002 1.0000000180025095e-35 1.0000000180025095e-35 8.5000000000000018 0.02556555345654488 1 -0.93301269412040699 478.50000000000006 929.50000000000011 -1.0000000180025095e-35 929.19021606445324 674.50000000000011 1.5000000000000002 2381.5000000000005 2256.5000000000005 1529.0000000000002 763.09326171875011 2 548.00000000000011 8.5000000000000018 1261.3846435546877 3
decision_type=2 2 8 9 10 2 8 2 2 2 2 8 2 9 2 8 2 2 10 2 2 2 10 10 10 9 8 8 8 9
left_child=1 2 6 -4 13 10 -1 9 22 -5 -3 12 -12 -2 19 21 28 -18 29 -10 -7 -16 23 24 25 -8 -26 -15 -9 -19
right_child=4 5 3 7 -6 20 8 16 14 -11 11 -13 -14 27 15 -17 17 18 -20 -21 -22 -23 -24 -25 26 -27 -28 -29 -30 -31
leaf_value=-0.028689096384532466 0.0055381471171788944 0.0086301605597143317 0.0093437051955216534 0.046800487504713634 -0.011471149954066886 0.017000317213492083 0.022343937582158295 -0.0047324798718701355 0.04604584711112375 0.002093888775077921 0.044960211448072232 0.012636907488481277 0.01864129409920989 -0.010907011876710377 0.0029893399823456108 0.024754331076310032 -0.020835424461572501 0.038998538762667102 -0.019376241674992242 -0.028417425696295406 0.030001460865145112 0.042944642730918248 -0.014357663188366903 0.018786434212500938 0.0037716669140919114 0.005857143126764097 -0.0082701209937704554 -0.027251376789258722 -0.01515685102499903 -0.015562080958849075
leaf_weight=3019.2636113911867 2059.7298334352672 80151.813029840589 24017.299108140171 1307.6468944996595 27471.598238687962 24626.33092726022 7324.4196057356894 24145.355502635241 3208.8645855784416 18846.361885771155 7055.2875190451741 71885.01582909748 6946.5108126327395 6770.4836463965476 17687.348297178745 9984.5745519287884 3931.7753954827785 3984.4444057792425 1338.2043827399611 404.34796170890331 21237.542995542288 1265.1821248531342 4798.739868927747 14038.63752284646 26105.209257684648 103900.65109236166 24037.322101365775 135015.87565091997 45509.966193445027 662.4313230663538
leaf_count=18286 5318 154130 51484 4751 87973 62850 17782 36921 9794 34386 27013 159273 18077 36385 29517 23854 4504 11403 1613 246 69344 3786 6190 31062 45588 188573 36213 248623 82458 848
internal_value=-0.000169744 0.00713533 0.00244658 -0.00356524 -0.0236817 0.0146474 0.00589428 -0.00667503 0.00638639 0.00501635 0.0123318 0.0157848 0.0319256 -0.0260126 0.0150955 0.0122663 -0.00963731 0.00375705 0.0199204 0.0376574 0.0230258 0.00567781 0.00481251 0.00533775 0.00416666 0.00694728 -0.00200142 -0.0264699 -0.0115445 0.0312543
internal_weight=722738 551421 339518 123743 171318 211903 215775 99726.2 212755 20154 166039 85886.8 14001.8 143846 32550.3 28937.1 79572.2 9916.86 5985.08 3613.21 45863.9 18952.5 180205 175406 161368 111225 50142.5 141786 69655.3 4646.88
internal_count=1508245 1129946 639259 228368 378299 490687 410891 176884 392605 39137 358493 204363 45090 290326 67197 57157 137747 18368 13864 10040 132194 33303 325408 319218 288156 206355 81801 285008 119379 12251
cat_boundaries=0 2 3 5 6
cat_threshold=573149272 1 536907776 16843800 1 131072
is_linear=0
shrinkage=0.03


Tree=41
num_leaves=31
num_cat=4
split_feature=52 64 100 72 100 115 57 73 128 47 68 57 51 57 51 73 98 51 55 97 55 75 57 116 98 98 97 116 52 97
split_gain=132861 21021.8 9056.71 6142.82 6005.27 5592.1 4652.56 4164.67 3189.53 2846.38 2281.74 2239.97 2129.81 2019.74 2406.23 1925.83 2235.09 2081.56 1877.15 1777.43 1720.21 1704.12 3579.9 2055.46 1614.51 1608.97 1916.7 1589.6 1814.97 1759.25
threshold=2893.5000000000005 2.5000000000000004 468.08969116210943 310.50000000000006 -1583.3583374023435 1.0000000180025095e-35 0 0.17761346697807315 7.5000000000000009 0.074999999254941954 14.500000000000002 1 120.50000000000001 2 1328.5000000000002 0.012192024849355223 1773.8765869140627 885.50000000000011 0.14500000327825549 7838.0000000000009 10.500000000000002 0.010512917768210174 3 19.000000000000004 57.794113159179695 2573.4274902343755 2033.0000000000002 478.50000000000006 1656.5000000000002 2033.0000000000002
decision_type=2 2 8 2 8 2 9 2 2 8 2 9 2 9 2 2 8 2 8 10 8 2 9 8 10 10 10 8 2 10
left_child=1 2 6 -2 -5 9 18 10 15 -4 21 -6 19 -8 -15 16 -7 -17 -1 -11 -13 22 -3 -24 -23 26 -14 -16 29 -29
right_child=3 7 5 4 11 8 13 -9 -10 12 -12 20 25 14 27 17 -18 -19 -20 -21 -22 24 23 -25 -26 -27 -28 28 -30 -31
leaf_value=-0.029393196717142807 0.015669185737673879 0.0099043495401354362 -0.025463971712965494 -0.01163169825740799 0.0073472668082347646 0.0069467563136925668 0.016204703406522136 0.02481557695616126 -0.016983735144282208 0.0096088636536040394 0.0010188341653502705 -0.012636398670753361 -0.0020077086754416024 0.0056735168007368709 0.0097858154998831451 -0.00062835205373416609 -0.016693464760796181 0.032220684283530802 -0.0020649616558204471 0.05180280776495793 -0.028161856874064035 0.067713745824824256 -0.02461718861329831 0.040622563812846874 0.012845919040465363 -0.024441018469085179 0.027168740768223548 0.018995638831377826 0.04012583086104974 -0.038572336425933267
leaf_weight=2425.3711722493172 3516.7370767593384 8736.7671077996492 2805.4338458180428 27728.330039832741 1691.1645059213042 4790.6408999599516 23262.784434892237 39917.330339282751 27541.085683356971 27191.414321083575 11763.982358045876 6786.4290959276259 17302.784469097853 191520.06129455194 19645.692178331316 20531.19586198777 14408.463915724307 1886.4850169345737 31834.640246614814 919.95449624583125 128107.82128465176 476.13773602247238 452.49274891614914 8219.7253429442644 81153.825885098428 2426.6988909207284 2285.0966634340584 5853.3360547572374 4001.3108637928963 510.87257623672485
leaf_count=17608 11370 18266 16395 90127 4571 9539 52103 121135 36867 62329 21533 34177 26284 340923 37273 35626 22183 4914 60986 3520 238390 1935 516 29781 177773 2595 5578 12967 11556 151
internal_value=-0.000153805 0.00695455 0.00336535 -0.0235267 -0.0243665 -0.0034494 0.00634689 0.0165064 -0.00906587 0.00388916 0.013511 -0.0269507 0.00553673 0.00779584 0.00691145 -0.00382317 -0.0107941 0.00214908 -0.00400645 0.0110076 -0.0273797 0.0149946 0.0235179 0.0371513 0.0131742 -0.00145109 0.0014081 0.0148092 0.0243114 0.0143212
internal_weight=719694 551864 401143 167830 164314 122089 279054 150720 69157.9 52931.4 110803 136585 50125.9 244794 221531 41616.8 19199.1 22417.7 34260 28111.4 134894 99038.9 17409 8672.22 81630 22014.6 19587.9 30011.2 10365.5 6364.21
internal_count=1508971 1130336 759397 378635 367265 225830 533567 370939 109129 116701 249804 277138 100306 454973 402870 72262 31722 40540 78594 65849 272567 228271 48563 30297 179708 34457 31862 61947 24674 13118
cat_boundaries=0 1 2 3 4
cat_threshold=2730496385 536875008 16883722 163906
is_linear=0
shrinkage=0.03


Tree=42
num_leaves=31
num_cat=1
split_feature=52 64 103 103 72 100 112 43 98 57 71 41 112 128 116 115 52 120 43 52 78 52 103 121 128 98 43 128 69 123
split_gain=126428 19859.2 12627 7167.17 6242.36 5049.55 5011.78 4751.55 3984.98 3784.15 2709.43 2181.53 2062.85 1832.4 2899.3 1777.74 3976.98 1950.01 1823.19 1727.07 1663.37 1635.81 1621.55 1601.39 2632.03 1558.17 1468.54 1454.9 1741.95 1428.46
threshold=2893.5000000000005 2.5000000000000004 1.0000000180025095e-35 1.0000000180025095e-35 302.50000000000006 555.78302001953136 0.68301269412040722 1.0000000180025095e-35 144.0138854980469 0 233.50000000000003 7.5000000000000009 -1.0000000180025095e-35 8.5000000000000018 642.50000000000011 1.0000000180025095e-35 1064.5000000000002 9.5000000000000018 1.5000000000000002 1463.5000000000002 0.055001724511384971 43.500000000000007 1.5000000000000002 39.500000000000007 19.500000000000004 1369.1250000000002 1.0000000180025095e-35 15.500000000000002 88.500000000000014 1.0000000180025095e-35
decision_type=2 2 2 2 2 10 2 2 10 9 2 2 2 2 10 2 2 2 2 2 8 2 2 2 2 8 2 2 2 2
left_child=1 2 5 4 6 9 -2 -7 21 -1 -6 -5 27 22 -15 19 23 29 -19 -11 -9 -3 -4 26 25 -25 -17 28 -10 -18
right_child=3 8 13 11 10 7 -8 20 12 15 -12 -13 -14 14 -16 16 17 18 -20 -21 -22 -23 -24 24 -26 -27 -28 -29 -30 -31
leaf_value=-0.011424420521083653 -0.003294605498149074 0.029414150196567384 0.0094500690122016045 0.00060514300610229287 -0.027020589522850705 -0.017541533103190447 0.085135609425207051 -0.025380864455402559 0.010395669003657135 0.0068654837271967294 -0.015174203365208376 0.052749951401615237 0.015856829722432599 0.0068036738223515338 -0.027133538417736521 -0.011810788363853025 0.0018524834990927997 0.047468854481357931 -0.01614710154887352 -0.0048262097314589634 0.0016678156871410366 0.018654038768199745 0.017031544306273405 0.024849570226727187 -0.010039046052837569 0.095605737451839395 0.00098454618642533696 -0.0077349204760509167 -0.027035192966737849 0.016776805417827917
leaf_weight=18436.43372298032 2800.1359400525689 18502.072225123644 65702.691619850695 5965.6261864602566 134053.54173021391 27471.730194661766 716.23482035845518 2197.2043965905905 31842.153087604791 91441.274479568005 20014.490191075951 811.54802067577839 53095.393841389567 29884.438966054469 2441.5615108199418 29479.118097677827 28006.511493016034 1801.6425749920309 516.89419725909829 12978.417264997959 28033.819479074329 41030.857645086944 41438.606863565743 1285.5275186449289 2100.1147403568029 352.7172583937645 11113.848051056266 5377.1372966840863 1150.3411940485239 7261.3577231839299
leaf_count=48325 7778 60338 126924 14897 239545 35751 3413 14872 68535 169196 110661 3108 122397 57539 2122 35715 47576 5657 829 20973 57961 110735 91786 3088 2838 1675 20277 7722 1159 16045
internal_value=-0.000181264 0.00668555 0.00320067 -0.0232815 -0.0245806 -0.000675361 0.0149077 -0.00851321 0.0159612 0.00153355 -0.0254827 0.00691786 0.012027 0.0104949 0.00423282 0.00281664 -0.000491544 0.00668625 0.0332779 0.00541199 -0.000305837 0.0220025 0.0123836 -0.00657739 0.0121887 0.0405711 -0.00830821 0.00672454 0.00908278 0.00492916
internal_weight=717303 552942 401944 164362 157584 262477 3516.37 57702.8 150998 204774 154068 6777.17 91465 139467 32326 186337 81917.7 37586.4 2318.54 104420 30231 59532.9 107141 44331.3 3738.36 1638.24 40593 38369.6 32992.5 35267.9
internal_count=1509437 1130035 759149 379402 361397 480778 11191 108584 370886 372194 350206 18005 199813 278371 59661 323869 133700 70107 6486 190169 72833 171073 218710 63593 7601 4763 55992 77416 69694 63621
cat_boundaries=0 1
cat_threshold=2281701761
is_linear=0
shrinkage=0.03


Tree=43
num_leaves=31
num_cat=0
split_feature=53 60 100 72 100 115 113 59 55 124 121 55 124 121 113 113 70 116 121 116 72 55 70 78 116 68 116 121 113 131
split_gain=120890 16505.7 7014.31 5852.38 5985.64 5006.78 4275.34 4005.11 3425.36 2609.09 2556.02 2502.49 2430.28 2177.55 2167.54 2496.21 2185.4 2432.03 1989.62 3011.14 1965.47 1939.72 1808.1 1771.09 1691.49 1549.29 1650.19 1497.81 1455.6 2344.86
threshold=2884.5000000000005 1.5000000000000002 624.97039794921886 310.50000000000006 -1583.3583374023435 1.0000000180025095e-35 -0.25000000000000006 1.5000000000000002 0.10500000044703485 39.500000000000007 3.5000000000000004 0.21499999612569812 9.5000000000000018 15.500000000000002 -0.93301269412040699 -0.68301269412040699 2.5000000000000004 518.50000000000011 43.500000000000007 521.50000000000011 138.50000000000003 4.5000000000000009 114.50000000000001 0.039456730708479888 686.50000000000011 64.500000000000014 74.000000000000014 53.500000000000007 0.93301269412040722 271.50000000000006
decision_type=2 2 8 2 8 2 2 2 8 2 2 8 2 2 2 2 2 10 2 10 2 10 2 8 8 2 8 2 2 2
left_child=1 2 8 6 -5 9 20 11 -1 23 24 -3 14 25 16 -16 17 21 -17 -20 -2 -10 -6 -4 -7 26 -9 -12 -14 -30
right_child=3 7 5 4 22 10 -8 13 12 -11 27 -13 28 -15 15 18 -18 -19 19 -21 -22 -23 -24 -25 -26 -27 -28 -29 29 -31
leaf_value=-0.026610072052817211 0.11250800144427664 -0.032387649372374164 -0.024007218866164772 -0.011228745699354224 -0.027652950425045959 -0.0059958685429499824 -0.0018077207096215797 0.010266725697084627 0.039418050274882287 0.030184672939764949 -0.016712193914470805 0.011404662168050191 0.0088109802884677683 0.012280327649637693 -0.0045231494994420664 0.0037749408109745029 0.0035806123517211565 -0.0093087036526492261 0.016063037998995632 0.099596684128275229 0.0062369267798474152 -0.01789194833591783 -0.013773440564019867 0.0035448373363698841 0.015882102882133362 -0.036816336506109236 0.029610717220998319 0.0077974493202064852 0.039874092059847197 -0.0048742472431464109
leaf_weight=3030.2759452275932 493.14391781017184 1174.6587751470506 2245.5555944256485 27331.213373932987 120798.62409640476 15736.183806523681 2891.538148842752 4718.5119908079505 5576.1590748280287 3151.8425390012562 33078.1155426763 144771.78785777092 73181.509260516614 16328.685904718935 35229.578777074814 133895.92545106262 8382.794345729053 1436.0029478296638 3885.1979832276702 422.44291345775127 229.20978396385908 581.7059033960104 9115.0505394302309 30402.899200998247 3975.6234663166106 342.56102603673935 25451.960798580199 2401.617168687284 3326.7043095231056 1537.5591536834836
leaf_count=18816 2714 4153 13813 90508 223358 26944 8122 10932 15804 9394 46019 317002 144274 39591 52492 234079 15634 1816 8561 2025 557 553 53433 59486 9523 386 81584 4938 10019 2205
internal_value=-0.000232593 0.00641236 0.00263146 -0.0231279 -0.0239955 -0.00457336 0.014585 0.013501 0.00505525 0.00416356 -0.0102403 0.01105 0.005415 0.0211339 0.00357899 0.00260449 0.0141493 0.0257959 0.0044216 0.0244667 0.0793328 0.033984 -0.0266803 0.00164304 -0.00157754 0.0258661 0.0265898 -0.0150514 0.00986979 0.0257485
internal_weight=715125 554266 361478 160859 157245 90991.8 3613.89 192788 270486 35800.3 55191.5 145946 267456 46841.7 189410 173433 15976.7 7593.87 138204 4307.64 722.354 6157.86 129914 32648.5 19711.8 30513 30170.5 35479.7 78045.8 4864.26
internal_count=1508735 1130043 676395 378692 367299 170117 11393 453648 506278 82693 87424 321155 487462 132493 330964 297157 33807 18173 244665 10586 3271 16357 276791 73299 36467 92902 92516 50957 156498 12224
is_linear=0
shrinkage=0.03


Tree=44
num_leaves=31
num_cat=0
split_feature=65 65 103 103 99 59 74 54 116 106 99 54 116 93 71 35 51 124 116 116 51 99 124 51 56 35 116 120 124 34
split_gain=109186 15628.2 13340.2 6748.8 4874.95 4054.03 3142.92 3006.98 2652.23 2630.68 5573.65 2627.11 2173.24 2090.31 2002.53 1841.08 1940.81 2085.86 2351.48 1792.26 1747.09 2107.09 1996.75 2233.5 1717.04 1678.32 1670.09 1649.56 1515.44 1500.33
threshold=1.0000000180025095e-35 5.5000000000000009 1.0000000180025095e-35 1.0000000180025095e-35 17.404474258422855 1.0000000180025095e-35 0.46679636836051946 334.50000000000006 124.50000000000001 0.00052439089631661784 0.75584769248962413 373.50000000000006 149.50000000000003 8739.5000000000018 32.500000000000007 3.5000000000000004 914.50000000000011 3.5000000000000004 518.50000000000011 357.00000000000006 1084.5000000000002 2.8167923688888554 4.5000000000000009 1586.5000000000002 -6.4999999999999991 3.5000000000000004 60.500000000000007 9.5000000000000018 45.500000000000007 1.5000000000000002
decision_type=2 2 2 2 8 2 2 2 8 2 8 2 8 2 2 2 2 2 10 8 2 8 2 2 10 2 8 2 2 2
left_child=2 3 4 9 -1 24 -6 -7 -9 10 11 -2 -10 -12 -8 16 -5 18 26 -4 28 22 27 -24 25 -3 -18 -22 -15 -11
right_child=1 5 19 15 6 7 14 8 12 29 13 -13 -14 20 -16 -17 17 -19 -20 -21 21 -23 23 -25 -26 -27 -28 -29 -30 -31
leaf_value=-0.011735580369512218 -0.00068392407096168795 0.0076853255314281747 0.020826345461131362 0.0052403944439989988 -0.026293372852976431 0.011740398222378785 0.038547749988625112 0.0076230768730330273 0.038404974461252288 0.0046011704916872646 -0.027563956305914624 -0.012824741415798655 0.02161236834112655 -0.00055671244496370076 -0.010889047947772462 0.025794486600056527 -0.0034588066783293766 0.025787340022563658 -0.014178355382178648 -0.0028619997750397564 -0.0020617189526169581 0.025971603822531931 0.012204011382507448 0.062916847063809969 -0.0041748688442326395 0.019662048781940857 0.01853597784643872 0.045593014760114382 0.014961022719958493 0.023978413255867095
leaf_weight=28413.762819278985 24744.238183952868 62029.154957167804 6417.4199918955564 78145.88250169158 130065.51794845983 52580.365834012628 899.43700456619263 10138.934316918254 8380.7671707421541 37723.036556996405 2085.6824983283877 45600.638295758516 40715.558456271887 80246.302355475724 3889.1774491928518 5321.3882859237492 4074.3985039666295 9549.8137739747763 3342.93237221241 5196.5026493482292 16359.609261035919 5389.0728294476867 5341.1915419176221 907.3636834025383 8957.6408809646964 12682.68222425878 13037.919786706567 670.92189310491085 6084.1292903572321 3966.422147616744
leaf_count=81793 48306 117163 16664 142259 288658 120278 3012 22378 31047 70680 11527 74740 117945 135303 16357 13655 5969 23301 3674 12388 23914 13008 10420 3381 14412 31407 27948 2086 14916 10853
internal_value=-0.000232602 0.00646049 -0.0208251 0.00259824 -0.0230349 0.0132287 -0.0254147 0.0169659 0.0216015 -0.00036503 -0.00188116 -0.00855484 0.0244861 0.00212881 -0.00154244 0.00858107 0.00773181 0.0142166 0.00880467 0.010234 0.00266968 0.00908503 0.00516634 0.0196569 0.0082328 0.00972079 0.0133001 -0.000158695 0.000538505 0.00645007
internal_weight=712958 538076 174882 342591 163268 195485 134854 111816 59235.3 229119 187429 70344.9 49096.3 117084 4788.61 113472 108151 30005.1 20455.3 11613.9 114999 28668.2 23279.1 6248.56 83669.5 74711.8 17112.3 17030.5 86330.4 41689.5
internal_count=1509442 1090570 418872 635940 389820 454630 308027 291648 171370 419134 337601 123046 148992 214555 19369 216806 203151 60892 37591 29052 203028 52809 39801 13801 162982 148570 33917 26000 150219 81533
is_linear=0
shrinkage=0.03


Tree=45
num_leaves=31
num_cat=5
split_feature=114 103 114 55 66 102 55 100 100 26 97 53 34 103 49 114 97 57 49 100 131 53 35 113 116 35 57 53 121 49
split_gain=118312 16363.1 11719.8 10293.4 5831.64 5020.53 4041.66 4723.48 2895.64 2858.28 2701.45 2668.06 2293.24 2266.57 2254.95 2102.02 2091.76 1940.86 3436.63 1933.2 1749.59 1666.63 1626.67 1559.95 1549.79 1547.69 1527.01 1827.18 1896.93 1660.75
threshold=0 1.0000000180025095e-35 1 7.5000000000000009 1.5000000000000002 6.5000000000000009 0.054999999701976783 378.40312194824224 -1009.0791625976561 1.0000000180025095e-35 4009.0000000000005 1168.5000000000002 1.0000000180025095e-35 1.5000000000000002 1.684465825557709 2 144.50000000000003 3 4.1890275478363046 -1972.4381103515623 1209.5000000000002 2381.5000000000005 1.0000000180025095e-35 0.25000000000000011 147.00000000000003 6.5000000000000009 4 93.500000000000014 1.0000000180025095e-35 2.2705290317535405
decision_type=9 2 9 8 2 2 8 8 10 2 8 2 2 2 8 9 10 9 8 10 2 2 2 2 10 2 9 2 2 8
left_child=1 2 4 -2 -1 13 10 11 -5 15 -4 14 20 -3 -8 -9 -13 18 24 -15 26 -18 -12 -23 -7 -21 27 -6 -29 -28
right_child=3 5 6 8 12 17 7 9 -10 -11 22 16 -14 19 -16 -17 21 -19 -20 25 -22 23 -24 -25 -26 -27 29 28 -30 -31
leaf_value=0.00078077521599501413 0.022975365403293809 0.0067284788305513833 -0.025802083483531621 -0.0273420974133196 0.014268552015685986 7.9521328079106688e-05 0.00756366088529138 0.021350848853753084 -0.011844275546451417 0.0039913415322298997 -0.0056981107988305713 -0.0082556010643322231 0.021832462603894903 0.040945100400210377 -0.0085564837572106034 -0.016057294533439521 0.010760002920372401 0.026445367313712248 0.03085879251748876 0.011749309802393842 0.020935274269066169 0.075211519220105286 0.047466534971384117 0.016510897409720015 0.016167753077883758 0.030686425315891042 0.0066430230278608808 0.017744797982872994 -0.0017605064860183829 0.018293274714128591
leaf_weight=103206.6161560677 3963.9973964728415 95897.935432143509 12737.903738252819 126490.05541112646 12132.54382237047 10118.130686834455 11461.584308281541 1391.568236079067 11892.119281869382 9356.3665157593787 2587.3245060965419 5047.8092029467225 14207.242275223136 2282.7910415232182 24461.220833238214 34736.164144162089 19911.742317162454 24637.131686002016 8825.2648789435625 63153.254889339209 9978.0411398410797 712.48636160418391 637.1122177913785 951.52536218613386 11519.691764771938 4133.96939496696 25077.120666414499 5186.7356678619981 32862.979113817215 19650.637441828847
leaf_count=180735 10415 181606 75225 255282 28181 20014 23446 7162 26520 20573 20324 15382 39405 7831 33563 52591 38946 76384 30040 128938 24796 3365 2226 2731 29108 11424 51337 11676 53726 46313
internal_value=-0.000193753 0.00594661 0.00187876 -0.0246438 0.0060003 0.0123331 -0.00551053 -0.00342807 -0.0260112 -0.0107831 -0.0195968 0.00192142 0.0105235 0.00972022 -0.00341249 -0.0146094 0.00911698 0.0201764 0.0150857 0.0138426 0.0089898 0.0131834 0.0049209 0.0419441 0.0086482 0.0129171 0.00773188 0.00413524 0.000902317 0.0117617
internal_weight=709209 566863 346295 142346 222302 220568 123993 108030 138382 45484.1 15962.3 62546.4 119095 165468 35922.8 36127.7 26623.6 55100.2 30463.1 69570 104888 21575.8 3224.44 1664.01 21637.8 67287.2 94910 50182.3 38049.7 44727.8
internal_count=1509265 1217048 731703 292217 436169 485345 295534 197759 281802 80326 97775 117433 255434 329799 57009 59753 60424 155546 79162 148193 216029 45042 22550 6096 49122 140362 191233 93583 65402 97650
cat_boundaries=0 1 2 3 4 6
cat_threshold=378276 360832 4 17043522 570885120 1
is_linear=0
shrinkage=0.03


Tree=46
num_leaves=31
num_cat=7
split_feature=114 73 55 103 55 98 72 59 114 98 75 114 113 100 97 120 124 114 53 114 51 103 98 100 113 114 75 114 131 112
split_gain=113299 16562.5 9954.13 9061.84 6420.48 3837.49 4318.46 3452.29 3887.51 3276.31 4133.47 3997.41 3165.64 2985.49 2809.42 2792.69 2220.84 2214.98 2165.06 2976.78 1948.63 2628.82 1833.61 1791.79 1761.16 1705.99 1695.85 2567.52 2269.23 1596.27
threshold=0 0.077577851712703719 7.5000000000000009 1.0000000180025095e-35 0.095000002533197417 749.04144287109386 1775.5000000000002 1.0000000180025095e-35 1 1923.3438110351565 0.062815506011247649 2 -0.93301269412040699 -1009.0791625976561 4009.0000000000005 6.5000000000000009 39.500000000000007 3 886.50000000000011 4 1310.5000000000002 1.5000000000000002 1206.7725830078127 246.31678771972659 0.68301269412040722 5 5.8873596191406259 6 57.500000000000007 -0.68301269412040699
decision_type=9 2 8 2 8 8 2 2 9 8 2 9 2 10 8 2 2 9 2 9 2 2 10 8 2 9 2 9 2 2
left_child=1 3 -2 4 14 24 16 17 -9 10 22 -11 26 -4 -1 -16 18 -3 -7 -20 21 -5 -8 29 -6 -22 -12 28 -28 -13
right_child=2 7 13 20 5 6 9 8 -10 11 12 23 -14 -15 15 -17 -18 -19 19 -21 25 -23 -24 -25 -26 -27 27 -29 -30 -31
leaf_value=-0.025534146772204645 0.021640171114720649 0.012540302734798505 -0.02720098690393153 0.0035467769000150536 0.0067116458489458464 -0.0029891738206132812 -0.0058992341406750052 0.020093295958426009 0.006771853000961575 0.0029742400658642051 0.01813579231456755 0.041027910551609571 0.00050193176604138522 -0.011267253067015585 -0.010593229434250033 0.050868803870907829 0.065161920189688832 0.0017903709492652154 0.044845900804803315 0.0044960503380874935 -0.012832036419123715 0.012655984499753159 -0.02042596924061044 -0.02711032339686328 -0.0032450474194814223 0.021054815856288541 0.19148681574739657 0.0068162860937009701 0.046328343505986379 -0.014571012305388788
leaf_weight=12984.96196102351 4089.8185978755355 43986.911954805255 122945.13331184164 70017.687223225832 80097.418342642486 5856.0349382758141 26699.254055418074 80269.082834728062 26196.829472869635 7795.7299052663147 3901.703215405345 651.47126531228423 56626.119322437793 11601.552757192403 2705.8272350654006 871.34233587235212 692.818633120507 28400.84286493808 2884.6776758283377 3823.4203212819993 1453.7202040851116 48104.051100306213 11057.45328136906 14048.118263740093 19969.118637405336 15466.106759123504 193.70910731703043 361.67879988253117 201.03451359272003 1552.8183253668249
leaf_count=80339 10504 92233 254991 125326 151167 9165 40526 230307 52447 19716 9212 1969 99795 26451 20393 4905 2879 50025 9070 8476 1675 99542 13908 21592 31417 35753 1572 682 666 1856
internal_value=-0.000116389 0.00582917 -0.0244245 0.00234763 -0.00100206 0.00026328 -0.00301104 0.013382 0.0168189 -0.00476348 -0.00235103 -0.0146939 0.00245954 -0.025828 -0.0190532 0.00447803 0.0132514 0.00832545 0.0103394 0.021962 0.00862226 0.00725718 -0.0101578 -0.0231529 0.00472458 0.0181423 0.0262049 0.0670467 0.117626 0.00197216
internal_weight=705506 566870 138637 388016 252975 236413 136346 178854 106466 123089 99041 24048.1 61284.2 134547 16562.1 3577.17 13257 72387.8 12564.1 6708.1 135042 118122 37756.7 16252.4 100067 16919.8 4658.13 756.422 394.744 2204.29
internal_count=1508559 1216613 291946 791601 529305 423668 241084 425012 282754 211494 166361 45133 111927 281442 105637 25298 29590 142258 26711 17546 262296 224868 54434 25417 182584 37428 12132 2920 2238 3825
cat_boundaries=0 1 2 3 4 5 6 7
cat_threshold=378276 328068 360708 360704 296196 114688 83072
is_linear=0
shrinkage=0.03


Tree=47
num_leaves=31
num_cat=7
split_feature=114 98 78 73 93 100 75 53 72 114 100 114 100 114 75 52 114 112 100 96 124 34 97 53 114 54 114 98 64 97
split_gain=108587 15583 7912.13 6138.71 3947.39 3344.93 3212.46 4277.55 4759.28 3838.11 3331.45 3142.64 2839.93 2645.33 4097.06 2506.78 2377.66 2256.07 2026.74 1989.55 1986.31 1974.71 1880.65 1950.8 3333.44 2021.28 1847.02 2117.89 1831.85 1810.54
threshold=0 707.06729125976574 8.0384616851806658 0.17761346697807315 7481.0000000000009 -1009.0791625976561 0.062815506011247649 2579.5000000000005 328.50000000000006 1 132.58062744140628 2 -44.791770935058587 3 0.013736129738390447 8458.5000000000018 4 0.68301269412040722 -210.99974060058591 0.039999995380640037 7.5000000000000009 1.0000000180025095e-35 2569.0000000000005 1322.5000000000002 5 688.50000000000011 6 328.38447570800787 3.5000000000000004 4009.0000000000005
decision_type=9 8 8 2 2 10 2 2 2 9 10 9 10 9 2 2 9 2 10 10 2 2 10 2 9 2 9 10 2 10
left_child=1 3 -2 4 15 -4 9 10 17 12 22 29 -3 14 18 -1 -10 -9 -6 -18 -11 -15 23 -8 25 -25 27 -20 -5 -12
right_child=2 6 5 28 13 -7 7 8 16 20 11 -13 -14 21 -16 -17 19 -19 26 -21 -22 -23 -24 24 -26 -27 -28 -29 -30 -31
leaf_value=-0.026680512660781565 0.023968475847209285 0.0044706712575069748 -0.026889733478536352 0.0061549139452181422 0.0072926046982362226 -0.010423189988869317 0.0036857769636757208 0.023419177621343587 -0.02641229935961379 -0.0034805349969988185 0.0095285322002703829 -0.0032125187597404521 -0.020121882861928692 0.0056021540632663078 0.0089745387291053341 0.054389226045761248 -0.0072165299076106092 0.11065270171970848 0.035241308845002373 0.073958589085083098 0.01302714438517894 0.018025493162083264 -0.018651666773225193 0.043028397630095874 0.0023881436301064767 0.017836262781618414 0.010306711582896724 -0.012128102867107976 0.022996332557879709 0.046917253297424619
leaf_weight=4079.2939901091158 2982.87825390324 5324.4580840244889 120820.75593513064 6944.4390823096037 5823.0558760166168 12244.796485282481 24279.580076489598 1367.9311182908714 6825.2687729559839 35082.08697116375 10964.99760536477 57545.060054793954 20417.403800915927 174316.22457189485 77063.145258426666 365.44808599352837 22557.110029734671 324.23627183958888 14318.635072797537 265.1106879748404 8058.5809236466885 12322.648403033614 2088.0540663637221 3355.5476475656033 12752.592342041433 19654.118633404374 4433.7883801311255 898.30586302280426 35938.08387953043 1295.8000868409872
leaf_count=30398 7985 11189 256874 13925 10836 27647 42414 5334 14390 55317 27618 93633 37106 320562 154485 1307 86857 1723 51589 2012 16223 30175 2648 9812 25645 42993 9534 1218 113355 5289
internal_value=-0.000216032 0.00554417 -0.02429 0.00966911 0.00812008 -0.0253754 -0.000434668 0.0018575 -0.0081039 -0.00586737 0.00422413 -0.000273414 -0.0150296 0.00855155 0.0124232 -0.0199078 -0.0109014 0.0406859 0.0228532 -0.00623886 -0.000394541 0.00642297 0.00927657 0.0102508 0.0147056 0.0215178 0.0274582 0.0324175 0.0202711 0.013504
internal_weight=704709 568661 136048 336503 293621 133066 232158 163275 31339.7 68882.5 131936 69805.9 25741.9 289176 102537 4444.74 29647.5 1692.17 25473.8 22822.2 43140.7 186639 62129.9 60041.8 35762.3 23009.7 19650.7 15216.9 42882.5 12260.8
internal_count=1510093 1217587 292506 737384 610104 284521 480203 360368 110316 119835 250052 126540 48295 578399 227662 31705 103259 7057 73177 88869 71540 350737 123512 120864 78450 52805 62341 52807 127280 32907
cat_boundaries=0 1 2 3 4 5 6 7
cat_threshold=378276 1060 49156 262272 16384 263200 128
is_linear=0
shrinkage=0.03


Tree=48
num_leaves=31
num_cat=0
split_feature=53 73 103 103 72 113 64 100 53 72 71 103 93 113 113 70 113 54 41 103 73 100 116 70 53 72 75 74 116 94
split_gain=97880.8 13315.6 7572.4 6488.87 5723.58 3802.91 3734.61 3569.79 3754.23 3122.07 2800.72 2799.55 2411.6 1960.29 2092.07 1889.57 1822.26 1770.26 1674.21 1621.49 1699.13 1821.11 1619.41 1558.77 1451.46 1410.03 1381.66 2420.53 2110.93 1459.88
threshold=2884.5000000000005 0.055577004328370101 1.0000000180025095e-35 1.0000000180025095e-35 310.50000000000006 -0.25000000000000006 6.5000000000000009 388.42846679687506 194.50000000000003 1775.5000000000002 233.50000000000003 1.0000000180025095e-35 8739.5000000000018 0.68301269412040722 0.25000000000000011 1.5000000000000002 -0.93301269412040699 365.50000000000006 9.5000000000000018 2.5000000000000004 0.022211942821741108 1004.4530639648439 1.0000000180025095e-35 46.500000000000007 340.50000000000006 97.500000000000014 0.011909390334039928 0.75632664561271679 200.00000000000003 -1.4999999999999998
decision_type=2 2 2 2 2 2 2 8 2 2 2 2 2 2 2 2 2 2 2 2 2 10 10 2 2 2 2 2 8 10
left_child=1 2 7 4 5 25 11 12 -9 15 -6 24 -1 14 16 -10 23 -11 -5 20 -4 -22 -15 -14 -3 -2 27 28 -13 -30
right_child=3 6 19 18 10 -7 -8 8 9 17 -12 26 13 22 -16 -17 -18 -19 -20 -21 21 -23 -24 -25 -26 -27 -28 -29 29 -31
leaf_value=-0.028031026290462217 0.1100610556616143 0.0085648282185021071 0.011381419872925366 0.0011911002330268533 -0.026263605128041653 -0.0017594952663248585 0.021250364635740839 0.0027573747584178363 0.022883741206388451 -0.0042964668089728797 -0.013602770095566036 0.0093166966842113362 0.020880718078278702 -0.014606675897824791 0.013062107614698223 -0.0058116202439353684 0.00043960044189069483 -0.016292535084323836 0.047903550624573112 0.016238170840764343 0.0050593498792217495 -0.012133994403168032 0.00084941116685234108 -0.0081544568092617592 0.00045834324802248954 0.024497058489286096 0.011350159340773604 -0.015679464573727483 0.023109361345579282 0.044097641959736027
leaf_weight=2394.3467939011753 419.2725498303771 75912.048167005181 38584.799268834293 5944.2697861753404 116645.12027730793 2808.2294993065298 29466.101986601949 29788.142706695944 3688.8710865043104 15570.033008828759 18215.096986087039 7527.6286068111658 7416.4233065582812 9886.0179069526494 19318.779747575521 4669.3240680135787 71696.092171758413 38385.188877727836 771.38265326991677 17750.653542816639 57480.107243943959 6126.7190558612347 15906.444614700973 2138.7296249493957 26930.783093698323 302.71137438341975 58985.044174939394 1606.5157477557659 11227.695477679372 4085.1695534437895
leaf_count=17187 2270 158005 78747 15054 239464 8029 92943 56227 8521 31986 110311 16922 16651 12671 39799 8040 120883 68332 2852 37571 101968 9667 25585 4359 43918 903 130180 2250 30440 17420
internal_value=-0.000226848 0.00549465 0.00180248 -0.02217 -0.0235675 0.0141088 0.0113267 -0.00149302 -0.00600229 -0.0101895 -0.0245547 0.00975588 0.00173274 0.00229888 0.00419113 0.00686523 0.00208057 -0.0128322 0.0066199 0.00787033 0.00641539 0.00340161 -0.00507813 0.01438 0.00644229 0.0750108 0.0138391 0.0198374 0.0223413 0.0287337
internal_weight=701648 556542 340801 145106 138390 3530.21 215741 220858 92101.6 62313.4 134860 186275 128757 126362 100570 8358.2 81251.2 53955.2 6715.65 119942 102192 63606.8 25792.5 9555.15 102843 721.984 83432.1 24447 22840.5 15312.9
internal_count=1509155 1130272 638194 378883 360977 11202 492078 410241 173106 116879 349775 399135 237135 219948 181692 16561 141893 100318 17906 227953 190382 111635 38256 21010 201923 3173 197212 67032 64782 47860
is_linear=0
shrinkage=0.03


Tree=49
num_leaves=31
num_cat=6
split_feature=114 103 114 47 102 66 96 99 99 123 97 34 52 67 51 128 114 112 97 59 114 128 116 112 114 99 52 114 99 123
split_gain=100721 13657.9 9491.52 6800.78 4410.39 4262.25 3852.65 3879.39 3621.19 3169.41 2292.95 2234.85 2126.75 2071.79 2173.37 2851.27 2428.77 1835.26 1782.15 1781.05 2934.68 1749.01 2721.27 2154.87 1978.03 1827.14 1775.98 1619.31 1616.31 1616
threshold=0 1.0000000180025095e-35 1 8.5000000000000018 6.5000000000000009 1.5000000000000002 0.020000002346932892 0.98007318377494823 2.220191597938538 6.5000000000000009 1345.5000000000002 1.0000000180025095e-35 1183.5000000000002 5.5000000000000009 987.50000000000011 6.5000000000000009 2 -1.0000000180025095e-35 5128.0000000000009 1.0000000180025095e-35 3 8.5000000000000018 686.50000000000011 -1.0000000180025095e-35 4 1.7879908680915835 857.50000000000011 5 5.5123801231384286 1.0000000180025095e-35
decision_type=9 2 9 8 2 2 8 10 8 2 8 2 2 2 2 2 9 2 10 2 9 2 10 2 9 10 2 9 8 2
left_child=1 2 5 -2 21 28 10 9 18 13 -4 17 -9 14 16 29 -8 -7 -5 20 -6 23 -23 -3 26 -26 -25 -19 -1 -16
right_child=3 4 6 8 19 11 7 12 -10 -11 -12 -13 -14 -15 15 -17 -18 27 -20 -21 -22 22 -24 24 25 -27 -28 -29 -30 -31
leaf_value=-0.00096714132617698161 0.024713037803446414 0.0057049840001059957 -0.026033105055807186 0.00027015966268339472 0.0237962940714798 0.0030227920681105192 0.028220238011448677 -0.0033756513695713743 -0.026571655902427077 0.011177670462748399 -0.00089271357480926188 0.020211904713762999 0.011072308113295664 0.004173299205078587 -0.012527922947683937 0.03776002506218594 -0.016135962719931375 0.0004348554223749525 -0.022548463683564248 0.021906124716264457 -0.0024461975581243308 0.0053459989118508902 -0.027235624230488996 0.012442427844832654 0.014538915407700612 0.029792579239663653 -0.0049580316290847061 0.013246978986447038 0.0089039899683519361 0.018221165713920226
leaf_weight=84816.882498357445 2528.1150189004838 50104.993265710771 11443.486071523279 7130.5571650341153 7198.0096189677715 45530.39177223295 1125.9813766889274 16363.125359788537 115080.35730620287 7421.1573755517602 4568.0115940757096 14297.593685291708 20836.862223949283 8482.4731897823513 7370.9899594709277 1544.89085111022 40428.800825290382 10796.622109554708 5412.9376978501678 39338.326792225242 8182.7235265374184 40591.998738337308 2436.2373005561531 15644.064134709537 42125.038176074624 8500.0652991272509 7958.4777785763144 50218.679845876992 18107.820826467127 1933.8285233601928
leaf_count=141860 6704 93117 77794 18532 19101 85638 4871 25764 255582 17688 28831 39703 45297 16318 9665 4296 60195 18799 11258 122867 13777 77086 2172 33170 88087 22805 13042 112344 38529 4286
internal_value=-0.00013605 0.00532417 0.00159127 -0.0239358 0.0111279 0.00525649 -0.0051578 -0.00307644 -0.0249032 -0.00732123 -0.0188657 0.0090776 0.0047179 -0.00957742 -0.0118036 0.000153141 -0.0149247 0.0075817 -0.00958696 0.0185215 0.00985635 0.00870964 0.00349534 0.0105137 0.0137585 0.017102 0.00657282 0.0109826 0.00077021 -0.00612461
internal_weight=697519 567368 345288 130152 222080 223768 121520 105508 127624 68308.1 16011.5 120843 37200 60887 52404.5 10849.7 41554.8 106546 12543.5 54719.1 15380.7 167361 43028.2 124333 74227.6 50625.1 23602.5 61015.3 102925 9304.82
internal_count=1509178 1217102 731878 292076 485224 436873 295005 188380 285372 117319 106625 256484 71061 99631 83313 18247 65066 216781 29790 155745 32878 329479 79258 250221 157104 110892 46212 131143 180389 13951
cat_boundaries=0 1 2 3 4 5 6
cat_threshold=378276 360832 4 360704 114688 256
is_linear=0
shrinkage=0.03


Tree=50
num_leaves=31
num_cat=8
split_feature=114 73 103 47 114 100 100 59 114 73 114 99 113 114 114 120 100 56 100 128 112 72 74 114 112 114 66 35 74 73
split_gain=96079.3 12585 7415.36 6491.55 5432.02 3593.66 2957.17 2948.21 3082.27 2329.78 3182.23 2381.57 2146.02 2215.69 2037.07 1974.31 1869.58 1867.98 3154.19 1806.27 1912.42 1805.94 2212.49 2670.87 2983.96 1733.94 2400.55 1718.07 1625.12 1569.92
threshold=0 0.076130107045173659 1.0000000180025095e-35 8.5000000000000018 1 -1009.0791625976561 3090.381469726563 1.0000000180025095e-35 2 1.0000000180025095e-35 3 2.0165482759475712 -0.93301269412040699 4 5 6.5000000000000009 -85.122695922851548 0.010000000707805158 259.00018310546881 8.5000000000000018 -1.0000000180025095e-35 748.50000000000011 0.25570955872535711 6 0.68301269412040722 7 1.0000000180025095e-35 1.5000000000000002 0.12110048159956933 0.017917135730385784
decision_type=9 2 2 8 9 10 8 2 9 2 9 8 2 9 9 2 10 8 10 2 2 2 2 9 2 9 2 2 2 2
left_child=1 2 4 -2 6 21 17 14 -9 10 -6 12 28 16 27 -8 -14 -1 -19 20 -4 22 -5 -24 -25 -21 -27 -3 -11 -17
right_child=3 7 19 5 9 -7 15 8 -10 11 -12 -13 13 -15 -16 29 -18 18 -20 25 -22 -23 23 24 -26 26 -28 -29 -30 -31
leaf_value=-0.023292389886300589 0.023986293547479005 0.006316121015260313 0.00467034529301399 -0.020086068727911074 0.018041656817175525 -0.0093213207438690836 -0.0013930740867792431 0.017769420145793996 0.0059196572975366056 0.018772535879124103 -0.012509188722289392 0.0094426683942605595 0.0040320094583355922 0.0023959403040415828 0.00081540996855074916 0.055904323227268259 -0.0090588384458058016 0.0015717206503718113 -0.019028333683610916 0.0067534441722983422 0.013046813630409155 -0.027178478524078432 -0.023365943881538006 0.018300645236133849 0.15251820437006947 0.010667474837376491 -0.017073856162502756 0.018394994169311944 -0.0073679676723158224 -0.0084185078877991367
leaf_weight=12073.371405959129 2503.8070389442146 27030.895804464817 40982.130118265748 3184.9181901626289 3608.5656812041998 12291.44007467851 4449.4783085696399 80195.940821990371 26274.007376112044 9244.3348738253117 19943.570391871035 33405.561992749572 13436.254603162408 87397.673687264323 28834.85427268967 1154.1269388757646 36408.553546018898 12940.402079947293 13835.236013181508 22129.361791402102 61156.722323987633 107878.84922340885 492.7783584985882 393.54873481765389 233.19311294518411 4327.1160256117582 7954.9449345842004 17441.933541476727 2778.4423907771707 479.90696784481406
leaf_count=81672 6567 49616 73613 6871 8086 28450 25155 229973 52464 20923 42395 64268 22590 154003 50234 6094 50558 27689 19827 42601 126655 245704 1230 1226 1611 9508 9350 42401 4431 809
internal_value=-0.000178802 0.00509976 0.00205753 -0.0237664 -0.00100173 -0.0247307 -0.0104511 0.0116604 0.0148483 0.001058 -0.00782029 0.00220312 0.000582383 -0.000482664 0.007029 0.00898383 -0.00552884 -0.0134987 -0.00907566 0.00768405 0.00968663 -0.0264181 -0.0073424 0.0287689 0.0687702 0.00173898 -0.00729359 0.011054 0.0127304 0.0370768
internal_weight=694462 567483 387706 126979 251155 124475 44932.5 179778 106470 206223 23552.1 182671 149265 137242 73307.7 6083.51 49844.8 38849 26775.6 136550 102139 112183 4304.44 1119.52 626.742 34411.4 12282.1 44472.8 12022.8 1634.03
internal_count=1506574 1214915 790227 291659 528500 285092 161246 424688 282437 367254 50481 316773 252505 227151 142251 32058 73148 129188 47516 261727 200268 256642 10938 4067 2837 61459 18858 92017 25354 6903
cat_boundaries=0 1 2 3 4 5 6 7 8
cat_threshold=378276 36 328068 296192 1280 360704 657472 311428
is_linear=0
shrinkage=0.03


Tree=51
num_leaves=31
num_cat=4
split_feature=53 98 103 103 58 103 74 57 52 98 47 49 52 71 46 65 97 98 97 53 57 98 93 57 53 57 112 19 97 53
split_gain=86512.5 11530 5688.76 5419.98 4181.13 3383.97 3235.04 2839.71 3790.61 2768.23 2095.47 2213.55 2562.48 1901.14 1874.91 1809.06 1859.3 2516.94 2301.72 2734.15 1694.82 1688.3 1667.13 1596.23 1853.95 2850.34 3383.95 2160.86 1907.95 3011.36
threshold=3012.5000000000005 515.03823852539074 1.5000000000000002 1.0000000180025095e-35 2.5000000000000004 2.5000000000000004 0.46679636836051946 0 166.50000000000003 2055.327026367188 10.500000000000002 2.6396107673645024 8118.5000000000009 26.500000000000004 8.5000000000000018 1.5000000000000002 1827.5000000000002 2201.2631835937505 1656.5000000000002 1035.5000000000002 1 1357.229187011719 8739.5000000000018 2 1078.5000000000002 3 -0.93301269412040699 1.0000000180025095e-35 769.50000000000011 1306.5000000000002
decision_type=2 8 2 2 2 2 2 9 2 10 8 8 2 2 8 2 10 10 10 2 9 10 2 9 2 9 2 2 10 2
left_child=1 4 6 9 5 7 10 8 -1 23 11 12 -2 -8 -14 16 18 -18 -5 -20 -19 -17 -9 24 27 -26 28 -3 -27 -30
right_child=2 3 -4 15 -6 -7 13 22 -10 -11 -12 -13 14 -15 -16 21 17 20 19 -21 -22 -23 -24 -25 25 26 -28 -29 29 -31
leaf_value=0.005685209888876424 -0.0010824660450336509 -0.0069087401151314712 0.02025230983131503 0.012473253647910881 0.022892741860570068 0.015760854035647143 0.03619659634073976 -0.02555506870631867 0.024279107825338989 -0.013435163805595904 -0.024801521023465483 -0.019169816180548083 0.14772574001810762 -0.0097452121850686631 0.029792534878955116 0.0045222670048288838 -0.0024583708587619605 -0.030743659148108751 0.01038464489894193 0.062310013141755438 0.039584420993544214 -0.013943004657720602 0.0053961910746687797 0.0062517446946009194 0.0064870277668982812 -0.0012767025681457583 -0.014863002376401018 0.0056850293944224273 -0.0072181776242324488 0.14058982958512165
leaf_weight=22139.752982109785 1565.3510855194181 76188.683915514499 2837.6929009184241 21864.569818772376 18932.664049856365 45268.577779695392 893.14723428338766 1570.5446593463421 17803.679976500571 18351.089375508949 117087.6704621315 4537.6064500715584 190.8551169000566 7917.9941117241979 323.4558725245297 49430.915750406682 12825.813221093267 345.04306824505329 1713.8841061517596 1953.8657502233982 2216.1292346790433 4888.1334469877183 176273.00178260729 22582.154033022001 37053.539828525856 457.21484509110451 11244.515417605639 14605.656196113676 202.55546637251973 306.31621143966913
leaf_count=46799 13113 109921 7960 44965 59293 113495 2919 11004 52573 43824 268533 51468 1799 28426 1069 86580 20311 198 3249 6959 7407 8319 338778 43035 68387 1820 23180 40643 436 2428
internal_value=-0.000205921 0.00501148 -0.021722 0.000655152 0.00927868 0.00829801 -0.0226223 0.00674615 0.0139734 -0.00239316 -0.0238732 -0.00743535 0.0181372 -0.00505254 0.0755391 0.00644784 0.0112109 0.00297058 0.0161738 0.0381403 0.0300614 0.00285833 0.00512115 -0.00114652 -0.00234001 0.00234527 -0.010215 -0.00488244 0.0433774 0.0827499
internal_weight=693572 558218 135354 276230 281988 263056 132516 217787 39943.4 180992 123705 6617.27 2079.66 8811.14 514.311 95238.4 40919.3 15387 25532.3 3667.75 2561.17 54319 177844 162641 140058 49264.1 12210.6 90794.3 966.087 508.872
internal_count=1508891 1133604 375287 511662 621942 562649 367327 449154 99372 333674 335982 67449 15981 31345 2868 177988 83089 27916 55173 10208 7605 94899 349782 289850 246815 96251 27864 150564 4684 2864
cat_boundaries=0 1 2 3 4
cat_threshold=25264138 2164785160 2839679361 4325376
is_linear=0
shrinkage=0.03


Tree=52
num_leaves=31
num_cat=3
split_feature=65 97 65 115 100 96 128 55 130 74 55 121 59 97 97 51 57 55 106 65 106 120 57 51 55 120 71 57 71 75
split_gain=76025.3 11648.6 9779.34 3793.88 6477.91 3425.32 3192.33 3140.36 3650.12 3180.36 3123.64 3114.29 3064.24 2573.75 2448.84 2367.19 2285.77 2273.4 2758.7 2414.02 2219.88 1975.35 1913.89 1894.91 1663.47 1642.76 1617.33 1614.47 1532.6 1510.86
threshold=1.0000000180025095e-35 5128.0000000000009 5.5000000000000009 1.0000000180025095e-35 20.980379104614261 0.020000002346932892 8.5000000000000018 3.5000000000000004 26.500000000000004 0.46679636836051946 0.014999999664723875 33.500000000000007 1.0000000180025095e-35 317.50000000000006 7838.0000000000009 987.50000000000011 0 8.5000000000000018 0.29836145043373113 17.500000000000004 0.31180556118488317 22.500000000000004 1 1328.5000000000002 0.16499999910593036 1.0000000180025095e-35 26.500000000000004 2 14.500000000000002 11.014589786529543
decision_type=2 8 2 2 8 8 2 8 2 2 10 2 2 10 10 2 9 8 2 2 2 2 9 2 10 2 2 9 2 2
left_child=1 13 3 5 23 14 11 8 10 -9 -3 -6 -4 22 24 28 -15 18 -14 -19 21 27 -1 -5 29 -13 -11 -7 -8 -2
right_child=2 7 12 4 6 20 15 9 -10 26 -12 25 17 16 -16 -17 -18 19 -20 -21 -22 -23 -24 -25 -26 -27 -28 -29 -30 -31
leaf_value=0.01952390216355105 -0.02571224605363184 0.026823631310981123 0.00614405517988617 0.0033517151248519768 -0.0027703450337413509 0.017990622658843245 -0.0200321135040256 -0.025980789506756655 -0.012807730904626505 0.035269598848884642 0.16844796189687303 0.10643932117919014 0.036535906592213584 0.013551513202621771 0.050935611649629182 0.023021040303618505 -0.0074916258920883659 0.009553261493473568 0.010264421973271608 0.021082465972897115 0.018538892749176288 0.021596747370528795 -0.014694425079052578 0.01525271063191618 -0.0019522490918539297 0.011904242397254921 -0.0093003536285543188 0.0040073821801139007 -0.0059839378902456211 0.013025265976465762
leaf_weight=1570.6821020618081 5704.8473043516278 507.73051322251558 85394.700783021748 41512.066037464887 74126.008621823043 7881.3687423542142 20438.654586002231 102715.21948915161 1976.464473683387 899.41271662712097 186.32712182030082 345.23779859766364 8018.5354730859399 9221.8765341136605 664.11502757668495 1519.2353277057409 9323.9656116329134 76024.208617404103 6536.8119518011808 20828.482963532209 13096.879686318338 6632.5503830499947 20247.51653919369 16955.549607917666 16616.078305587173 314.91608420014381 3762.1285442281514 125871.79182625934 10635.867617670447 1070.5207683816552
leaf_count=3581 30285 2827 163019 72288 123033 19092 24491 241417 19001 2885 1999 1762 31195 20111 2649 3521 23792 173420 16915 70372 28957 16546 86632 36286 24841 627 16262 229413 18488 3086
internal_value=-0.000163225 -0.0190259 0.00508919 0.00203325 -0.00122932 0.00508089 -0.00560418 -0.0240818 0.00802687 -0.024881 0.0666967 -0.00218866 0.0104209 -0.00523909 -0.00544302 -0.013438 0.00297696 0.0136982 0.0247525 0.0120346 0.00673056 0.0056277 -0.012221 0.00680501 -0.00706477 0.0621934 -0.000643793 0.00483427 -0.0152273 -0.0195815
internal_weight=690600 150411 540188 343386 165848 177538 107380 110047 2670.52 107377 694.058 74786.2 196803 40364 24055.6 32593.8 18545.8 111408 14555.3 96852.7 153483 140386 21818.2 58467.6 23391.4 660.154 4661.54 133753 31074.5 6775.37
internal_count=1508793 418507 1090286 635365 280496 354869 171922 284391 23827 260564 4826 125422 454921 134116 60861 46500 43903 291902 48110 243792 294008 265051 90213 108574 58212 2389 19147 248505 42979 33371
cat_boundaries=0 1 2 4
cat_threshold=131136 64 18973712 1
is_linear=0
shrinkage=0.03


Tree=53
num_leaves=31
num_cat=0
split_feature=53 64 103 103 74 73 69 55 55 75 54 52 99 43 120 68 43 35 128 70 99 75 55 71 55 53 131 121 70 68
split_gain=79126.4 10978.5 7162.05 5678.76 3257.08 3081.13 2880.16 2734.66 2557.46 2086.04 2010.63 1853.42 2257.42 2676.18 1890.96 1693.48 1851.38 1510.81 1628.06 2037.07 1499.87 1483.88 2385.22 2062.89 1434.74 1574.87 1410.81 1364.58 1205.45 1166.72
threshold=3012.5000000000005 2.5000000000000004 1.0000000180025095e-35 1.5000000000000002 0.37786526978015905 0.18893263489007953 13.500000000000002 10.500000000000002 0.054999999701976783 11.014589786529543 8004.0000000000009 41.500000000000007 0.75584769248962413 1.0000000180025095e-35 1.0000000180025095e-35 14.500000000000002 5.5000000000000009 15.500000000000002 9.5000000000000018 1.5000000000000002 13.497063159942629 0.010512917768210174 5.5000000000000009 35.500000000000007 5.5000000000000009 87.500000000000014 288.50000000000006 34.500000000000007 6.5000000000000009 8.5000000000000018
decision_type=2 2 2 2 2 2 2 8 8 2 2 2 10 2 2 2 2 2 2 2 8 2 8 2 8 2 2 2 2 2
left_child=1 2 8 4 7 15 -6 10 9 -1 -2 -10 13 14 -13 16 21 18 29 -20 -9 22 -3 -24 -7 -26 -16 -28 -21 -4
right_child=3 5 17 -5 6 24 -8 20 11 -11 -12 12 -14 -15 26 -17 -18 -19 19 28 -22 -23 23 -25 25 -27 27 -29 -30 -31
leaf_value=-0.025088970700606571 -0.016092957941700826 0.039413613986388873 0.0094628054013490056 0.020323186992927626 0.041258827549394035 -0.036053041053400806 -0.011141790354513605 -0.012614711017674873 0.011607296404723813 0.02224639334927439 0.014665752890933111 -0.012177132833508878 0.0017834759423681346 0.00086907094903617777 -0.0046098861490352395 -0.0012581833344403603 0.020580226902440463 0.040643307165470294 0.023451465160069771 -0.010580002771833989 -0.026180900073095786 0.0072047430514176579 0.030607668372023698 0.0047883987364744987 0.026049143200418991 0.012237578923205698 0.02991319915812184 -0.0083873653045927997 0.0030649858730769221 -0.003445207647716231
leaf_weight=6113.8835768774152 10089.101132959127 3393.7369305640459 109961.98606885225 2879.1268474198878 1054.6251876726747 398.43282115459442 8331.8248214554042 7962.2993341051042 11135.840907458216 962.80012042820454 2351.224473381415 39595.947339490056 130334.73165144771 53191.580457251519 16102.314883172512 12113.119697898626 14408.716368336231 1214.7498864531517 3105.6357906907797 9601.7525416947901 97376.996856132522 76188.414098870009 3752.4032854288816 10740.371335372329 18952.260404035449 12267.966730713844 2309.8661704957485 1304.2589360922575 14790.24666319415 6680.3976913653314
leaf_count=36765 61686 14089 215885 8044 3677 522 29559 19232 24471 2841 17297 55062 227418 103311 26348 21953 37742 4170 7365 12357 235986 160037 13063 22837 66284 33904 5977 1757 27808 11444
internal_value=-0.000211577 0.00469493 0.00212096 -0.0212867 -0.0222303 0.0115667 -0.00521662 -0.0235856 -0.000850821 -0.0186266 -0.0102724 -0.000354808 -0.000903809 -0.00401688 -0.00839803 0.00937979 0.0105676 0.00745785 0.00717537 0.000608428 -0.0251568 0.00903204 0.0168071 0.0114899 0.0199021 0.0206276 -0.000806252 0.0161064 -0.00230841 0.0087233
internal_weight=688667 558621 406406 130045 127166 152215 9386.45 117780 261051 7076.68 12440.3 253975 242839 112504 59312.4 120597 108484 145355 144140 27497.6 105339 94074.9 17886.5 14492.8 31618.7 31220.2 19716.4 3614.13 24392 116642
internal_count=1508891 1133410 762979 375481 367437 370431 33236 334201 483950 39606 78983 444344 419873 192455 89144 269721 247768 279029 274859 47530 255218 210026 49989 35900 100710 100188 34082 7734 40165 227329
is_linear=0
shrinkage=0.03


Tree=54
num_leaves=31
num_cat=0
split_feature=53 98 103 51 55 53 96 98 19 124 128 131 100 93 103 65 75 98 75 68 131 128 127 51 131 103 66 98 55 55
split_gain=75562.4 10462.6 5116.96 4155.79 4061.67 2575.19 2537.47 2408.69 2318.18 2316.39 2411.02 4493.79 2369.04 2279.13 2235.1 2149.91 2081.98 2349.74 2511.28 1908.83 1845.58 1773.34 1762.19 1625.59 2006.42 1601.73 1482.73 1633.38 1465.42 1427.09
threshold=4079.5000000000005 772.28952026367199 2.5000000000000004 943.50000000000011 10.500000000000002 56.500000000000007 0.05999999679625035 105.01255798339845 3.5000000000000004 3.5000000000000004 6.5000000000000009 50.500000000000007 342.74121093750006 3719.5000000000005 1.5000000000000002 21.500000000000004 6.2519607543945321 2055.327026367188 0.062815506011247649 64.500000000000014 4.5000000000000009 17.500000000000004 1.0000000180025095e-35 1995.5000000000002 119.50000000000001 1.5000000000000002 5.5000000000000009 1206.7725830078127 2.5000000000000004 8.5000000000000018
decision_type=2 8 2 2 8 2 8 10 2 2 2 2 10 2 2 2 2 8 2 2 2 2 2 2 2 2 2 10 10 10
left_child=1 2 5 14 6 7 25 -1 -6 10 12 -12 22 -7 16 -4 17 18 26 -17 -15 -13 23 -5 -25 -2 27 -3 -8 -22
right_child=4 3 15 9 8 13 28 -9 -10 -11 11 21 -14 20 -16 19 -18 -19 -20 -21 29 -23 -24 24 -26 -27 -28 -29 -30 -31
leaf_value=0.025507803003682845 -0.013229886659844417 -0.0058254686305832838 0.013758811719565485 0.0037192273337078013 -0.02516411489731081 -0.027550733622398876 0.081372844314008819 0.0089164179857102576 -0.0092352305118189055 0.015303651520185015 -0.0057323595114359294 0.049972946806474162 -0.018467680933427152 0.0094191281184305819 0.008195252028963278 0.03622225888881387 0.0082586721607774607 -0.013203276300679799 0.00085788787432597273 -0.041522652203564082 0.0037791377846844885 -0.0069390357556824737 -0.0092144233869765734 0.011564169179710775 0.066989571882942814 0.021391293013862119 0.020708781905847094 -0.018419911403268888 -0.0022353951135668207 -0.020852646585576156
leaf_weight=9863.6383116617799 9898.1848218888044 29219.419839799404 50016.706288941205 17750.327555764467 97388.61582781747 1941.5528847873211 448.34896597638726 39031.458397813141 8997.6604130491614 16646.097260482609 3698.1981182396412 3111.3017241470516 5927.4822535216808 63430.429069880396 13246.353002972901 5892.9969049990177 10304.829659678042 29323.026510376483 53424.366116654128 290.53273245692253 184907.59685202502 582.43594178557396 8423.5230391956866 1954.467325296253 834.12824110686779 1359.7047757282853 1471.8899449929595 13573.483866125345 319.78226848877966 2131.6221752204001
leaf_count=34081 64868 46351 119152 30149 224415 15814 3361 84158 48216 36009 5336 10118 7191 135554 27031 24012 21295 70843 104789 371 343686 785 10754 3926 3143 3932 4779 20265 741 3409
internal_value=-0.00015427 0.00439786 0.00751733 -0.000925763 -0.0219499 0.00596689 -0.0054191 0.0122679 -0.0238179 0.00582766 0.00209429 0.0176458 -0.00120463 0.00474587 -0.00356915 0.0158272 -0.00470452 -0.00575683 -0.00352053 0.0325083 0.00499731 0.0410044 0.00233359 0.0070719 0.0283232 -0.00903314 -0.00880396 -0.00982367 0.0469843 0.00349732
internal_weight=685410 566998 357507 209491 118412 301306 12026 48895.1 106386 58928 42281.9 7391.94 34889.9 252411 150563 56200.2 137317 127012 97689.2 6183.53 250470 3693.74 28962.4 20538.9 2788.6 11257.9 44264.8 42792.9 768.131 187039
internal_count=1508534 1163001 760237 402764 345533 616702 72902 118239 272631 107411 71402 16239 55163 498463 295353 143535 268322 247027 176184 24383 482649 10903 47972 37218 7069 68800 71395 66616 4102 347095
is_linear=0
shrinkage=0.03


Tree=55
num_leaves=31
num_cat=2
split_feature=52 64 103 55 74 57 100 73 69 103 55 49 75 100 112 124 66 57 51 124 97 97 100 120 131 116 69 75 112 131
split_gain=72339.1 10340.5 7308.34 3961.94 3618.93 3615.8 3467.06 2981.05 2373.97 2349.99 2321.92 2296.01 2151.08 1843.69 1783.79 1985.34 1854.38 1694.67 1426.04 1578.54 2302.87 3432.09 2281.71 1818.73 2003.97 1859.68 1579.65 1542.2 1491.76 1869.83
threshold=4089.5000000000005 2.5000000000000004 1.0000000180025095e-35 10.500000000000002 0.37786526978015905 0 624.97039794921886 0.18186125159263614 13.500000000000002 1.5000000000000002 0.064999999478459372 2.557775735855103 3.9583082199096684 -4951.0427246093741 -1.0000000180025095e-35 175.50000000000003 29.500000000000004 1 1001.5000000000001 4.5000000000000009 1726.5000000000002 1801.5000000000002 -130.04248046874997 9.5000000000000018 173.50000000000003 478.50000000000006 9.5000000000000018 1.0284945368766787 0.25000000000000011 52.500000000000007
decision_type=2 2 2 8 2 9 8 2 2 2 8 8 2 10 2 2 2 9 2 2 10 10 10 2 2 8 2 2 2 2
left_child=1 2 5 9 17 -1 10 14 -6 11 -7 13 -8 -2 15 -3 -16 -5 27 23 22 -22 26 24 25 28 -21 -12 29 -20
right_child=3 7 -4 4 8 6 12 -9 -10 -11 18 -13 -14 -15 16 -17 -18 -19 19 20 21 -23 -24 -25 -26 -27 -28 -29 -30 -31
leaf_value=0.0042640725669092754 0.046540980653368924 0.0054752742891728892 0.0071488093619045123 0.0084314249717982286 0.036503524520490542 -0.023001529335327824 -0.012771483983674049 0.018628697708130391 -0.010719037612840253 0.028141527946126055 -0.0032727751504925532 -0.017075571413918644 0.00043757202180775483 -0.015274782001004197 0.01291145322297119 -0.023729865085341653 -0.0073144299199528707 -0.025709287994807126 -0.0051872901538024454 0.025750639786265454 0.1313252972314615 0.0044950383606134226 -0.012519201696224632 0.036820169335487651 -0.020748431010567052 0.016554158016854833 -0.030716622503486453 0.0089543282406569346 -0.015945139332952801 0.024892429819957977
leaf_weight=78305.053680347279 1016.3561073262244 44766.141192313284 147743.91899425536 1323.6888733506203 1110.0146382953972 4054.1179438252002 44033.742936819792 34888.610130138695 6621.4905951824039 1614.3144186884165 82379.954677244648 8583.8163905572146 14831.525328427553 745.9747449234128 65985.156342364848 2187.9164349660277 4342.2802960984409 94838.892933318391 5686.1053341291845 5593.7017909400165 360.04674197733402 400.67808228731155 2544.7822305038571 1223.4068637192249 3713.3831080645323 6387.886342830956 476.08779259026051 10453.377261742949 5059.1051143482327 2752.2329289242625
leaf_count=144757 7317 95005 283562 3464 3664 30204 90187 110573 24005 4950 137994 54808 27613 5788 155414 2118 7101 240768 7928 13752 2091 683 2877 3482 3294 13297 266 20158 5341 6474
internal_value=-0.000166613 0.00423892 0.00179104 -0.0217706 -0.0236528 -0.00115996 -0.00339611 0.0109303 -0.00390088 -0.00541444 -0.000680044 -0.0106723 -0.00944386 0.0204365 0.00863886 0.00410964 0.0116618 -0.0252403 3.40882e-05 0.00527026 0.0157509 0.0654481 0.0112915 0.00130699 -0.000548907 0.00323168 0.0212784 -0.00189514 -0.00308099 0.00464131
internal_weight=684024 568169 415999 115855 103894 268255 189950 152170 7731.51 11960.5 131085 10346.1 58865.3 1762.33 117281 46954.1 70327.4 96162.6 127031 34197.4 9375.3 760.725 8614.57 24822.1 23598.7 19885.3 6069.79 92833.3 13497.4 8438.34
internal_count=1508935 1164171 793960 344764 271901 510398 365641 370211 27669 72863 247841 67913 117800 13105 259638 97123 162515 244232 217637 59485 19669 2774 16895 39816 36334 33040 14018 158152 19743 14402
cat_boundaries=0 2 3
cat_threshold=19240024 1 536875008
is_linear=0
shrinkage=0.03


Tree=56
num_leaves=31
num_cat=3
split_feature=52 98 72 103 103 103 98 22 71 57 23 52 112 72 65 98 65 116 57 60 116 112 99 72 97 57 53 97 97 124
split_gain=69172.4 9723.1 5707.11 4484.75 4350.7 4151.55 2719.42 2595.72 2437.7 2204.79 3994.09 2228.79 2044.82 2729.16 1742.02 1689.32 1689.31 2216.01 2063.66 1682.79 1791.76 1534.79 1498.63 1446.45 2391.86 1901.84 1589.43 3173.94 2725.48 1524.89
threshold=4089.5000000000005 707.06729125976574 716.50000000000011 3.5000000000000004 1.5000000000000002 1.0000000180025095e-35 2055.327026367188 2.5000000000000004 212.50000000000003 0 1.0000000180025095e-35 55.500000000000007 0.68301269412040722 193.50000000000003 18.500000000000004 105.01255798339845 1.5000000000000002 572.00000000000011 1 1.5000000000000002 357.00000000000006 0.68301269412040722 17.404474258422855 1775.5000000000002 24.500000000000004 2 1322.5000000000002 834.50000000000011 99.500000000000014 39.500000000000007
decision_type=2 8 2 2 2 2 10 2 2 9 2 2 2 2 2 10 2 10 9 2 8 2 10 2 10 9 2 10 10 2
left_child=1 3 12 7 8 6 23 9 -4 10 19 15 -2 -14 -5 -11 18 21 -7 -1 -21 -18 -13 29 25 -25 28 -28 -26 -3
right_child=2 5 4 14 -6 16 -8 -9 -10 11 -12 22 13 -15 -16 -17 17 -19 -20 20 -22 -23 -24 24 26 -27 27 -29 -30 -31
leaf_value=0.010394309485431236 -0.0019202918820317506 0.0043134241036816394 -0.025906291155905346 0.014273696641604874 0.018128274990380333 -0.014684796499708021 -0.01395142107612762 0.025975415480192606 -0.012914826662568664 0.024607860284368607 0.0040231676515194445 0.0038119987493602939 0.079128990484472431 -0.010708176630232392 0.031284961748730661 0.0082947229682708186 -0.0014884509268659031 -0.022620126541788101 0.011149691735332302 0.013773102312536308 0.035509600212329899 0.013600413121653063 -0.015925937440650257 0.00094184476214093072 0.028012520275496663 -0.024869385269871317 -0.01116071699674694 0.010749639148770066 -0.0050237666591167853 0.045759814803930106
leaf_weight=8900.644380884245 4606.5576072912663 14716.022889558226 89873.659055924043 25870.519899845123 2243.9833315946162 2991.2073656544089 19775.421349607408 5836.1842401772738 15233.400569587946 7184.416449315846 29383.684942036867 213539.22968292423 713.4884422570467 521.62964852340519 6859.8449946194887 27859.959414020181 21687.639623761177 3449.6165110357106 37342.767038740218 5627.878787510097 8738.7435950040817 8412.6555796973407 3509.4373113606125 3883.6582462396473 2308.4591823406518 7596.9951194152236 8432.9426784701645 20149.507362902164 73596.773768480867 835.04033711925149
leaf_count=18461 15498 27223 221041 62100 6267 4580 51623 18366 96942 24969 62053 395999 3194 1456 27099 58690 35982 3474 75668 14891 33988 18018 14000 9937 7180 12140 19931 41984 123418 2750
internal_value=-0.000155302 0.00410906 -0.0215707 0.00728647 -0.0231421 -0.000735364 -0.0035819 0.00617296 -0.0240248 0.00579288 0.0113761 0.00462575 0.00729551 0.0414066 0.0178475 0.0116451 0.00509329 0.000119153 0.00922974 0.0206612 0.0270102 0.00273181 0.00349214 -0.00202178 -0.00317398 -0.0161656 -0.0017451 0.00428358 -0.0040155 0.00656693
internal_weight=681682 568489 113193 343311 107351 225179 151295 310580 105107 304744 52651 252093 5841.68 1235.12 32730.4 35044.4 73883.9 33549.9 40334 23267.3 14366.6 30100.3 217049 131519 115968 11480.7 104488 28582.5 75905.2 15551.1
internal_count=1508922 1164524 344398 730616 324250 433908 296186 641417 317983 623051 129393 493658 20148 4650 89199 83659 137722 57474 80248 67340 48879 54000 409999 244563 214590 22077 192513 61915 130598 29973
cat_boundaries=0 1 3 4
cat_threshold=25264152 2689077264 1 553652289
is_linear=0
shrinkage=0.03


Tree=57
num_leaves=31
num_cat=4
split_feature=114 103 114 78 72 65 99 93 97 99 123 106 72 113 57 74 114 97 65 90 92 97 66 51 51 116 113 42 35 130
split_gain=74146.4 8469.6 7010.58 6747.47 3933.28 3686.01 3234.85 2282.8 2639.21 2579.09 2689.15 2193.13 2135.06 1926.66 1820.4 1791.82 2423.96 1787.86 1658.57 1649.94 1653.39 1528.62 1468.57 1726.71 1496.12 1342.39 1340.3 1319.78 1308.41 1505.89
threshold=0 1.0000000180025095e-35 1 8.0384616851806658 1410.5000000000002 13.500000000000002 2.220191597938538 7651.5000000000009 1345.5000000000002 0.97024112939834606 6.5000000000000009 0.23550420254468921 758.50000000000011 0.68301269412040722 2 0.17652960866689685 3 168.50000000000003 2.5000000000000004 2628.5000000000005 6440.5000000000009 5128.0000000000009 5.5000000000000009 987.50000000000011 167.50000000000003 807.00000000000011 0.25000000000000011 1.5000000000000002 1.0000000180025095e-35 21.500000000000004
decision_type=9 2 9 8 2 2 8 2 8 10 2 2 2 2 9 2 9 10 2 2 2 10 2 2 2 10 2 2 2 2
left_child=1 2 4 26 -1 25 21 8 19 10 22 13 15 -6 -15 -8 -17 -11 -19 -4 -21 -5 23 24 -9 -3 -2 -13 29 -10
right_child=3 5 7 6 11 -7 12 9 28 17 -12 27 -14 14 -16 16 -18 18 -20 20 -22 -23 -24 -25 -26 -27 -28 -29 -30 -31
leaf_value=0.015965042833622874 -0.0063160071961942737 0.0077204147181503032 -0.025951900382349267 0.0003540162140229624 0.0028638873916672744 0.019023443864857239 -0.019518995302857819 -0.0063786152193444174 0.027257283501878438 -0.0062442075479897082 0.010216890048187384 0.0072337888158830301 -0.026624635574321476 -0.009672141545045105 0.0084066822431303652 0.057222500745098714 -0.017653600924581844 0.011635808170518101 -0.006146835049962723 0.13255457162458775 -0.028511901251886046 -0.021718056150262403 0.010792750074579339 0.00070178415806926298 -0.017531978693955064 -0.0060065984569832899 0.035133754614709099 0.026404915757978261 0.036252697296279862 -0.01833477758701673
leaf_weight=23384.197035200894 1063.9664336517453 192449.08742441237 9910.5865604337305 6743.8094854019582 125046.88277118653 27269.801779925823 2675.9758123457432 19000.560960793868 921.91726123914123 12787.630672730505 7401.6156854908913 43011.8626312837 92195.623593617231 22757.975843600929 6411.9178063422441 782.4737401958555 744.27607510052621 19985.760659236461 6172.1720881536603 110.14342799410224 104.15937357395887 4847.9580516833812 3188.8628257960081 10678.08392707631 25196.811639022082 6625.6130178719759 2039.0995196346194 3486.7121343463659 900.70382300391793 2161.9875829331577
leaf_count=55298 1857 389410 75580 17982 231944 86306 6433 41659 4658 20695 17436 91780 243685 33310 12990 3205 1754 40440 9472 1850 2645 11169 6778 18495 34485 10136 6097 11147 2971 17523
internal_value=-0.000199717 0.00417766 0.00120265 -0.0226152 0.00432331 0.00868091 -0.0238709 -0.00469775 -0.0160199 -0.0031668 -0.00680307 0.00296649 -0.0256714 0.00124432 -0.0056971 -0.00474757 0.0211012 0.00294579 0.00743911 -0.0241529 0.0564891 -0.00888782 -0.00897404 -0.0101245 -0.0127396 0.00726327 0.020947 0.00867671 0.0046548 -0.00466122
internal_weight=680058 568965 342621 111093 224100 226345 107990 118521 14109.5 104411 65465.9 200715 96398.3 154217 29169.9 4202.73 1526.75 38945.6 26157.9 10124.9 214.303 11591.8 58064.3 54875.5 44197.4 199075 3103.07 46498.6 3984.61 3083.9
internal_count=1509190 1217008 731156 292182 436469 485852 284228 294687 105227 189460 118853 381171 255077 278244 46300 11392 4959 70607 49912 80075 4495 29151 101417 94639 76144 399546 7954 102927 25152 22181
cat_boundaries=0 1 2 3 4
cat_threshold=378276 360832 537014273 8728
is_linear=0
shrinkage=0.03


Tree=58
num_leaves=31
num_cat=2
split_feature=67 97 98 103 55 131 55 103 98 29 57 97 75 98 124 103 97 100 49 71 68 98 71 97 57 98 131 55 54 100
split_gain=58476.4 10685.6 8406.74 4083.85 3180.07 4627.58 3026.56 2931.75 2660.99 2652.04 2384.51 2376.41 2375.67 3986.08 2383.48 2365.3 1989.84 2210.27 1967.18 1643.84 1472.77 1730.44 1378.22 1360.71 1349.57 1389.72 1300.75 1494.89 1716.18 1288.2
threshold=1.0000000180025095e-35 5128.0000000000009 335.11389160156256 1.0000000180025095e-35 3.5000000000000004 184.50000000000003 1.0000000180025095e-35 1.5000000000000002 1773.8765869140627 3.5000000000000004 0 336.50000000000006 0.062815506011247649 1206.7725830078127 13.500000000000002 1.0000000180025095e-35 2303.5000000000005 378.40312194824224 2.4415403604507451 31.500000000000004 38.500000000000007 95.435302734375014 169.50000000000003 168.50000000000003 1 763.09326171875011 23.500000000000004 0.014999999664723875 4657.5000000000009 -1325.0997314453123
decision_type=2 8 8 2 8 2 10 2 10 2 9 10 2 10 2 2 10 10 8 2 2 10 2 10 9 10 2 10 2 10
left_child=1 3 9 11 5 6 -3 8 12 15 -6 -1 13 14 -4 19 26 -18 -7 -2 21 -17 -9 -24 -5 -26 -10 -28 -29 -21
right_child=2 4 7 24 10 18 -8 22 16 -11 -12 -13 -14 -15 -16 20 17 -19 -20 29 -22 -23 23 -25 25 -27 27 28 -30 -31
leaf_value=-0.017972607294430561 0.012453920859786739 0.040548093989935113 -0.0020792437774879205 0.017419598797468031 0.0074112792405050419 0.099060018262701485 0.19730279601195916 0.010849247896906578 0.0017609529446348784 0.026644144158671158 -0.024722228674643288 -0.00026071445751043128 0.0039732882106571065 -0.016831311054294446 0.0084480916189481562 0.024845632540902007 0.039017105760571102 -0.0039997131664716024 -0.018777668898009678 -0.020983199446221148 -0.0086074420544762064 0.011221253539834129 -0.021774933144221957 0.0053844102380803359 0.033216296970372469 -0.017985179998814483 -0.022985539603763809 -0.0010940137797955266 0.12810804469138021 0.0039395462557898948
leaf_weight=16170.971362974495 22887.923828288913 381.87086207419634 92857.177489876747 8026.4571225941181 2123.9203709028661 126.75229167565703 150.62616300955415 37621.731041043997 2894.7187880538404 7465.815849006176 92001.06630888395 11782.193688286468 135451.611981038 13971.225266754627 24442.676794841886 9395.8557705581188 1182.6529761664569 10888.266851440072 1893.8710476048291 1901.5438575260341 3018.7325849756598 78428.946890428662 2397.7781720012426 5338.8247860074043 600.54195669665933 2176.4763608574867 11144.09238737449 388.96258363500237 111.33900063112378 79567.909632857889
leaf_count=78037 50215 2191 146900 21134 6826 837 1585 73064 7427 27194 253772 28471 249953 21767 48808 33067 3431 22782 19070 5180 5846 187747 3200 11319 1817 4548 20234 3664 1436 167081
internal_value=-0.000137543 -0.0177671 0.00427321 -0.00445658 -0.0231021 0.00990123 0.0877085 0.00138122 0.000283541 0.0091059 -0.0239983 -0.0105098 0.00118617 -0.00168979 0.000114952 0.00843379 -0.00876091 0.000243684 -0.0109344 0.00535186 0.0119732 0.0126815 0.00847832 -0.00305023 0.011201 -0.00680876 -0.0162319 -0.0207025 0.0296061 0.00335533
internal_weight=676793 135435 541358 38756.6 96678.1 2553.12 532.497 338691 293333 202667 94125 27953.2 266723 131271 117300 195201 26610 12070.9 2020.62 104357 90843.5 87824.8 45358.3 7736.6 10803.5 2777.02 14539.1 11644.4 500.302 81469.5
internal_count=1508603 418288 1090315 134007 284281 23683 3776 613985 526402 476330 260598 106508 467428 217475 195708 449136 58974 26213 19907 222476 226660 220814 87583 14519 27499 6365 32761 25334 5100 172261
cat_boundaries=0 1 2
cat_threshold=604082176 16908353
is_linear=0
shrinkage=0.03


Tree=59
num_leaves=31
num_cat=7
split_feature=114 55 73 55 97 114 59 114 100 114 100 114 53 72 114 68 53 97 116 116 55 106 128 106 124 131 53 116 57 97
split_gain=68582.4 8484.38 7723.11 3663.34 3830.03 2781.82 2943.41 2711.41 2476.9 6349.86 2351.41 2226.03 3135.86 4412.73 3333.28 3195.19 2861.6 2197.13 2181.98 2315.55 2298.84 2271.99 2009.88 2691.01 1984.91 2308.33 2188.57 1964.61 1942.03 2188.89
threshold=0 8.5000000000000018 0.076130107045173659 0.054999999701976783 4009.0000000000005 1 1.0000000180025095e-35 2 398.44479370117193 3 -4951.0427246093741 4 1306.5000000000002 2159.5000000000005 5 1.5000000000000002 1480.5000000000002 119.50000000000001 130.50000000000003 149.50000000000003 3.5000000000000004 0.099212598055601134 10.500000000000002 0.4380482435226441 13.500000000000002 20.500000000000004 2321.5000000000005 149.50000000000003 6 1511.5000000000002
decision_type=9 8 2 8 10 9 2 9 10 9 10 9 2 2 9 2 2 8 8 8 10 2 2 2 2 2 2 8 9 10
left_child=2 -2 3 4 10 -4 -7 17 11 22 -1 16 28 -14 15 24 -5 -3 -8 -20 -21 -22 23 -10 25 -15 -27 -18 29 -13
right_child=1 7 5 8 -6 6 18 -9 9 -11 -12 12 13 14 -16 -17 27 -19 19 20 21 -23 -24 -25 -26 26 -28 -29 -30 -31
leaf_value=0.0005786939717193477 0.016230503709225502 0.039628222001740925 -0.002740463415825635 0.0038497345076375874 0.043399470114926814 0.0054112308243975558 0.0034246912145080135 -0.027145325043691878 -0.010045405596487058 0.0046854359472715658 -0.024892439205210313 -0.0006039705353648757 0.045376952656688715 0.023582959487608 -0.0013365103397796911 0.04918302827896151 -0.026387214394109095 -0.017422395851320611 0.028806257335805403 0.011280079144648566 0.039169083933814644 0.012506890149340859 -0.019931584334104933 0.013783606119980536 0.032092357046549315 0.0025147505806114062 0.032651556679575935 -0.0048583259984201618 0.0091952479073403055 0.014738344608518429
leaf_weight=4872.8774560280144 4913.7603109907359 612.06608944945037 16218.591927066445 44512.267674386501 1019.3359960392118 66466.022551883012 15902.973270356655 73441.520523454994 25596.81683498621 59167.204050816596 9854.0452927909791 93557.885019946843 3165.0267918929458 8095.6596979051828 18886.379302635789 2180.1001875922084 4591.5904397312552 27575.67515585199 10385.539374485612 59915.710733406246 5784.3092120289803 5739.409045368433 13598.141557794064 5108.6519489139318 3926.547633767128 23818.53624509275 2376.2672718167305 22356.433585353196 32350.550942514092 9181.3637599274516
leaf_count=34989 12149 3922 26945 82798 4131 128126 34371 200633 37660 112386 67109 145940 11229 19285 44550 6880 11079 75022 38158 157639 24994 15619 17520 10829 10964 40096 6426 46891 62096 18424
internal_value=-0.000155578 -0.022242 0.00398337 0.00159993 -0.0125691 0.00911195 0.0102823 -0.0241058 0.00219925 -0.00174517 -0.0164698 0.00371649 0.00535769 0.0109168 0.0090697 0.0139308 -0.000821033 -0.0161643 0.0135954 0.0155714 0.0136437 0.0259123 -0.010331 -0.00607763 0.0119111 0.00959152 0.00526003 -0.00853499 0.00278763 0.000768332
internal_weight=675171 106543 568628 388216 15746.3 180413 164194 101629 372469 103471 14726.9 268999 197538 62448.5 59283.5 40397.1 71460.3 28187.7 97727.9 81825 71439.4 11523.7 44303.6 30705.5 38217 34290.5 26194.8 26948 135090 102739
internal_count=1508860 291726 1217134 791282 106229 425852 398907 279577 685053 178395 102098 506658 365890 139430 128201 83651 140768 78944 270781 236410 198252 40613 66009 48489 76771 65807 46522 57970 226460 164364
cat_boundaries=0 1 2 3 4 5 6 7
cat_threshold=378276 17440 520 263200 81920 263456 12984321
is_linear=0
shrinkage=0.03


Tree=60
num_leaves=31
num_cat=0
split_feature=53 98 72 71 103 103 98 22 47 93 112 72 103 113 98 106 116 72 70 124 116 100 116 98 113 55 106 116 112 116
split_gain=58362.7 8332.14 5727.13 4102.84 3624.88 3437.26 2393.25 2118.75 1934.19 1930.45 1904.17 2010.62 1853.15 1537.82 1929.8 2090.45 1917.68 1895.43 1910.59 1600.98 1860.14 1480.96 2398.6 1439.77 1412.37 1402.21 2164.47 1715.12 1350.59 1958.95
threshold=4254.5000000000009 707.06729125976574 707.50000000000011 228.50000000000003 3.5000000000000004 1.0000000180025095e-35 2055.327026367188 2.5000000000000004 10.500000000000002 3719.5000000000005 0.68301269412040722 193.50000000000003 1.5000000000000002 -0.93301269412040699 1052.663513183594 0.037152059376239784 630.00000000000011 1775.5000000000002 1.5000000000000002 39.500000000000007 147.00000000000003 -80.061950683593736 726.50000000000011 999.54046630859386 0.25000000000000011 5.5000000000000009 0.26492869853973394 160.00000000000003 0.68301269412040722 642.50000000000011
decision_type=2 8 2 2 2 2 10 2 8 2 2 2 2 2 10 2 8 2 2 2 8 8 10 8 2 8 2 8 2 8
left_child=1 4 10 8 7 6 13 9 -4 -1 -2 -12 -5 14 -3 -16 -17 18 -15 -20 -21 22 -19 -23 -25 26 27 -11 -7 -30
right_child=2 5 3 12 -6 28 -8 -9 -10 25 11 -13 -14 17 15 16 -18 21 19 20 -22 23 -24 24 -26 -27 -28 -29 29 -31
leaf_value=-0.026324488164977594 -0.0005644629868399476 -0.0028353962552271051 0.011042845446065397 -0.011397348021532618 0.016038913892458734 0.0020474358190410787 -0.01337082935136669 0.023542793210486017 -0.025680694595619457 0.0079460565732257845 0.072221510591945426 -0.0066679042525000067 0.024565256624401118 0.027912602775177608 0.015107909397930453 0.020418946970051834 0.12646523877005655 -0.0022191190204256315 -0.0017451484740394643 -0.016033425946242977 0.073980692963857578 2.712413606778339e-05 0.022104185664691849 -0.013123033954695345 -0.0031973605808644965 0.0048617578855533654 0.002436620915716991 0.032450420279223645 0.018810205439815375 -0.0011353348274608691
leaf_weight=1726.4106021542102 4368.6704444754869 5928.9528785943985 1306.2265423871577 13298.825895875692 32847.500460371375 56028.732147157192 19191.119444904849 5778.4532209634781 82082.961303606629 4387.6698371581733 742.24888428300619 471.39060712978244 1418.5430394820869 3113.8956292942166 4383.5845749601722 310.7814919501543 302.33755984157324 26150.644059251994 10656.766457587481 325.36166514456272 541.95067273080349 20836.528185561299 4230.3052195832133 33068.607376301661 21166.600268954411 283896.6546421852 9164.3439046740532 6226.1846521515399 11794.102435953915 7094.0485819466412
leaf_count=14391 15250 11422 3943 92138 89498 99316 52683 18125 220597 8879 3152 1451 4580 7711 10975 751 1783 49828 17882 403 2309 35500 12448 55563 38616 557929 19337 23530 27284 11756
internal_value=-0.00014574 0.0036256 -0.0208451 -0.0225269 0.00656184 -0.000861537 -0.00347942 0.00556097 -0.0251042 0.00521998 0.00869893 0.0417759 -0.00791674 -0.00202963 0.00874099 0.0224554 0.0739022 -0.00301017 0.00710253 0.00146016 0.0404151 -0.00441446 0.00117387 -0.00667586 -0.0092506 0.00540017 0.0131222 0.0223376 0.00438705 0.0113224
internal_weight=672840 569152 103689 98106.6 344027 225124 150207 311180 83389.2 305401 5582.31 1213.64 14717.4 131016 10925.7 4996.7 613.119 120091 14638 11524.1 867.312 105453 30380.9 75071.7 54235.2 303675 19778.2 10613.9 74916.9 18888.2
internal_count=1509030 1167919 341111 321258 731689 436230 297874 642191 224540 624066 19853 4603 96718 245191 24931 13509 2534 220260 28305 20594 2712 191955 62276 129679 94179 609675 51746 32409 138356 39040
is_linear=0
shrinkage=0.03


Tree=61
num_leaves=31
num_cat=5
split_feature=114 55 98 55 114 98 98 52 29 52 112 116 116 71 75 121 112 96 114 68 114 121 114 52 73 98 53 121 116 107
split_gain=63565.8 8104.5 7176 3233.07 2717.92 2369.64 2898.75 2618.67 2164.55 2054.91 2515.48 1809.76 2551 2039.33 2608.25 1985.58 1734.41 1619.32 3473.6 1552.72 1502.19 1535.39 1795.86 4039.04 3691.73 2474.37 2121.63 3365.03 1858.96 1790.93
threshold=0 8.5000000000000018 335.11389160156256 0.12499999627470972 1 1773.8765869140627 4491.6657714843759 8458.5000000000018 3.5000000000000004 619.50000000000011 0.93301269412040722 130.50000000000003 132.50000000000003 26.500000000000004 0.02556555345654488 3.5000000000000004 -1.0000000180025095e-35 0.020000002346932892 2 39.500000000000007 3 2.5000000000000004 4 1482.5000000000002 0.036276610568165786 1505.2513427734377 856.50000000000011 1.0000000180025095e-35 92.000000000000014 0.13647450506687167
decision_type=9 8 8 8 9 10 10 2 2 2 2 8 8 2 2 2 2 8 9 2 9 2 9 2 2 8 2 2 10 2
left_child=2 -2 3 -1 9 16 7 17 11 -3 -11 15 -13 14 -14 -5 -4 -7 -19 -15 -18 22 23 25 -24 -22 -27 28 -28 -26
right_child=1 4 5 8 -6 6 -8 -9 -10 10 -12 12 13 19 -16 -17 20 18 -20 -21 21 -23 24 -25 29 26 27 -29 -30 -31
leaf_value=-0.02017860300140439 0.015411507769285069 0.0059845068346593248 -0.00039622292982508249 0.010975389318672884 -0.026896722549798902 -0.018947014121585379 0.044253169727032561 0.045332756228326665 0.024791563199118398 -0.02152926888613577 0.016032946454861429 0.03714497370783694 0.028344976413184418 0.0083500853919556365 0.0088375823322718577 -0.0033402763115921012 0.0090916884006042031 -0.0068250675700439753 0.055031884121492985 -0.006400544779309905 0.0034291976004920386 0.00027398673551268129 -0.0091409810432861605 0.035114996111073347 0.047916446136048875 0.0016539560432683575 0.066678176130003416 0.10872095992034311 -0.0038502105686612571 0.0045928654345146654
leaf_weight=3503.5275718569756 4992.3163747452199 3428.9276508912444 142187.31057583541 14282.633667074144 69957.345208093524 10123.396489316598 987.05011532455683 809.07975125685334 7378.982509329915 22272.021743960679 1722.0133705809712 2970.5461620986462 10474.900295868516 120639.1887226887 15019.125816337764 22355.166894838214 40758.708757918328 21758.126725908369 829.06220072880387 6776.7375967428088 28135.279387436807 93620.803003206849 12683.961963279173 5091.969143204391 1680.6051203086972 1355.7610277831554 548.34331909567118 605.32691156119108 843.37744174525142 1750.0792484208941
leaf_count=29820 12182 8940 249591 31893 200261 50167 3639 2808 27146 63349 6863 13159 33289 277656 31820 38241 79019 36914 5350 13731 47770 180004 32454 14224 5411 2295 2022 3109 1226 3333
internal_value=-8.66755e-05 -0.0218417 0.0038407 0.00835338 -0.0237552 0.00131738 -0.00616094 -0.00765824 0.00885443 -0.0157186 -0.0188279 0.00824233 0.00965242 0.00911593 0.0168607 0.00224192 0.00210127 -0.0089824 -0.00450993 0.00756512 0.00399943 0.00257957 0.00667548 0.010349 -0.00166993 0.00633744 0.0306593 0.0502442 0.0242157 0.0258936
internal_weight=669542 102373 567169 203401 97380.3 363768 34506.7 33519.7 199897 27423 23994 192518 155880 152910 25494 36637.8 329262 32710.6 22587.2 127416 187074 146316 52694.7 36580.1 16114.6 31488.1 3352.81 1997.05 1391.72 3430.68
internal_count=1507686 291595 1216091 496755 279413 719336 98878 95239 466935 79152 70212 439789 369655 356496 65109 70134 620458 92431 42264 291387 370867 291848 111844 70646 41198 56422 8652 6357 3248 8744
cat_boundaries=0 1 2 3 4 5
cat_threshold=378276 520 66848 32896 263456
is_linear=0
shrinkage=0.03


Tree=62
num_leaves=31
num_cat=4
split_feature=52 66 100 57 73 57 57 49 68 103 41 121 43 57 103 97 97 52 97 112 103 74 69 128 113 52 121 113 52 112
split_gain=54095.2 6952.44 4038.54 3529.49 3394.66 3090.5 2399.98 2355.74 2092.78 2028.13 2196.94 1915.76 1881.46 1774.27 1742.01 1955.14 2409.49 1948.42 2003.99 1818.59 1661.21 1615.06 2003.21 1559.93 1461.14 1397.32 1453.22 1424.18 1494.07 2116.53
threshold=4089.5000000000005 1.5000000000000002 523.02630615234386 0 0.1536245793104172 1 2 1.0268285274505617 1.5000000000000002 1.5000000000000002 1.5000000000000002 1.5000000000000002 1.5000000000000002 3 1.0000000180025095e-35 2033.0000000000002 1656.5000000000002 1680.5000000000002 2303.5000000000005 -1.0000000180025095e-35 3.5000000000000004 0.28902274370193487 13.500000000000002 1.0000000180025095e-35 0.93301269412040722 2002.5000000000002 2.5000000000000004 -0.25000000000000006 887.50000000000011 0.25000000000000011
decision_type=2 2 8 9 2 9 9 10 2 2 2 2 2 9 2 10 10 2 10 2 2 2 2 2 2 2 2 2 2 2
left_child=1 2 6 9 5 12 -1 8 11 -2 -11 -7 23 -4 -8 16 24 -17 -19 -20 -6 -5 -23 -3 -16 26 27 -15 -29 -30
right_child=3 4 13 21 20 7 14 -9 -10 10 -12 -13 -14 25 15 17 -18 18 19 -21 -22 22 -24 -25 -26 -27 -28 28 29 -31
leaf_value=-0.0052802947465065975 -0.013613657293097553 0.011024457604297242 0.005693163005835813 -0.025105738089511158 0.010829722677678103 0.005960087040750758 0.0012328113140720209 0.004332171775182924 0.0085444207147048496 -0.01307497965332036 0.058844462405198007 0.025819007054789324 0.0069189649583871237 -0.0094647435720319681 0.0054746257761395549 -0.030269379591296705 0.030067446872267676 -0.013533766770304967 0.065093697473838724 -0.0035488081397743276 0.023493764764734557 0.031463029115706802 -0.018764637296684678 -0.0029541553266081151 0.019355913136152893 -0.022685228072395435 -0.0096269479168944148 -0.00067518619785443751 -0.011545480574738106 0.035968804080832951
leaf_weight=31528.074054425582 29255.757982451469 8123.3852717168629 10520.172863513231 66498.52391021885 42650.701479002833 6073.9518444389105 107219.98883297667 57220.216941241175 37041.561117690057 781.30748280137777 732.97125587612391 15658.591273635626 38765.288538524881 8040.3350712805986 56678.941849201918 2381.1417052969337 4402.1542987972498 2105.4765953570604 728.15321762487292 654.2858540341258 11937.970794215798 1004.4913029968739 2408.4574834518135 61606.053682461381 7752.0221053138375 5073.8407840281725 39574.435164900497 7958.932853218168 1198.4433908648789 2809.0400792881846
leaf_count=86837 130402 16622 20518 192238 117800 13635 178335 114731 72546 1927 2800 50187 91150 13698 101537 1629 11152 2493 2686 968 43371 3210 13915 97464 17318 13269 71282 14104 2603 8491
internal_value=-7.67074e-05 0.00351758 0.000252984 -0.0203418 0.00689374 0.00526172 0.00235898 0.00866551 0.0128843 -0.0118558 0.0218946 0.020274 0.00162123 -0.00572623 0.00368321 0.00720012 0.00861748 -0.00940917 0.00487757 0.0328141 0.013603 -0.0240694 -0.00393301 -0.00132432 0.0071475 -0.00758461 -0.00629635 0.000293283 0.00685221 0.0217662
internal_weight=668385 567703 288625 100682 279078 224489 213450 115994 58774.1 30770 1514.28 21732.5 108495 75175.2 181922 74702.2 68833.1 5869.06 3487.92 1382.44 54588.7 69911.5 3412.95 69729.4 64431 64655 59581.2 20006.8 11966.4 4007.48
internal_count=1508918 1164426 546920 344492 617506 456335 402955 251099 136368 135129 4727 63822 205236 143965 316118 137783 130007 7776 6147 3654 161171 209363 17125 114086 118855 123447 110178 38896 25198 11094
cat_boundaries=0 1 2 3 5
cat_threshold=618762377 2319852931 545264017 331864 1
is_linear=0
shrinkage=0.03


Tree=63
num_leaves=31
num_cat=6
split_feature=114 55 114 73 96 93 97 99 98 112 121 131 98 73 52 114 98 99 52 114 114 74 99 128 107 114 98 49 98 120
split_gain=59139.1 7805.26 6370.5 3591.8 3173.22 2848.07 3833.03 2830.97 2121.5 2065.55 1834.36 2695.31 1697.86 1538.15 2372.8 3501.26 2085.78 2049.04 1417.34 7632.94 3107.84 2595.93 2478.17 2073.54 2476.79 2201.04 2033.22 1978.34 1926.94 1750.48
threshold=0 7.5000000000000009 1 0.23336035758256915 0.040000004693865783 7481.0000000000009 4009.0000000000005 2.2583357095718388 160.94318389892581 -1.0000000180025095e-35 1.0000000180025095e-35 127.50000000000001 1382.469177246094 0.038267342373728759 1308.5000000000002 2 2338.693969726563 1.0852783322334292 1021.5000000000001 3 4 0.13328707218170169 0.25208279490470892 8.5000000000000018 0.45993590354919439 5 797.08258056640636 1.7260319590568545 763.09326171875011 10.500000000000002
decision_type=9 8 9 2 10 2 10 8 10 2 2 2 8 2 2 9 8 10 2 9 9 2 10 2 2 9 8 8 8 2
left_child=2 -2 3 9 5 6 -4 8 -3 12 11 13 -1 14 -7 16 17 -16 19 22 21 29 26 24 -21 27 -12 -26 -22 -20
right_child=1 7 4 -5 -6 10 -8 -9 -10 -11 18 -13 -14 -15 15 -17 -18 -19 20 23 28 -23 -24 -25 25 -27 -28 -29 -30 -31
leaf_value=0.003447119488184686 0.017640316154837018 0.054000997566440084 -0.016660804742613968 0.019235131716780422 0.076582149090082166 -0.0044130812833592754 0.043077341614820609 -0.025189046079318315 -0.011536889288407036 0.0076373189183373798 0.0028092695960656023 -0.015397368318442477 -0.012969083234506826 0.014822432878409073 7.8702450002345669e-05 -0.0050818563899415071 0.074899252444185535 0.031465840586675911 0.0051501146114302865 -0.0099778961056155233 0.0056174506727114642 0.048330351281789634 -0.0010933707415666572 -0.021181952949809589 0.027354586791244414 0.00082331589697270697 0.021836086618723535 0.14803601171350705 -0.0098778389496737267 0.03254998757626134
leaf_weight=129487.17585692555 4366.5663637071848 455.32976038008928 14583.936171935871 18185.902829259634 473.73622916638851 16022.613511569798 1025.7689369134605 83969.228674162179 10021.943763351068 179344.99030790851 11134.253522716463 5063.7980819884688 5920.1649361439049 17072.758135914803 2931.2769556418061 6192.0759222619236 670.26297070458531 5169.9597890377045 29205.719696186483 14469.999075837433 11298.134968824685 1429.1764440387487 46447.911327537149 19210.124967969954 271.47013610228896 747.92415501922369 9252.4697436690331 221.20631248876452 19989.115625320002 2251.6360826715827
leaf_count=243842 10585 1630 108103 61686 3391 25142 4315 253124 26584 363771 21045 9207 7616 43961 4735 13325 3129 14572 51947 21085 25111 4525 81405 24031 722 1406 23909 1513 47500 6099
internal_value=-0.000121 -0.021539 0.00360516 0.00627489 -0.000175237 -0.00033346 -0.0127101 -0.0233543 -0.00863992 0.00552568 0.000549046 0.00540038 0.00272848 0.00759452 0.00360858 0.0121952 0.0243615 0.0201231 -0.00100436 -0.00320614 0.00248679 0.00892335 0.00273381 -0.0145687 -0.0064833 0.0340305 0.011451 0.0817794 -0.00428096 0.00712105
internal_weight=666887 98813.1 568074 332938 235135 234662 15609.7 94446.5 10477.3 314752 219052 53122.7 135407 48058.9 30986.2 14963.6 8771.5 8101.24 165929 101755 64173.8 32886.5 66834.6 34920.7 15710.6 1240.6 20386.7 492.676 31287.3 31457.4
internal_count=1509016 291923 1217093 676915 540178 536787 112418 281338 28214 615229 424369 114071 251458 104864 60903 35761 22436 19307 310298 175116 135182 62571 126359 48757 24726 3641 44954 2235 72611 58046
cat_boundaries=0 1 2 3 4 5 6
cat_threshold=378276 295296 1060 81924 1056 1024
is_linear=0
shrinkage=0.03


Tree=64
num_leaves=31
num_cat=5
split_feature=114 55 103 114 98 114 98 98 66 112 47 112 97 35 68 98 98 55 130 99 123 97 120 41 128 114 73 99 112 114
split_gain=56190.2 7726.38 6364.88 5261.23 3321.74 2868.96 2681.38 2615.19 2095.35 1925.99 1558.45 1539.6 2731.12 1399.73 2045.52 1333.54 1318.52 1518.42 4038.82 1471.13 2255.94 1428.91 1617.83 1313.11 1302.08 1913.45 2063.8 1369.54 1349.1 1928.73
threshold=0 8.5000000000000018 1.0000000180025095e-35 1 147.13679504394534 2 2055.327026367188 142.63999176025393 1.5000000000000002 0.93301269412040722 0.095000002533197417 -0.93301269412040699 2256.5000000000005 13.500000000000002 13.500000000000002 707.06729125976574 120.23044586181642 0.054999999701976783 49.500000000000007 0.98007318377494823 7.5000000000000009 276.50000000000006 9.5000000000000018 1.0000000180025095e-35 8.5000000000000018 3 0.022211942821741108 0.9411408305168153 -1.0000000180025095e-35 4
decision_type=9 8 2 9 10 9 10 10 2 2 10 2 10 2 2 10 8 10 2 10 2 10 2 2 2 9 2 10 2 9
left_child=2 -2 3 4 -1 8 16 -4 9 -3 11 12 -8 14 24 -6 -5 19 -19 20 23 -21 -23 -18 28 -26 27 -27 -9 -30
right_child=1 5 7 6 15 -7 10 13 -10 -11 -12 -13 -14 -15 -16 -17 17 18 -20 21 -22 22 -24 -25 25 26 -28 -29 29 -31
leaf_value=0.010933894424551753 0.014764756847469846 -0.020092662342943653 0.015532064164370175 -0.017202014928660369 0.0035897702323396418 -0.026609337963475099 -0.018805954515973757 0.0043611454028001668 0.011666973277743756 0.011118429699292626 0.02017734937936657 -0.025309804226475347 0.081189847284928535 0.026903479868909008 -0.006929286545600215 -0.0018751461875459239 -0.0092248469539449578 0.18015045605838706 -2.7447988354599362e-05 -0.0045465671751463146 0.010428445276319366 0.0050032241931271806 0.035022324245091212 0.0034166123528243894 0.0061737763834441035 -0.0061931387013311112 -0.016964550050577377 0.026228443895703515 0.001542843636418044 0.012691786626246277
leaf_weight=44297.172779664397 5071.186282556504 21754.379349198192 30618.623996898532 5403.3829174041748 120554.18914628029 65480.424173664302 806.75775403901935 57070.434985082597 2430.5850129649043 1931.5976635441184 876.04942211695015 9378.3594622462988 341.92653742060065 2860.5448656752706 10728.976443991065 60271.524894077331 46005.564893687144 140.45404728129506 437.70780114084482 15221.577766897157 7414.5586342271417 19701.903269726783 1750.7748810425401 8805.8248616605997 28816.633699953556 2686.8949007764459 8084.1683950982988 2066.5209784917533 17717.534771621227 66218.913886152208
leaf_count=112552 12180 65996 95234 27917 218697 200918 3798 109986 6002 7306 4616 40038 1438 7763 20024 105341 91371 1484 3744 37933 17461 37152 5490 22593 54722 4439 10355 5876 31508 145375
internal_value=-0.000113358 -0.0212554 0.00348368 0.000895542 0.003572 -0.0232533 -0.00428578 0.00737842 -0.0148161 -0.0175438 -0.0180956 -0.0212967 0.0114034 0.00610558 0.00579657 0.00176824 -0.00278316 -0.00199832 0.0460623 -0.00228391 -0.00509255 0.00248167 0.00746829 -0.00719366 0.00654439 0.0018836 -0.00774269 0.00792744 0.00792098 0.0103406
internal_weight=664945 96668.2 568277 341408 225123 91597 116285 226869 26116.6 23686 11403.1 10527 1148.68 196251 193390 180826 104882 99478.4 578.162 98900.2 62225.9 36674.3 21452.7 54811.4 182661 41654.2 12837.6 4753.42 141007 83936.4
internal_count=1509309 292402 1216907 731625 436590 280222 295035 485282 79304 73302 49890 45274 5236 390048 382285 324038 245145 217228 5228 212000 131425 80575 42642 113964 362261 75392 20670 10315 286869 176883
cat_boundaries=0 1 2 3 4 5
cat_threshold=378276 360832 520 311424 49152
is_linear=0
shrinkage=0.03


Tree=65
num_leaves=31
num_cat=0
split_feature=53 64 71 51 115 47 47 74 69 73 54 54 66 53 124 121 116 73 131 74 116 51 120 53 131 131 54 54 120 47
split_gain=46976.2 6187.54 3318.34 2935.62 4311.89 2719.54 2650.93 2684.3 2741.83 2471.52 2217.67 2186.62 2034.82 1932.39 1756.86 2247.55 2537.82 2731.92 1645.86 1617.6 1610.97 2428.17 1802.6 2284.39 2530.4 1689.96 1646.35 1508.33 1914.45 1474.77
threshold=4254.5000000000009 2.5000000000000004 228.50000000000003 1016.5000000000001 1.0000000180025095e-35 0.074999999254941954 10.500000000000002 0.25570955872535711 13.500000000000002 0.23336035758256915 413.50000000000006 3348.5000000000005 1.5000000000000002 87.500000000000014 1.5000000000000002 15.500000000000002 60.500000000000007 0.017247577197849754 1616.5000000000002 0.10002316534519197 9.5000000000000018 1382.5000000000002 1.5000000000000002 1956.5000000000002 43.500000000000007 22.500000000000004 5479.5000000000009 4463.5000000000009 2.5000000000000004 7.5000000000000009
decision_type=2 2 2 2 2 8 8 2 2 2 2 2 2 2 2 2 10 2 2 2 10 2 2 2 2 2 2 2 2 8
left_child=1 3 6 4 5 -1 -2 -8 -9 -3 -6 12 -7 -11 15 20 -17 -18 -14 -16 -5 25 23 26 -25 -22 -23 28 -13 -12
right_child=2 9 -4 14 10 11 7 8 -10 13 29 27 18 -15 19 16 17 -19 -20 -21 21 22 -24 24 -26 -27 -28 -29 -30 -31
leaf_value=-0.020534581380221156 0.01677037609944608 0.0067757497729061264 -0.0064929543336007091 0.011515686139348752 0.0014521220068733141 -0.00046631021120322039 -0.024338571702931012 0.034790595319496714 -0.016071725615553905 0.025568811594742051 0.02895717740628205 0.01743036213420205 0.0044110747342035114 0.0056002067705097445 0.015053219071566438 -0.0012560103718705035 0.059174322210450166 -9.435315185106362e-05 0.018814285278278844 -0.017798472076528717 0.0024772855248819023 -0.0056584972216681207 -0.0130326866201378 0.0051123174277985977 0.052022238422796664 -0.01854769172929074 0.022290401038913849 0.0077686406218640952 0.062604325067792649 -0.0072714076722739532
leaf_weight=4443.3495917469263 1533.1018319968134 133753.11806249619 14254.437514640391 9848.9321159999818 42251.444908551872 108138.73410512507 73886.049882600084 1371.481303293258 3071.6881342865527 12080.118742287159 1013.1250336281955 3823.9047601930797 74181.17795657739 6833.6871018409729 23220.942105095834 2537.3424858301878 2058.6961599290371 1057.8180984556675 7892.6842657141387 1423.92079462111 5311.7274674102664 6703.8787870667875 3745.3922547511756 2035.5507019124925 2100.3536729961634 9746.8423487842083 2633.9459333643317 12150.776415903121 1078.8646528348327 89957.903120037168
leaf_count=44789 4942 304011 101146 19593 82136 190636 221909 4563 8369 47508 2671 8989 139908 19340 50412 4061 7393 1669 20098 1488 8923 9493 4444 3854 7036 10033 6144 25586 3942 144347
internal_value=-0.000197706 0.00304442 -0.0198321 0.00115395 9.75907e-07 0.0026617 -0.0222118 -0.0229769 -0.000329089 0.00821212 -0.00422718 0.00315995 0.00223693 0.0183608 0.00664434 0.0032874 0.0210304 0.0391212 0.00579829 0.0131487 0.000901663 -0.00233957 0.00535397 0.0104709 0.0290028 -0.0111347 0.00224054 0.0134478 0.0274782 -0.0068648
internal_weight=664141 570024 94116.8 417357 344932 211709 79862.3 78329.2 4443.17 152667 133222 207266 190213 18913.8 72425.3 47780.5 5653.86 3116.51 82073.9 24644.9 42126.6 32277.7 17219.1 13473.7 4135.9 15058.6 9337.82 17053.5 4902.77 90971
internal_count=1509433 1168504 340929 797645 663102 433948 239783 234841 12932 370859 229154 389159 350642 66848 134543 82643 13123 9062 160006 51900 69520 49927 30971 26527 10890 18956 15637 38517 12931 147018
is_linear=0
shrinkage=0.03


Tree=66
num_leaves=31
num_cat=0
split_feature=65 97 66 51 103 103 55 131 35 115 51 121 121 124 97 97 99 97 26 99 116 49 103 115 99 131 51 97 121 55
split_gain=40040.9 9457.29 5031.02 3485.24 3094.88 2985.92 2973.11 3797.03 2080.43 2354.58 2277.18 2052.57 3025.46 2041.51 2755.41 2900.51 2400.47 2033.99 1925.36 1774.29 2071.24 1766.12 1714.53 1807.68 1781.27 1672.89 2284.46 4123.25 2444.24 1654.58
threshold=1.0000000180025095e-35 5128.0000000000009 1.5000000000000002 987.50000000000011 1.0000000180025095e-35 4.5000000000000009 3.5000000000000004 173.50000000000003 8.5000000000000018 1.0000000180025095e-35 92.500000000000014 40.500000000000007 76.500000000000014 4.5000000000000009 1726.5000000000002 1875.0000000000002 4.0556542873382577 1766.5000000000002 1.0000000180025095e-35 1.0852783322334292 175.50000000000003 2.4415403604507451 1.0000000180025095e-35 1.0000000180025095e-35 0.96073412895202648 22.500000000000004 1364.5000000000002 2397.5000000000005 16.500000000000004 0.014999999664723875
decision_type=2 8 2 2 2 2 8 2 2 2 2 2 2 2 10 10 8 10 2 8 8 8 2 2 10 2 2 10 2 10
left_child=1 4 3 22 17 8 7 29 9 -4 -11 13 -13 16 19 -16 25 -1 -8 -15 -21 -9 23 -2 -25 -5 -27 28 -28 -3
right_child=2 6 5 11 -6 -7 18 21 -10 10 -12 12 -14 14 15 -17 -18 -19 -20 20 -22 -23 -24 24 -26 26 27 -29 -30 -31
leaf_value=-0.012518844103386186 -0.0003725346419490885 0.044713833404692503 0.0062691717629060287 0.0071964974782118378 0.010057435995135268 0.018413074650909918 -0.024484711470657717 0.08841044208688148 0.015460459553042382 0.0059640740257448427 -0.0060047036531608016 0.077052598327090882 0.0077399871145107527 -0.0071516631137081713 0.085921791621470706 0.0048330122316534467 0.02262559994634105 0.010615702821763107 -0.011104102894819357 0.0013612547931618807 0.025217859027175025 -0.017701593203718675 0.0022523194552012903 -0.010903464234175413 0.0002788361634888091 -0.014203663012668701 -0.0073842839465358915 0.044926642626854273 0.036630174427496713 0.15926575863297268
leaf_weight=22028.236703723669 67987.730233611539 402.08653533831239 188144.2197683081 16411.336956102401 10968.592978402972 16731.180763065815 68160.759302981198 143.37511580809951 17102.628520872444 25874.919669702649 31975.225983139127 884.30434130504727 1554.5763956010342 4172.327032033354 908.16008688136935 701.64352935552597 4505.3313141018152 4040.7896297574043 11308.506661890075 5637.2632515057921 7811.2832242101431 1775.8836935199797 64870.669001348317 42110.979081762955 18429.752841632813 12698.410963363945 11234.554267548025 1850.6905399821699 1253.1300492547452 155.63437567278743
leaf_count=94822 134631 2447 412455 29725 27679 51473 214072 857 46776 56895 49786 3631 2908 5606 3927 1277 10581 11720 46448 9633 20012 19109 111613 68617 32074 14597 15406 5652 3693 1213
internal_value=-0.000127115 -0.0158878 0.00332759 0.000348628 -0.00330587 0.00612752 -0.0215733 0.0107572 0.00534557 0.00464174 -0.000651264 0.00610376 0.0330838 0.00511956 0.0133749 0.0508267 0.00180684 -0.00893021 -0.0225823 0.0099265 0.0152263 -0.00935749 -0.00172341 -0.00373005 -0.00749987 -0.000356656 -0.00494239 0.0032638 -0.00294169 0.0789223
internal_weight=661834 118984 542850 263022 37037.6 279828 81946.2 2476.98 263097 245994 57850.1 69623 2438.88 67184.1 19230.7 1609.8 47953.5 26069 79469.3 17620.9 13448.5 1919.26 193399 128528 60540.7 43448.1 27036.8 14338.4 12487.7 557.721
internal_count=1509335 418367 1090968 473583 134221 617385 284146 23626 565912 519136 106681 126648 6539 120109 40455 5204 79654 106542 260520 35251 29645 19966 346935 235322 100691 69073 39348 24751 19099 3660
is_linear=0
shrinkage=0.03


Tree=67
num_leaves=31
num_cat=4
split_feature=53 103 53 55 74 57 98 102 69 49 92 71 103 57 113 98 97 52 126 54 97 116 57 98 69 106 98 69 106 57
split_gain=43429.3 5984.27 4302.93 3716.91 3487.69 3322.13 2542.65 2469.29 2277.59 1902.66 2306.07 1953.79 1872.52 1865.83 1862.27 1462.45 1392.75 1487.79 1334.9 1242.27 1476.24 2164.37 1175.28 1170.84 1515.67 1241.45 1161.5 1445.64 1639.13 1805.36
threshold=4254.5000000000009 1.0000000180025095e-35 46.500000000000007 10.500000000000002 0.25570955872535711 0 2055.327026367188 9.5000000000000018 13.500000000000002 2.8720912933349614 7766.5000000000009 36.500000000000007 1.5000000000000002 1 -0.93301269412040699 105.01255798339845 834.50000000000011 2326.5000000000005 1.0000000180025095e-35 796.50000000000011 1875.0000000000002 74.000000000000014 2 696.85980224609386 4.5000000000000009 0.03852337412536145 322.19490051269537 63.500000000000007 0.36032786965370184 3
decision_type=2 2 2 8 2 9 10 2 2 8 2 2 2 9 2 8 10 2 2 2 10 8 9 10 2 2 10 2 2 9
left_child=1 2 15 9 13 6 14 26 -6 10 -2 -12 22 -5 16 -1 -4 19 -16 -18 21 -21 -11 24 25 -7 27 28 29 -3
right_child=3 7 5 4 8 23 -8 -9 -10 12 11 -13 -14 -15 18 -17 17 -19 -20 20 -22 -23 -24 -25 -26 -27 -28 -29 -30 -31
leaf_value=0.023719995513183038 -0.018410493178073563 0.0091685338885666209 0.0013050534702157889 0.014599162042382201 0.031882627488022494 0.016373729903894796 -0.014707225380550646 0.019400736104263575 -0.01018688495100379 0.063988811386684108 0.00023064105475944046 0.074632272829017188 0.024932509325777001 -0.024303540661537799 -0.0038024641090197188 0.0076094176387483323 0.00039681043067178582 0.072977789018457723 0.0042385534118506386 0.0025003543476565838 -0.018514407864254168 0.06344255379619515 -0.016674790421920747 -0.0019842977770606765 0.0026441892257720065 0.0022330661429171635 0.0042247121137374251 -0.0072444236705107171 0.0034587037068697707 0.021574037535340079
leaf_weight=6205.840934112668 774.18548698537052 34913.345872417092 10390.431005520746 1118.6223598644137 1405.9094277191907 16607.311089590192 15147.166106490418 12988.560997009277 6354.4155525825918 147.41432945430279 512.35480601713061 826.17402495443821 1234.8632613569498 71181.15049896948 154707.54305818118 27652.488978523761 2566.8374382294714 427.55093168467283 21108.674763804302 856.93734582513571 467.32619221881032 1345.4273073785007 7128.9874939192086 24440.88368337974 52391.680151924491 8423.8168528005481 133735.92528995126 4740.0828373879194 24439.245284110308 15177.998726528138
leaf_count=23032 8706 74476 23354 3257 4559 39973 46514 47688 25604 601 1324 5292 3414 235980 280964 60036 4733 1791 46713 1526 618 5101 51653 42613 93947 16728 243440 8307 54332 50888
internal_value=-0.000158173 0.0029162 0.000417307 -0.0194376 -0.0216499 -0.000695724 -0.00287805 0.00670578 -0.00253408 -0.00276179 0.0226544 0.0463661 -0.00908992 -0.023701 -0.00194364 0.0105684 0.00783399 0.0197875 -0.00283687 0.0153138 0.0296012 0.0398485 -0.0148901 0.00373919 0.00554649 0.0116177 0.0059308 0.00880821 0.00982998 0.0129372
internal_weight=659419 568735 342740 90684.1 80060.1 308882 207018 225995 7760.32 10624 2112.71 1338.53 8511.27 72299.8 191871 33858.3 16054.5 5664.08 175816 5236.53 2669.69 2202.36 7276.4 101864 77422.8 25031.1 213007 79270.7 74530.6 50091.3
internal_count=1507164 1166774 687643 340390 269400 604575 411314 479131 30163 70990 15322 6616 55668 239237 364800 83068 37123 13769 327677 11978 7245 6627 52254 193261 150648 56701 431443 188003 179696 125364
cat_boundaries=0 1 2 3 5
cat_threshold=2856460673 536875008 72 394306 1
is_linear=0
shrinkage=0.03


Tree=68
num_leaves=31
num_cat=3
split_feature=114 78 98 114 114 29 97 97 116 124 128 96 75 102 69 120 97 59 67 128 131 69 97 120 67 127 74 102 131 98
split_gain=48651.7 5368.82 4977.33 3824.58 3068.25 2277.02 2253.43 2038.94 1662.01 1591.62 1878.89 1588.04 2390.33 1527.59 1514.92 1409.35 1408.34 1246.29 1203.25 1199.06 3987.65 2242.84 1844.73 1629.17 1861.92 1249.31 1694.84 1276.02 2576.83 1264.56
threshold=0 8.0384616851806658 707.06729125976574 1 2 3.5000000000000004 431.50000000000006 8616.5000000000018 8.5000000000000018 8.5000000000000018 11.500000000000002 0.020000002346932892 5.8873596191406259 11.500000000000002 80.500000000000014 58.500000000000007 908.50000000000011 1.5000000000000002 33.500000000000007 5.5000000000000009 52.500000000000007 11.500000000000002 1219.5000000000002 2.5000000000000004 1.5000000000000002 1.0000000180025095e-35 0.077786780893802657 1.0000000180025095e-35 38.500000000000007 1773.8765869140627
decision_type=9 8 10 9 9 2 10 10 10 2 2 8 2 2 2 2 8 2 2 2 2 2 10 2 2 2 2 2 2 10
left_child=2 -2 3 18 8 13 11 9 -3 10 19 -4 -13 14 17 -10 -16 -5 -1 25 -21 22 -22 24 -24 26 27 28 -8 -29
right_child=1 4 6 5 -6 -7 7 -9 15 -11 -12 12 -14 -15 16 -17 -18 -19 -20 20 21 -23 23 -25 -26 -27 -28 29 -30 -31
leaf_value=-0.00042864547486432583 0.01676570075752289 -0.0018808151398093105 -0.017830837012162017 0.0057912434894919016 -0.026993714034409314 0.023933554894510586 -0.0018870087408103175 0.050472222192635322 -0.019158245586933347 0.0058335458386576562 -0.01116412648994757 -0.0062326090564127305 0.02607428461437673 0.027084990916686712 -0.0049059402489781186 0.04095324276294815 0.021525498622578115 0.011716122810347614 -0.020501989663373969 -0.0039625800517143145 -0.0015671622655665943 0.092065811462933883 0.070941583633808175 0.014617798501952125 0.014472567042951748 -0.0072865857228723808 -0.0087904514446680449 0.0036759996895715115 0.037274711228692602 -0.010678963884111615
leaf_weight=64646.000543493778 3326.0028015188873 6573.0919533856213 9555.3155379574746 234633.80427441001 48991.689079664648 6692.4875415712595 3259.3778171632439 732.07923614233732 30900.842656228691 39786.886264024302 14616.868934102356 26326.237979769707 2226.3138931393623 3123.4509580135345 17188.200714200735 346.03001200966537 2018.3401276804507 36996.082873575389 2794.1615434680134 11791.31131788902 2416.9773674383759 400.32313688844442 1369.8269946351647 2688.6001445800066 858.77466421574354 22517.888310931623 12903.788920674473 38814.170356862247 2809.4893898908049 6429.2247730195522
leaf_count=163872 7968 26331 52404 466325 163810 26057 5793 2827 92335 78486 24695 46070 5726 13896 30167 1161 5974 101766 8088 19328 5628 1942 5491 6366 2600 35129 21785 68140 8497 9756
internal_value=-0.000126204 -0.0205981 0.00312547 0.0051937 -0.0220337 0.00664184 -0.000690418 0.000858974 -0.0155919 0.000629779 -0.0010834 -0.00725095 -0.00370531 0.00624759 0.00602289 -0.0184797 -0.00211861 0.00659862 -0.00126305 0.000304207 0.00701879 0.0237435 0.0198939 0.0304246 0.0493435 -0.00120804 0.000924261 0.00336851 0.0162738 0.00163421
internal_weight=657734 90137.7 567596 368093 86811.7 300652 199503 161396 37820 160664 120877 38107.9 28552.6 293960 290836 31246.9 19206.5 271630 67440.2 106260 19525.8 7734.5 7334.18 4917.2 2228.6 86733.9 64216.1 51312.3 6068.87 45243.4
internal_count=1508413 291605 1216808 816145 283637 644185 400663 296463 119827 293636 215150 104200 51796 618128 604232 93496 36141 568091 171960 190455 41355 22027 20085 14457 8091 149100 113971 92186 14290 77896
cat_boundaries=0 1 2 3
cat_threshold=378276 17412 584
is_linear=0
shrinkage=0.03


Tree=69
num_leaves=31
num_cat=5
split_feature=114 55 98 114 114 72 51 114 98 98 114 97 99 55 98 98 65 113 116 51 51 99 97 70 99 120 120 65 97 51
split_gain=46084 7097.8 5006.77 4030.04 2937.36 1987.79 1965.14 2626.09 2316.52 1924.42 1867.69 1952.53 2477.42 1620.99 2487.61 1591.71 1701.3 2031.47 1983.03 2923.66 2584.57 1509.54 1471.94 1457.6 1502.27 1409.5 2570.2 1352.18 1326.5 1276.96
threshold=0 8.5000000000000018 515.03823852539074 1 2 716.50000000000011 1328.5000000000002 3 4491.6657714843759 118.40934371948244 4 2397.5000000000005 0.95064699649810802 0.054999999701976783 2338.693969726563 1773.8765869140627 1.5000000000000002 0.25000000000000011 851.50000000000011 345.50000000000006 870.50000000000011 2.220191597938538 1224.5000000000002 27.500000000000004 1.0521416664123537 5.5000000000000009 2.5000000000000004 1.0000000180025095e-35 1366.5000000000002 446.50000000000006
decision_type=9 8 10 9 9 2 2 9 10 10 9 10 10 10 10 10 2 2 8 2 2 8 10 2 10 2 2 2 10 2
left_child=2 -2 3 -1 5 -3 7 -4 13 -5 11 12 -8 15 -15 16 17 -9 19 -19 -21 -7 -22 24 -18 26 27 -14 -24 -17
right_child=1 4 6 9 -6 21 10 8 -10 -11 -12 -13 25 14 -16 29 23 18 -20 20 22 -23 28 -25 -26 -27 -28 -29 -30 -31
leaf_value=-0.0022222959489936848 0.013719197040093395 0.023861979718110896 0.001950654371175764 0.011885599175569431 -0.026041055207800413 -0.0017902151995779598 -0.017311051618576542 -0.0044127948854089201 0.049324491055281368 0.0056787890676833304 -0.0089929886489339451 0.03731048955981868 0.035964390842077393 0.1473587864621855 0.0094283507660339085 -0.0082630976545688441 -0.014639376958430874 0.054664431745449202 -0.0038191289863726834 -0.012125237854573753 -0.010687553319411344 -0.019841809539855808 0.068270083602215911 0.00055045155709498308 0.0021108538464985468 0.032445334979185204 -0.019443978641435548 0.0095693952415851387 0.023085002241861208 -0.025082043965104085
leaf_weight=50142.726681437343 5189.8854895625263 1201.3512451220304 119455.48859679699 57959.759323950857 58954.76415942423 5459.3819941021502 3150.9632411152124 23121.371479360387 704.03843032568693 200542.11143366247 5674.17183027789 2144.3710478432477 1959.8526368439198 144.63974298164248 498.94270157627761 16979.272934537381 23236.969329860061 1612.9464811254293 6178.7844450362027 2907.3880269527435 950.20953749120235 17661.545517031103 692.38783052563667 14168.527527404949 6076.1117966063321 2459.3305533230305 2587.1518814712763 15591.27009037137 3648.5807004086673 5338.8997380807996
leaf_count=141813 12280 4099 198102 165000 201090 17021 3394 44095 2942 407700 8172 6042 5540 2330 3282 66078 32057 7311 14119 3899 1192 57867 2637 33987 9896 7008 2582 31400 8438 6739
internal_value=-0.000158267 -0.0202962 0.00297926 0.00556098 -0.0224199 -0.0136192 -9.39493e-05 -0.00110122 -0.00453173 0.00707058 0.00667752 0.00986709 0.00757181 -0.00489601 0.0422074 -0.00518896 -0.00326728 0.00127249 0.00949081 0.0178681 0.0105712 -0.015582 0.0230417 -0.00735015 -0.0111678 0.0110475 0.00841959 0.0125356 0.0304324 -0.0122959
internal_weight=656393 88466.9 567926 308645 83277 24322.3 259282 225715 106259 258502 33567.1 27892.9 25748.6 105555 643.582 104911 82593.3 39111.7 15990.3 9811.51 8198.57 23120.9 5291.18 43481.6 29313.1 22597.6 20138.3 17551.1 4340.97 22318.2
internal_count=1508112 292357 1215755 714513 280077 78987 501242 437104 239002 572700 64138 55966 49924 236060 5612 230448 157631 81691 37596 23477 16166 74888 12267 75940 41953 46530 39522 36940 11075 72817
cat_boundaries=0 1 2 3 4 5
cat_threshold=378276 16420 520 311680 263456
is_linear=0
shrinkage=0.03


Tree=70
num_leaves=31
num_cat=5
split_feature=114 55 98 114 114 75 98 131 73 114 97 98 98 131 72 113 66 73 97 98 64 54 51 114 49 49 75 120 71 97
split_gain=44261.8 6872.58 4744.23 3197.46 2870.9 2492.6 2316.13 2251.55 2397.58 2020.44 1976.27 1702.77 2214.42 1644.57 1391.73 1894.99 1385.74 1361.71 1344.01 1339.73 1884.58 1744.5 1669.18 1626.4 1269.24 1248.38 1235.84 1222.33 1277.88 1233.58
threshold=0 8.5000000000000018 772.28952026367199 1 2 0.062815506011247649 137.07147216796878 265.50000000000006 0.030084616504609588 3 119.50000000000001 1637.491882324219 4491.6657714843759 5784.5000000000009 355.50000000000006 1.0000000180025095e-35 28.500000000000004 0.13337039202451709 341.50000000000006 1470.8933715820315 1.0000000180025095e-35 1167.5000000000002 929.50000000000011 4 2.4121571779251103 1.0993095040321352 0.0048448173329234132 4.5000000000000009 2230.5000000000005 120.50000000000001
decision_type=9 8 10 9 9 2 10 2 2 9 8 10 10 2 2 2 2 2 10 10 2 2 2 9 10 10 2 2 2 8
left_child=2 -2 3 24 10 9 7 17 -9 -4 -3 19 -13 -10 15 -12 -8 -5 -16 -7 21 22 -21 -22 27 -25 -19 -1 -29 -30
right_child=1 4 5 6 -6 11 16 8 13 -11 14 12 -14 -15 18 -17 -18 26 -20 20 23 -23 -24 25 -26 -27 -28 28 29 -31
leaf_value=-0.0024071276675075521 0.013369993166773449 0.039620887691539826 -0.019788869508678707 0.0022097823841819232 -0.025930067359840551 0.0019371272580762811 0.0050525180352070593 0.059674947633720346 0.020440875594934134 -0.0039354367165122407 0.085303121862205164 -0.0058080722269870091 0.039555936135330566 -0.0099616699416219881 -0.019998056032075124 -0.024013203641399035 -0.009327938287540586 -0.0068902446283033011 -0.0025415425532713345 0.025300240966843329 -0.01785168383139657 0.010008253703047124 0.075472119234480023 0.046129569425425863 -0.014791461087092204 -0.011569387670509966 0.013843599040365058 0.0053852047569856697 0.0098000320364943719 0.10447543183312916
leaf_weight=46592.603615598753 5167.9350512251258 604.03299473598599 8515.8595216460526 22640.124205548316 57391.470625832677 81506.539745375514 236300.42247115076 1275.0450516343117 14377.860861234367 47664.708703860641 279.55083731934428 33267.337372267619 987.58861366659403 1795.8339047133923 17668.03585178405 274.66145986132324 6179.8981549739838 2847.0230330526829 5122.9249239247292 2289.0222321040928 2656.3306454382837 5081.2549794502556 806.81680801510811 804.20165938138962 5516.2638072967529 570.72492811456323 27769.03277464956 18012.467041403055 269.37043692171574 222.98851791769266
leaf_count=93890 12155 3882 24610 46387 200649 147614 458630 4770 46440 76310 1274 86570 3606 3209 55039 786 9127 6297 17827 8548 3543 10393 3211 2534 49116 1205 89453 37560 1488 1247
internal_value=-0.000165516 -0.0201533 0.00287957 0.00477884 -0.022287 -0.0010787 0.00607892 0.0108566 0.0202074 -0.00634582 -0.0135332 0.00123396 -0.00448904 0.0170611 -0.0149307 0.0316618 0.00468565 0.00778971 -0.016077 0.0033261 0.0125901 0.0208581 0.0385766 -0.00419099 -0.000987997 0.0221088 0.0119139 0.00018363 0.00670458 0.0539045
internal_weight=654458 86508.6 567949 383799 81340.7 184150 313185 70704.9 17448.7 56180.6 23949.2 127970 34254.9 16173.7 23345.2 554.212 242480 53256.2 22791 93714.9 12208.4 8177.09 3095.84 4031.26 70613.7 1374.93 30616.1 65097.4 18504.8 492.359
internal_count=1507370 291612 1215758 847614 279457 368144 664313 196556 54419 100920 78808 267224 90176 49649 74926 2060 467757 142137 72866 177048 29434 22152 11759 7282 183301 3739 95750 134185 40295 2735
cat_boundaries=0 1 2 3 4 5
cat_threshold=378276 17412 520 36 296096
is_linear=0
shrinkage=0.03


Tree=71
num_leaves=31
num_cat=6
split_feature=114 55 103 55 98 114 114 52 74 100 51 112 72 112 114 52 98 98 52 124 51 113 112 121 70 52 114 51 114 99
split_gain=42863.6 6469.47 5178.74 3708.25 2826.13 2820.99 2254.22 3014.23 2258.55 2249.83 1900.88 2155.45 1856.21 2075.21 1800.69 5408.71 2233.56 2622.2 2051.58 2372.43 2493.18 2354.14 1849.36 1778.13 1841.25 1730.91 3548.45 2296.19 1725.07 1715.87
threshold=0 8.5000000000000018 1.5000000000000002 0.095000002533197417 515.03823852539074 1 2 8759.0000000000018 0.044423885643482215 3090.381469726563 1347.5000000000002 -0.93301269412040699 655.50000000000011 0.93301269412040722 3 917.50000000000011 1684.8836059570315 1470.8933715820315 1308.5000000000002 11.500000000000002 680.50000000000011 0.25000000000000011 -0.68301269412040699 15.500000000000002 14.500000000000002 1079.5000000000002 4 351.50000000000006 5 2.220191597938538
decision_type=9 8 2 8 10 9 9 2 2 8 2 2 2 2 9 2 10 10 2 2 2 2 2 2 2 2 9 2 9 8
left_child=2 -2 3 9 6 12 7 8 -5 -1 14 -12 -3 29 15 -6 17 18 21 20 -20 -17 -23 24 -15 27 -27 -8 -13 -14
right_child=1 5 -4 4 10 -7 25 -9 -10 -11 11 28 13 23 -16 16 -18 -19 19 -21 -22 22 -24 -25 -26 26 -28 -29 -30 -31
leaf_value=-0.021402210590496105 0.011853487147789759 0.024010403286636249 0.0085678384366958821 0.039934493380486775 -0.015222021834698554 -0.025757738234608699 0.0063447901208517603 -0.025463223521312008 -0.001154623785431412 0.0063485374143839122 0.029377869484563317 0.0085363008689226111 -0.0029876264803671278 0.071240608328875993 0.00034172742033376687 -0.012957016123955292 -0.016033563570534076 0.030205486865860665 0.036648681191651378 0.048477474357999192 -0.0079911346765669071 0.042444180986123278 0.0020360349559389208 -0.024194976421683723 0.00036813660460162509 0.03067276172485401 0.0048273850592258907 -0.0022396495919460575 -0.0085677849639570654 -0.023074884981237036
leaf_weight=9925.0158606022596 5388.8129727486521 1128.0103813204914 114320.92380361259 1251.1621189340949 28933.082835435867 56162.379790494218 131757.81065350771 4608.4893756210804 26544.577179215848 3570.3577379900962 3301.9927255772054 18668.082972548902 5082.4168727379292 622.69421313516796 130534.77602154389 9244.1590304598212 4677.8538398891687 3594.6064833253622 1652.3940213322639 1569.6275953948498 3482.0059505328536 1328.0814206302166 4284.2024741470814 715.65328785404563 689.60922545939684 7215.9175057858229 14143.950607419014 35619.281199928373 7394.4794891290367 15527.563526729122
leaf_count=83331 12326 3830 266393 3642 42140 201361 292029 14225 44311 25879 8672 36983 15789 3352 231130 10570 6083 9133 4543 5097 4578 3872 6973 1988 2552 18662 34311 53435 10230 51662
internal_value=-0.000118176 -0.0199418 0.00286204 0.00142297 0.0018984 -0.0220892 0.00428966 -0.00301929 0.000708606 -0.0140612 -0.000520018 0.00658055 -0.0133963 -0.0152759 -0.00162176 -0.00598152 0.00298035 0.00652115 0.00256028 0.0163234 0.00641852 -0.00365719 0.0116566 0.0136283 0.0342819 0.0055445 0.0135855 0.00451792 0.00368209 -0.0181252
internal_weight=652940 85317.1 567623 453302 439807 79928.3 221141 32404.2 27795.7 13495.4 218665 29364.6 23765.9 22637.9 189301 58766 29832.9 25155.1 21560.5 6704.03 5134.4 14856.4 5612.28 2027.96 1312.3 188737 21359.9 167377 26062.6 20610
internal_count=1509082 292860 1216222 949829 840619 280534 460615 62178 47953 109210 380004 55885 79173 75343 324119 92989 50849 44766 35633 14218 9121 21415 10845 7892 5904 398437 52973 345464 47213 67451
cat_boundaries=0 1 2 3 4 5 6
cat_threshold=378276 520 16384 1056 263456 279584
is_linear=0
shrinkage=0.03


Tree=72
num_leaves=31
num_cat=4
split_feature=65 97 72 73 71 100 131 97 97 97 113 57 97 97 116 97 127 54 57 49 57 97 97 71 54 57 71 113 35 35
split_gain=30009 8441.36 6541.12 4015.47 2343.91 2102.07 2367.41 1749.56 2297.15 1666.02 1544.2 2035.58 1487.38 1377.23 1356.93 1848.77 1699.4 1378.27 1349.79 2947.84 1308.95 1461.99 1284.94 1449.96 1244.65 1195.26 1188.58 1186.07 1181.56 1098.3
threshold=1.0000000180025095e-35 5128.0000000000009 1139.5000000000002 0.13337039202451709 242.50000000000003 419.89126586914068 332.50000000000006 2033.0000000000002 1679.5000000000002 1607.5000000000002 0.25000000000000011 0 161.50000000000003 2111.5000000000005 518.50000000000011 1766.5000000000002 4.5000000000000009 1733.5000000000002 1 1.0622358322143557 2 8616.5000000000018 350.50000000000006 37.500000000000007 126.50000000000001 3 257.50000000000006 -0.25000000000000006 2.5000000000000004 1.5000000000000002
decision_type=2 8 2 2 2 8 2 10 10 10 2 9 8 10 10 10 2 2 9 10 9 8 8 2 2 9 2 2 2 2
left_child=1 9 24 5 -4 7 20 8 18 25 11 13 -5 -11 16 -16 17 -10 19 -2 21 -7 28 -24 27 -1 29 -3 -8 -14
right_child=3 2 4 12 -6 6 22 -9 14 10 -12 -13 26 -15 15 -17 -18 -19 -20 -21 -22 -23 23 -25 -26 -27 -28 -29 -30 -31
leaf_value=0.011051791327910777 0.013288184349172345 0.067533097050856042 -0.025209484351949248 0.012733394794981708 -0.0065345856484198567 0.0012575029544277183 -0.017755909787490382 -0.0097996128940919941 0.022474226891266318 0.022302211583594508 -0.0053020349899616575 -0.0029251755701324191 0.0023757189428904482 0.068780197913578395 0.014965484711393799 0.077050717833233126 0.056004294172207508 -0.0048631947877665763 0.0020627617393197484 -0.0019816379013172349 -0.0049489895259313349 0.03082569964446228 0.0016087125599334889 0.020222326677406383 -0.0012142932180807641 -0.0082515634241714271 -0.010901111564165856 0.014164638241230806 0.012607579411518062 0.019194111970709124
leaf_weight=3246.0270770043135 29940.707364670932 476.01452685892582 59418.131777208298 44575.797073058784 6743.4994800593704 15134.989864356816 2903.1125950887799 9485.632759090513 3048.6767819598317 1611.4654899910092 3438.5124294552952 1784.4586988054216 13897.269336976111 895.05063321441412 1013.4949664995074 750.00438802689314 715.72219140827656 3623.0483605116606 285359.59325952828 18345.450534399599 86894.338068228215 1661.3103114031255 6726.2132482752204 8555.0876235179603 4763.9379752669483 25073.087854137644 4287.8456036113203 1674.5906898025423 1900.493278875947 4660.1454122215509
leaf_count=6422 78057 2044 209704 139462 46509 28127 11165 13020 7178 4100 6922 4959 31267 3765 2123 3008 2553 5093 512412 35907 157050 4510 11668 23466 19808 107968 7744 6059 4156 12313
internal_value=-0.00019046 -0.0145463 -0.020406 0.00269226 -0.0233073 0.00172172 -0.0016413 0.00290334 0.00325513 -0.00266545 0.0096711 0.021654 0.00954392 0.0389516 0.0180759 0.0416555 0.0123984 0.00764371 0.00284811 0.00748593 -0.00346742 0.00419618 0.00778328 0.0120358 0.00734875 -0.00603484 0.00331774 0.0262351 -0.0057417 0.00660722
internal_weight=652604 109125 73076.2 543479 66161.6 476058 123776 352282 342797 36048.6 7729.49 4290.97 67421.1 2506.52 9150.95 1763.5 7387.45 6671.73 333646 48286.2 103691 16796.3 20084.9 15281.3 6914.54 28319.1 22845.3 2150.61 4803.61 18557.4
internal_count=1508539 418260 284124 1090279 256213 899493 240142 659351 646331 134136 19746 12824 190786 7865 19955 5131 14824 12271 626376 113964 189687 32637 50455 35134 27911 114390 51324 8103 15321 43580
cat_boundaries=0 1 2 4 5
cat_threshold=131264 25272344 2723928 1 64
is_linear=0
shrinkage=0.03


Tree=73
num_leaves=31
num_cat=0
split_feature=52 72 103 103 52 98 115 51 121 74 103 112 75 69 54 116 56 120 112 51 131 69 92 52 112 52 52 20 54 59
split_gain=33842.3 5388.64 4924.97 3351.7 3271.49 2748.22 2281.79 2719.39 2070.35 2214.94 1903.61 1785.82 1695.54 2424.64 1624.6 1574.49 1561.91 1432.77 1399.8 1663.1 1342.45 1317.51 1378.3 1206.46 1195.11 1495.02 2074.11 1211.43 1194.48 1191.36
threshold=4266.5000000000009 1147.5000000000002 1.0000000180025095e-35 1.0000000180025095e-35 47.500000000000007 2055.327026367188 1.0000000180025095e-35 987.50000000000011 37.500000000000007 0.033344916999340064 4.5000000000000009 0.93301269412040722 0.011909390334039928 68.500000000000014 413.50000000000006 19.000000000000004 -1.4999999999999998 7.5000000000000009 -1.0000000180025095e-35 1616.5000000000002 25.500000000000004 8.5000000000000018 3467.5000000000005 1524.5000000000002 -0.93301269412040699 1308.5000000000002 2326.5000000000005 2.5000000000000004 72.500000000000014 1.5000000000000002
decision_type=2 2 2 2 2 10 2 2 2 2 2 2 2 2 2 10 10 2 2 2 2 2 2 2 2 2 2 2 2 2
left_child=2 28 4 11 -1 6 21 14 17 -10 12 -3 13 16 -8 -16 -4 20 19 -14 -9 22 -6 -22 25 -7 -27 -26 -2 -24
right_child=1 3 10 -5 5 24 7 8 9 -11 -12 -13 18 -15 15 -17 -18 -19 -20 -21 23 -23 29 -25 27 26 -28 -29 -30 -31
leaf_value=0.0089787431305452716 0.028776818519106517 -0.023491858862433011 0.012000596363704629 0.0049885438787255218 -0.018793545403082104 -0.025619990747645826 2.4876868486766123e-05 0.011240391772654866 0.080533187471197587 0.0031906555267202192 0.014660476568170095 -0.0063030007516097419 4.5927866706192955e-05 -0.020659169503032277 0.001764188509358429 -0.010829861818614195 0.033647987600480336 0.03401943530360068 0.0063183824336251557 0.022984706171170082 -0.010359229584148736 -0.0012593868728438204 0.0037358363564923992 0.0060145598551374496 -0.022076831322955234 0.064568785856147379 -0.029783305425981069 -0.004906536462164982 9.2040015074205332e-06 0.015337868224496893
leaf_weight=34950.69259987399 1715.3621428795159 64347.160218765959 16549.990335270762 4384.0482529196888 2289.7054387517273 566.96822074055672 29363.330701448023 8494.4699239507318 649.65790232270956 675.2181191444397 20709.203100673854 5951.7148581109941 70576.019143793732 1763.6631116420031 10883.980978732929 49793.825161766261 3661.4433823227882 1276.0366225242615 109875.26913379878 2954.0712429285049 9546.0784172639251 63285.028190419078 97615.373148303479 7020.3986815661192 9000.4653844945133 664.10000341385603 297.30415738001466 6284.7107166629285 5256.869190050289 8665.1731413416564
leaf_count=85358 6786 272302 41918 12834 18545 972 57219 16831 2756 1147 59184 27811 128972 2544 22703 76519 17236 3729 222005 7399 12118 113802 189256 13167 13865 2895 1041 32203 21341 24898
internal_value=-3.96415e-05 -0.0180962 0.00255911 -0.0204507 0.000284333 -0.00070778 -2.29122e-05 -0.00324071 0.00498505 0.041435 0.00599313 -0.0220377 0.0051185 0.0129917 -0.00576804 -0.00857091 0.0159369 0.00313641 0.0041745 0.000970493 0.00155099 0.002181 0.00418632 -0.00342104 -0.0124954 0.0127351 0.0353852 -0.0150249 0.00711791 0.00468312
internal_weight=649067 81655.2 567412 74682.9 341323 306372 289558 117703 27661.9 1324.88 226090 70298.9 205380 21975.1 90041.1 60677.8 20211.4 26337 183405 73530.1 25060.9 171855 108570 16566.5 16813.5 1528.37 961.404 15285.2 6972.23 106281
internal_count=1509356 341074 1168282 312947 689024 603666 552690 206189 49748 3903 479258 300113 420074 61698 156441 99222 59154 45845 358376 136371 42116 346501 232699 25285 50976 4908 3936 46068 28127 214154
is_linear=0
shrinkage=0.03


Tree=74
num_leaves=31
num_cat=5
split_feature=114 99 98 114 97 72 29 52 47 123 116 131 51 114 114 99 54 97 52 100 113 116 128 97 74 114 68 47 51 93
split_gain=38063.1 5530.22 3754.12 3133.57 2082.76 2051.18 1955.71 1774.09 2253.67 1745.7 1727.78 1816.57 1528.98 2317.84 2244.02 3379.59 2359.36 2035.56 2074.07 2015.48 1698 1618.8 2191.07 1839.87 1510.15 1960.11 1444.59 1399.96 1368.07 1332.25
threshold=0 2.2583357095718388 335.11389160156256 1 5128.0000000000009 748.50000000000011 3.5000000000000004 8118.5000000000009 0.074999999254941954 1.0000000180025095e-35 245.50000000000003 432.50000000000006 1347.5000000000002 2 3 0.55910891294479381 655.50000000000011 2303.5000000000005 1703.5000000000002 132.58062744140628 1.0000000180025095e-35 303.00000000000006 6.5000000000000009 1345.5000000000002 0.17788764834403994 4 39.500000000000007 0.16499999910593036 1616.5000000000002 314.50000000000006
decision_type=9 8 10 9 10 2 2 2 8 2 10 2 2 9 9 10 2 10 2 10 2 10 2 10 2 9 2 10 2 2
left_child=2 4 3 10 -2 24 26 8 -4 12 11 29 14 17 15 -10 -17 19 20 -14 -19 -18 -23 -24 -3 -26 -5 -13 -11 -1
right_child=1 5 7 6 -6 -7 -8 -9 9 28 -12 27 13 -15 -16 16 21 18 -20 -21 -22 22 23 -25 25 -27 -28 -29 -30 -31
leaf_value=0.053092090025939433 0.0081736083089208739 -0.016507471052162995 -0.020884376384105015 0.0070662449540974956 -0.017802992719726636 -0.023901815396837504 0.023140769156660104 0.030679812218609499 -0.019114506926781613 0.0037974210408222319 0.0060910717361950858 -0.021537746254106659 0.0098231288661312106 -0.011366273375306201 4.3612796469048255e-05 0.012491886888741796 0.00091974585594885132 -0.03175838264005932 0.061346367145953984 -0.022563142709507732 0.038159473708596688 -0.023835858670662437 -0.016750473446343301 0.04808000561035667 0.054472620740949988 -0.015311393855068125 -0.0052160452416287664 0.026483998572948152 0.032863785314412919 -0.0024234843647664385
leaf_weight=392.12700001522899 8021.260105362162 2134.5003405120224 4385.4813780728728 179973.07532902434 4236.8486390020698 65085.477032310329 6551.5713497847319 1747.0850279778242 14995.745151866227 89920.513508468866 12204.771805459633 8315.6802346371114 19077.646663978696 5666.021491419524 170090.36246326007 7847.0545192584395 10361.757930316031 549.54307225346565 1313.4666578136384 1892.2675951272249 698.93690302968025 7017.238112796098 787.78044676035643 770.56366558000445 782.97206377238035 650.85084435716271 9044.9559320323169 576.418571036309 1471.603171505034 11949.263165364042
leaf_count=3405 22630 6370 49043 417856 11866 246376 26365 6484 21782 168252 28339 50939 38089 7661 294651 15833 16957 383 4731 1780 1946 5926 841 2481 3161 1736 17471 3046 4435 28229
internal_value=-0.000124474 -0.0193718 0.00261983 0.00558644 -0.000812044 -0.0226878 0.00703725 0.000613327 0.000456478 0.000738605 -0.00289967 -0.00806925 -0.000599933 0.00583482 -0.00148694 -0.00771463 -0.00133032 0.00998017 0.0351766 0.00689132 0.00737594 -0.00706139 -0.0166947 0.0154088 -0.000539903 0.0231804 0.00647826 -0.0183985 0.00426899 -0.000618013
internal_weight=648513 80911.9 567601 229008 12258.1 68653.8 195570 338593 336846 332461 33438.3 21233.5 241068 29197.9 211871 41780.1 26784.4 23531.9 2561.95 20969.9 1248.48 18937.3 8575.58 1558.34 3568.32 1433.82 189018 8892.1 91392.1 12341.4
internal_count=1509064 292139 1216925 575650 34496 257643 461692 641275 634791 585748 113958 85619 413061 54590 358471 63820 42038 46929 7060 39869 2329 26205 9248 3322 11267 4897 435327 53985 172687 31634
cat_boundaries=0 1 2 3 4 5
cat_threshold=378276 16420 263456 1056 8728
is_linear=0
shrinkage=0.03


Tree=75
num_leaves=31
num_cat=6
split_feature=114 55 103 55 114 97 53 100 114 113 72 53 53 114 114 112 128 53 53 102 131 100 51 57 51 49 97 53 59 49
split_gain=36945.2 6138.94 4344.04 3295.39 2881 2604.49 2423.85 2438.82 3585.64 1835.91 1816.22 1970.55 1964.86 1871.61 1827.26 1793.07 2444.08 2211.64 1679.64 1655.04 1598.68 1450.29 1306.1 1281.35 1628.26 1774.65 1306.01 2685.99 1304.31 1594.86
threshold=0 8.5000000000000018 1.5000000000000002 0.095000002533197417 1 1345.5000000000002 44.500000000000007 419.89126586914068 2 -0.93301269412040699 1373.5000000000002 886.50000000000011 5850.5000000000009 3 4 0.93301269412040722 1.5000000000000002 640.50000000000011 8116.5000000000009 11.500000000000002 1693.5000000000002 71.29264068603517 407.50000000000006 5 1112.5000000000002 1.8349365592002871 2397.5000000000005 1653.5000000000002 1.0000000180025095e-35 1.2718205451965334
decision_type=9 8 2 8 9 8 2 10 9 2 2 2 2 9 9 2 2 2 2 2 2 8 2 9 2 8 8 2 2 10
left_child=2 -2 3 5 15 -1 21 9 20 -8 11 22 23 18 -13 17 -17 -3 -14 -4 -9 -5 -11 24 25 -12 -26 -28 -25 -30
right_child=1 4 19 6 -6 -7 7 8 -10 10 12 14 13 -15 -16 16 -18 -19 -20 -21 -22 -23 -24 28 26 -27 27 -29 29 -31
leaf_value=-0.023175112970812362 0.011864242043484323 0.0090054046765243104 0.0073704104775970452 0.022846617511511878 -0.025313391561320654 0.0051680628954328383 0.0096931775593075351 0.0019293790463455163 -0.0097479395392186478 0.0085574549275939365 0.0037078881528566985 0.047904707239217213 -0.02334060608639774 -0.026850077429665137 0.011798607777948613 0.096319296525429213 0.001222596685611879 -0.019085371477767257 0.020689985815043024 0.032037626120613089 0.029338346442216549 0.0065014479570708952 -0.01154965106359522 0.0012313989663567631 0.0044828298404209037 -0.0025506513407254567 -0.010253998167966795 0.055164640415118746 0.018953282211693376 -0.0089512983706592671
leaf_weight=8558.1671353168786 5348.4885702505708 2937.4481801278889 111932.61419717968 5675.1651699393988 51535.700852844864 4419.9569907877594 27005.12284210138 29591.072481352836 40862.055016022176 15538.784591346979 58471.3324762173 2001.5225617326796 1284.7153177186847 4400.1042904052883 3440.5210284981877 273.28322567977011 1722.4550014976412 17624.803750419989 1950.7057304065675 2493.8065530359745 2037.9178708605468 34875.264322344214 3567.0898173525929 14775.343139238656 42929.064134858549 134680.15723844245 971.5102459192276 1330.5790825784206 10879.683903038502 2212.7687366753817
leaf_count=78567 12268 8037 254181 22369 200486 30904 60072 54876 62759 32161 122017 6567 5126 13130 8648 1706 6241 63291 7547 12547 5607 76202 4348 26243 76316 212207 1211 4553 34501 4457
internal_value=3.09405e-07 -0.019155 0.00269002 0.00136669 -0.021398 -0.0135257 0.00180777 0.00109564 -0.00388024 0.00220409 0.00152611 0.00934174 0.000825291 -0.0141694 0.025251 -0.0124289 0.0146598 -0.01507 0.00317855 0.00791076 0.00370294 0.00879408 0.00479936 0.00125583 0.000543917 -0.000655956 0.00566689 0.0276322 0.00734032 0.0142339
internal_weight=645327 79442.2 565885 451459 74093.7 12978.1 438480 397930 72491 325439 298434 24547.9 273886 7635.53 5442.04 22558 1995.74 20562.3 3235.42 114426 31629 40550.4 19105.9 266250 238383 193151 45231.2 2302.09 27867.8 13092.5
internal_count=1509145 292029 1217116 950388 279761 109471 840917 742346 123242 619104 559032 51724 507308 25803 15215 79275 7947 71328 12673 266728 60483 98571 36509 481505 416304 334224 82080 5764 65201 38958
cat_boundaries=0 1 2 3 4 5 6
cat_threshold=378276 520 114948 98308 263428 575017025
is_linear=0
shrinkage=0.03


Tree=76
num_leaves=31
num_cat=0
split_feature=53 72 103 71 53 98 102 78 98 112 112 69 75 97 93 100 121 121 72 103 128 49 121 103 97 98 67 97 67 54
split_gain=29606.8 5075.12 4530.07 4174.26 3446.83 2606.45 1957.51 1768.6 1573.59 1468.69 1332.24 1516.16 1343.06 1320.17 1128.84 1193.85 1396.26 1264.02 1340.1 1117.44 1101.75 1326.26 1432.81 1130.24 1080.31 1448.77 1070.26 1056.49 1056.46 1990.49
threshold=4254.5000000000009 1147.5000000000002 1.0000000180025095e-35 228.50000000000003 78.500000000000014 2055.327026367188 11.500000000000002 9.6333336830139178 84.295696258544936 0.93301269412040722 -1.0000000180025095e-35 69.500000000000014 0.0066314931027591237 288.50000000000006 3470.5000000000005 271.62620544433599 46.500000000000007 165.50000000000003 803.50000000000011 1.5000000000000002 9.5000000000000018 3.395272016525269 200.50000000000003 3.5000000000000004 305.50000000000006 868.92929077148449 32.500000000000007 3081.5000000000005 2.5000000000000004 413.50000000000006
decision_type=2 2 2 2 2 10 2 8 8 2 2 2 2 10 2 8 2 2 2 2 2 8 2 2 10 10 2 10 2 2
left_child=2 -2 4 7 8 14 10 -3 -1 -9 11 12 26 -11 -6 24 27 18 -18 -5 23 22 -22 -12 25 -16 -4 -17 29 -23
right_child=1 3 6 19 5 -7 -8 9 -10 13 20 -13 -14 -15 15 16 17 -19 -20 -21 21 28 -24 -25 -26 -27 -28 -29 -30 -31
leaf_value=0.021655206693229446 0.0071162465024408967 0.012957634022086139 0.041553934099143028 -0.0072967362080481784 -0.018983494781070694 -0.012862050026212863 0.030473566016508642 -0.025397535595974081 0.0053588692979726149 -0.011925206801165832 0.0072318898776413945 -0.013978949229366008 0.0027538613758338057 0.055310547299085661 -0.00018892634306289511 -0.0048962899174013535 0.062634415599767276 -0.012840271364750473 0.012192990899006202 0.020505299730506386 0.0050559028761632948 0.049661160061989111 0.034938174104712491 0.015655941776687814 0.003499753578906624 -0.015880696325704349 -0.0027613664373919425 0.034070079565307582 -0.0090588318687862962 -0.0027755119207673335
leaf_weight=6029.7595654278994 6898.1796865910292 1187.7585517130792 1439.2268677353859 10866.333128455095 2916.7124156430364 16127.449877265841 2804.5487304329872 52336.504846736789 45694.029947843403 4543.8947923276573 88902.785313535482 4779.6459343954921 81766.737327933311 269.08887618593872 98125.593382205814 71414.602941995487 525.6827610693872 1603.0412374325097 4205.6830538455397 1468.1653606295586 13113.407304644585 844.74163850769401 1613.6715945489705 17093.924750849605 86825.409859696403 5587.4673468898982 739.6180182993412 621.90264296345413 10924.08344213292 2736.4055200181901
leaf_count=23430 28043 3726 6056 89259 26388 49923 14066 194660 96825 19487 185411 7856 161530 1268 181960 126144 1903 2456 9412 4588 28883 2786 5044 46305 157682 8591 1841 2043 16393 4455
internal_value=-5.55663e-05 -0.0174364 0.00232489 -0.0198336 0.000132829 -0.00114804 0.00560839 -0.0231857 0.00726245 -0.023939 0.00529566 0.0024387 0.00337503 -0.00805924 -0.000452601 -0.000250908 -0.00336746 0.0101258 0.0179176 -0.00397355 0.00716982 0.00201262 0.00835164 0.00859177 0.00103108 -0.00103576 0.026567 -0.0045552 -0.00442468 0.0096974
internal_weight=644006 77569.9 566436 70671.7 339677 287954 226759 58337.2 51723.8 57149.5 223954 88725.2 83945.6 4812.98 271826 268909 78370.9 6334.41 4731.37 12334.5 135229 29232.3 14727.1 105997 190538 103713 2178.84 72036.5 14505.2 3581.15
internal_count=1508414 341031 1167383 312988 686757 566502 480626 219141 120255 215415 466560 177283 169427 20755 516579 490191 141958 13771 11315 93847 289277 57561 33927 231716 348233 190551 7897 128187 23634 7241
is_linear=0
shrinkage=0.03


Tree=77
num_leaves=31
num_cat=3
split_feature=114 55 34 99 114 98 55 49 100 52 115 115 100 71 98 121 20 98 112 112 114 121 121 124 121 121 54 121 52 98
split_gain=33456.1 6015.54 3269.05 2893.94 2842.53 2482.7 2360.18 4209.67 2355.14 1830.25 4867.19 4492.47 2239.52 2130.31 1771.25 1593.28 2225 1829.26 3057.56 1547.28 2432.67 1819.35 3138.07 8214.62 1437.02 3170.71 1427.77 1417.48 2986.88 1451.67
threshold=0 7.5000000000000009 1.5000000000000002 2.2583357095718388 1 515.03823852539074 0.095000002533197417 3.9891970157623295 -3346.2053222656245 991.50000000000011 1.0000000180025095e-35 1.0000000180025095e-35 -156.34480285644528 20.500000000000004 160.94318389892581 11.500000000000002 1.0000000180025095e-35 1405.6358032226565 1.0000000180025095e-35 0.93301269412040722 2 13.500000000000002 5.5000000000000009 10.500000000000002 39.500000000000007 91.500000000000014 655.50000000000011 2.5000000000000004 1611.5000000000002 1797.470397949219
decision_type=9 8 2 8 9 10 10 10 8 2 2 2 10 2 10 2 2 10 2 2 9 2 2 2 2 2 2 2 2 8
left_child=2 -2 4 14 5 -1 9 8 -8 11 -11 13 26 -6 -3 16 -13 -18 -19 -5 -21 22 -22 -24 -14 -26 -12 28 -28 -30
right_child=1 3 -4 19 6 -7 7 -9 -10 10 12 15 24 -15 -16 -17 17 18 -20 20 21 -23 23 -25 25 -27 27 -29 29 -31
leaf_value=0.005176171421406881 0.014552688706231012 0.051060484697433857 0.01430942094758624 -0.024640281821662981 0.024252556688412454 0.00017386975405683778 0.053593782682601211 -0.010074118049158769 0.20617329095850143 -0.0081895327999508168 0.030465776127549322 -0.012308254431344907 -0.0002009148120022277 -0.00047522808807917656 -0.0082279485459639413 -0.019106540216049735 0.0033346171259816316 -0.0060281942277218325 0.11475493207839491 -0.030356193640458808 0.0044745006681827289 -0.025549733676756167 -0.00056310639408259182 0.24742235018916867 0.088645105236875132 -0.014783360312300868 0.0073442948228122362 0.0032645852375400406 0.035982388346838041 0.10083479467855681
leaf_weight=240941.02377299964 4575.4121457170695 468.486273445189 19800.152421845123 57457.184727682732 3357.2833595760167 141873.15742563456 218.51732402667403 497.89426242746413 159.25688373856246 28775.141411589459 3925.3786020465195 14063.786864690483 25170.915845140815 45558.370644021779 8704.2361591141671 17809.674591947347 3596.0292210839689 373.24710818007588 369.40192221105099 2399.3491055369377 1632.943312253803 905.43434633594006 332.48782533127815 178.26836027763784 507.30260682106018 545.75370427966118 6168.0405126214027 10725.673958815634 2661.5169206857681 347.34211438894272
leaf_count=522786 10547 1637 55520 230209 7997 243700 1609 5267 1810 136489 10230 20074 40749 92842 26370 24366 6856 662 2075 10215 6524 2734 1311 2193 2309 613 12106 19104 7988 1711
internal_value=-0.000176025 -0.0187761 0.00233716 -0.0208961 0.00190409 0.00332226 -0.00138967 0.047452 0.121574 -0.00165349 0.00164034 -0.00470336 0.0072921 0.00122655 -0.00514755 -0.0127117 -0.00651575 0.0122457 0.0547771 -0.0231913 -0.00789433 0.00988917 0.0249525 0.08908 0.00124195 0.0354078 0.0139473 0.0106757 0.0193246 0.0437782
internal_weight=644099 76653.8 567445 72078.4 547645 382814 164831 875.668 377.774 163955 78827.1 85127.8 50051.9 48915.7 9172.72 36212.1 18402.5 4338.68 742.649 62905.7 5448.48 3049.13 2143.7 510.756 26224 1053.06 23828 19902.6 9176.9 3008.86
internal_count=1508603 291740 1216863 281193 1161343 766486 394857 8686 3419 386171 231299 154872 94810 100839 28007 54033 29667 9593 2737 253186 22977 12762 10028 3504 43671 2922 51139 40909 21805 9699
cat_boundaries=0 1 2 3
cat_threshold=378276 360832 657472
is_linear=0
shrinkage=0.03


Tree=78
num_leaves=31
num_cat=6
split_feature=114 55 103 114 55 98 98 114 52 74 73 112 52 121 52 114 114 128 121 68 121 112 113 121 99 113 113 52 114 102
split_gain=32380.9 5874.9 3860.72 3004.83 2942 2363.59 1879.96 1686.51 2623.48 2174.78 1899.26 1664.74 2092.98 1952.7 1553.94 3260.91 3137.21 3071.61 1817.24 1722.42 1590.76 2026.41 1833.66 1928.72 2348.5 2037.91 1739.76 1703.76 2171.25 1491.88
threshold=0 8.5000000000000018 1.5000000000000002 1 0.095000002533197417 515.03823852539074 3801.8835449218755 2 2798.5000000000005 0.044423885643482215 0.033356515690684325 0.93301269412040722 619.50000000000011 1.5000000000000002 1308.5000000000002 3 4 11.500000000000002 40.500000000000007 2.5000000000000004 17.500000000000004 0.93301269412040722 -0.93301269412040699 4.5000000000000009 0.9411408305168153 -0.25000000000000006 -0.25000000000000006 1611.5000000000002 5 11.500000000000002
decision_type=9 8 2 9 8 10 8 9 2 2 2 2 2 2 2 9 9 2 2 2 2 2 2 2 10 2 2 2 9 2
left_child=2 -2 4 11 6 7 -1 8 9 -6 -9 12 -3 -13 15 17 -16 18 -7 20 21 22 -18 24 -24 -25 -22 -26 -29 -4
right_child=1 3 29 -5 5 14 -8 10 -10 -11 -12 13 -14 -15 16 -17 19 -19 -20 -21 26 -23 23 25 27 -27 -28 28 -30 -31
leaf_value=-0.020173380106736204 0.011904322902946417 0.0092896067348893149 0.0068448433965602722 -0.024986447476785197 0.040310275908600472 -0.0052546258575854434 0.0054703162106321517 0.012468031406342497 -0.024396480108106106 -0.00099828654988704402 0.0036727097750267031 0.088083402331624538 -0.018261636523604418 0.0026060063852689358 -0.0073391816702114594 0.0012621354247624654 0.025514309178832892 -0.022386009916597265 0.042431918112785266 0.041504010042091449 0.04984977007026576 0.032578717208269672 -0.015140095816986053 -0.022210651590857854 0.0021106489834910487 0.00217079702140505 0.0081045966011801772 0.031659934206535872 0.0018841929300667461 0.030612263759938016
leaf_weight=9197.6339659746736 5304.9876585416496 2907.0065067708492 112039.18094875664 48308.014102467336 1189.2993070557714 49644.911063756794 3565.6874290183187 25552.474043468013 4289.79267581366 26315.086386851966 163126.36340840533 269.08710633218288 16733.437275079079 1746.1048814542592 17857.61902661249 94234.486386470497 3035.9702129028738 10515.108702685684 719.88824816048145 1291.0528562106192 1517.5160876885056 2220.5880656838417 3790.3980802372098 5343.4209839813411 10050.218421317637 7278.8587627112865 2193.6199425160885 5590.8089193329215 3646.65164199844 2419.4128593355417
leaf_count=82289 12181 7977 253932 200653 3433 76618 27221 61635 14448 44108 336881 1565 63305 6327 37209 163271 7822 13964 2228 3871 5135 6037 4547 4883 17302 12400 4371 15349 6366 12561
internal_value=-2.78314e-05 -0.0185125 0.00242817 -0.0208228 0.00118225 0.00159479 -0.0130106 0.00378728 -0.00260374 0.000801912 0.00486419 -0.0115109 -0.0141811 0.0143983 -0.000613207 -0.00223434 0.00332689 -0.00764472 -0.00456473 0.00747191 0.00648087 0.00477329 0.00317133 0.00126466 0.0064207 -0.00816007 0.0252627 0.0106635 0.0199565 0.00734987
internal_weight=641895 75268.6 566626 69963.6 452167 439404 12763.3 220473 31794.2 27504.4 188679 21655.6 19640.4 2015.19 218931 155114 63816.7 60879.9 50364.8 45959.1 44668.1 40956.9 38736.3 35700.4 23078.1 12622.3 3711.14 19287.7 9237.46 114459
internal_count=1509889 292008 1217881 279827 951388 841878 109510 460505 61989 47541 398516 79174 71282 7892 381373 256081 125292 92810 78846 88083 84212 74706 68669 60847 43564 17283 9506 39017 21715 266493
cat_boundaries=0 1 2 3 4 5 6
cat_threshold=378276 520 16384 1184 98308 263200
is_linear=0
shrinkage=0.03


Tree=79
num_leaves=31
num_cat=4
split_feature=114 99 98 114 78 52 77 29 71 98 98 98 114 74 112 128 112 51 96 123 51 112 112 74 126 52 65 49 96 114
split_gain=31279 5024.15 3092.3 2571.4 1910.92 1782.94 1781.79 1643.51 1581.3 1534.02 1916.99 1506.55 1435.31 2111.61 1572.22 1494.07 1382.47 1864.05 1369.73 1300.5 1707.62 1239.88 1236.56 1602.75 1209.47 1198.68 1792.41 1489.2 1460.98 1174.03
threshold=0 11.008583068847658 335.11389160156256 1 4.5014450550079355 8759.0000000000018 9.0555553436279315 3.5000000000000004 26.500000000000004 4491.6657714843759 1773.8765869140627 137.07147216796878 2 0.50130891799926769 0.68301269412040722 6.5000000000000009 0.93301269412040722 1128.5000000000002 0.020000002346932892 1.0000000180025095e-35 1616.5000000000002 -0.68301269412040699 0.93301269412040722 0.71199119091033947 1.0000000180025095e-35 961.50000000000011 3.5000000000000004 -1.9730502367019651 -1.0000000180025095e-35 3
decision_type=9 8 10 9 8 2 8 2 2 10 10 10 9 2 2 2 2 2 10 2 2 2 2 2 2 2 2 10 10 9
left_child=2 4 3 24 -2 9 -3 8 25 10 19 22 -8 16 -15 -16 -14 -18 -12 -4 -21 -7 -10 -24 -1 26 -5 29 -27 -28
right_child=1 6 5 7 -6 21 12 -9 11 -11 18 -13 13 14 15 -17 17 -19 -20 20 -22 -23 23 -25 -26 28 27 -29 -30 -31
leaf_value=-0.0054336362430921579 0.031809546587618892 0.056740453618155093 -0.00023285217351944791 -0.0015583158850530827 -0.0062315735987821651 0.0072772004104626892 -0.029161438505265459 0.021230810906211605 0.01031300542187972 0.037138074720072592 -0.0075251834135581551 0.0021944253384251207 -0.022342414002658149 -0.015283173099416906 0.10861847066276319 0.01334103823309063 -0.0088415261185100149 0.07299961097640599 0.048074204214901793 0.0035562166257597618 0.037466760174657235 0.094935111768997979 0.0050389403772539811 -0.031003246892144905 0.0094039285209037964 0.028101805195367889 0.029952892499286968 0.0059608733128541013 -0.0068274766085321542 0.01056385404634678
leaf_weight=26980.57877252996 1289.3384777344763 246.25138563290238 215963.12417920306 10723.016021952033 13923.027637215331 282.09802353009582 20222.666381182149 6438.0598869770765 43994.724645391107 1010.6830714866519 30604.715391356498 97409.652588784695 33986.47772258427 573.72667462937534 247.82996198534966 355.83089134469628 3247.1495865406469 261.34746082220227 394.20028343610466 87887.170197667554 1347.2695654965937 293.28882930055261 4156.343440361321 1504.2084168046713 6043.8056072518229 6085.3305672034621 6121.6807628273964 12265.906161338091 1305.0191836580634 5283.1167568266392
leaf_count=94981 3448 1261 373010 17053 40401 854 100016 26495 129900 3639 90809 195908 129198 1976 1493 1088 12125 1636 3640 162556 4358 1659 11497 1847 18861 15548 23760 26848 2232 10610
internal_value=-7.37991e-05 -0.0183647 0.00232918 0.00502609 -0.00298858 0.000506284 -0.0223217 0.00633511 0.00582653 0.000415461 0.000303963 0.00436274 -0.0226618 -0.0192438 0.0201825 0.0535893 -0.020492 -0.00255504 -0.00680287 0.001026 0.00407234 0.0528171 0.00861506 -0.00457652 -0.00271536 0.0109763 0.00861628 0.0132242 0.021933 0.0210238
internal_weight=640448 74353.6 566094 228311 15212.4 337783 59141.3 195287 188849 337207 336196 147065 58895 38672.4 1177.39 603.661 37495 3508.5 30998.9 305198 89234.4 575.387 49655.3 5660.55 33024.4 41784.1 34393.7 23670.7 7390.35 11404.8
internal_count=1508707 292642 1216065 575540 43849 640525 248793 461698 435203 638012 634373 339152 247532 147516 4557 2581 142959 13761 94449 539924 166914 2513 143244 13344 113842 96051 78271 61218 17780 34370
cat_boundaries=0 1 2 3 4
cat_threshold=378276 16420 657408 66688
is_linear=0
shrinkage=0.03


Tree=80
num_leaves=31
num_cat=5
split_feature=114 55 34 114 114 51 54 69 112 60 121 112 114 115 47 20 54 121 121 70 54 69 73 69 122 119 113 75 114 55
split_gain=29155.5 5564.72 3008.32 2805.13 2120.82 2181.19 2204.54 1875.88 1747.14 1833.3 1816.48 1588.46 1469.94 1291.86 1271.25 1610.14 1255.69 1553.91 4034.48 2901.76 1252.8 1105.63 1282.92 1190.22 1177.42 989.022 951.729 927.397 2949.56 1202.05
threshold=0 7.5000000000000009 1.0000000180025095e-35 1 2 1328.5000000000002 1486.5000000000002 80.500000000000014 0.93301269412040722 1.0000000180025095e-35 1.5000000000000002 -1.0000000180025095e-35 3 1.0000000180025095e-35 0.074999999254941954 3784.5000000000005 1227.5000000000002 5.5000000000000009 15.500000000000002 12.500000000000002 6312.5000000000009 52.500000000000007 0.13277138024568561 42.500000000000007 1.0000000180025095e-35 20.500000000000004 -0.93301269412040699 0.013736129738390447 4 8.5000000000000018
decision_type=9 8 2 9 9 2 2 2 2 2 2 2 9 2 10 2 2 2 2 2 2 2 2 2 2 2 2 2 9 8
left_child=2 -2 4 8 7 6 25 11 9 -3 -10 21 -4 -7 -8 -16 17 -12 19 -19 -17 23 -23 24 27 -6 -15 28 -1 -29
right_child=1 3 12 -5 5 13 14 -9 10 -11 16 -13 -14 26 15 20 -18 18 -20 -21 -22 22 -24 -25 -26 -27 -28 29 -30 -31
leaf_value=0.016739721292738242 0.013807327569110382 -0.017905004732297971 0.014764768355623126 -0.02426976676425088 -0.00065790556574107885 -0.011919031493333489 -0.010276601643582099 -0.0038929448851460534 0.08592358620772679 0.0075216970380267267 -0.029846328179816497 0.005313257711926595 0.0021633450023960965 0.034848345309996857 0.0040899993751278814 0.016776364252525548 -0.02044441882132178 0.23756809345512048 -0.025301395384672201 0.047295538521578057 0.15201701880341775 0.030726569448539427 -0.0064737097338978594 -0.020544625205665974 0.0082851149623126528 0.038076101910844991 0.0081789154432403283 -0.010015389303427059 -0.0052159203768489901 1.4461050554770439e-06
leaf_weight=10770.757236555219 4622.7121371366084 16028.314102926292 24300.171931862831 46900.31092256587 102045.50338860974 2776.2159169614315 34625.908721698448 33639.99845630303 273.81405326351523 3029.2353621516377 256.38000242225826 192492.84386646003 12699.759241666645 1276.5763514488935 1459.8438448384404 124.06227138265967 897.67372505925596 124.68797688186169 270.49812404438853 169.12870362959802 118.28050764650106 2328.9404866918921 1292.3625089526176 2323.4713284894824 17668.950083557516 586.75549082830548 19157.305823300034 12363.808997727931 11234.247354656458 83821.789319802076
leaf_count=34136 10508 62921 71696 202261 242044 5208 88774 66675 1550 8270 627 392448 28618 3879 6806 2070 2317 1372 985 1002 1556 6370 2572 2351 36289 2016 38336 18767 18756 147018
internal_value=-0.00011494 -0.018016 0.00217642 -0.0201854 0.0015991 -0.00125904 -0.00268114 0.00285879 -0.0110611 -0.0138616 0.0156087 0.0035384 0.0104458 0.00725207 -0.00903123 0.0162141 0.00397209 0.0306034 0.0581085 0.133204 0.0861919 0.0011289 0.0174693 0.000699439 0.00106424 -0.000432773 0.00986128 -1.58567e-05 0.00553863 -0.00128704
internal_weight=639680 72572.8 567108 67950 530108 162170 138960 367937 21049.7 19057.5 1992.18 334297 36999.9 23210.1 36328.1 1702.19 1718.37 820.695 564.315 293.817 242.343 141804 3621.3 138183 135860 102632 20433.9 118191 22005 96185.6
internal_count=1508198 291813 1216385 281305 1116071 390689 343266 725382 79044 71191 7853 658707 100314 47423 99206 10432 6303 3986 3359 2374 3626 266259 8942 257317 254966 244060 42215 218677 52892 165785
cat_boundaries=0 1 2 3 4 5
cat_threshold=378276 520 360832 360708 65664
is_linear=0
shrinkage=0.03


Tree=81
num_leaves=31
num_cat=5
split_feature=114 114 98 100 75 34 114 116 114 53 98 98 98 53 114 72 19 59 69 121 112 113 124 100 67 47 53 72 130 124
split_gain=28489.2 4772.27 2810.59 2671.14 1984.11 1879.52 1784.28 1777.09 1542.62 1464.81 1492.63 1886.09 1426.45 2309.1 1698.37 1371.44 1405.71 1322.7 1411.74 1246.11 1221.55 1422.79 1454.7 1261.71 1182.51 1405.21 1399.45 1821.1 1503.74 1133.34
threshold=0 1 772.28952026367199 -1009.0791625976561 0.062815506011247649 1.5000000000000002 2 807.00000000000011 3 8759.0000000000018 1637.491882324219 4491.6657714843759 1470.8933715820315 827.50000000000011 4 767.50000000000011 1.5000000000000002 1.5000000000000002 72.500000000000014 34.500000000000007 -1.0000000180025095e-35 -0.25000000000000006 2.5000000000000004 432.01087951660162 33.500000000000007 0.16499999910593036 4254.5000000000009 1147.5000000000002 106.50000000000001 13.500000000000002
decision_type=9 9 10 10 2 2 9 10 9 2 10 10 10 2 9 2 2 2 2 2 2 2 2 10 2 10 2 2 2 2
left_child=2 3 5 15 6 8 -4 29 24 10 12 -12 -6 14 -14 16 -2 -10 -19 20 21 -15 -23 -22 25 26 -1 28 -28 -8
right_child=1 -3 4 -5 9 -7 7 -9 17 -11 11 -13 13 19 -16 -17 -18 18 -20 -21 23 22 -24 -25 -26 -27 27 -29 -30 -31
leaf_value=0.0010176846413886592 -0.0043492173694787825 -0.025576171637732761 -0.018939820386245844 0.0024154773152911505 0.0013571958288886648 0.013020215349700272 -0.0038736660162970908 -0.024492243705233143 0.0032108730738046021 0.046197819134499524 -0.0058897582876756031 0.03602339806208063 0.021655165005083719 -0.015584173247746337 -0.0169828604298875 -0.017155992943715202 0.067548400902870023 0.010651951006250073 -0.010312641577832437 0.0745647339750444 0.020749960817040142 0.0071776629700040584 0.056828105024192714 0.061551329727355823 -0.020868627052882682 0.041229190844078833 0.049390326037174442 -0.017872083544522369 -0.019372456802801519 0.0099131521197865068
leaf_weight=54940.875344250351 885.43590394593775 36482.341338874772 7867.9730982370675 10704.92156021297 81167.707450570539 17955.238700119779 37625.484434496611 3367.4071975834668 260219.84862839431 634.50633428245783 32024.006192473695 986.46403666585684 1502.6536506041884 1413.6252340506762 3109.1474153250456 23342.919995546341 327.66675088554621 37439.795334070921 3124.8490933924913 384.33907469175756 2234.4933409281075 1805.7406373079866 744.51184260472655 983.72393692284822 2593.6857588589191 716.93488825671375 712.44465562514961 7148.3232288490981 466.88121979497373 6248.98700979352
leaf_count=108247 2433 164126 24500 29569 146141 50991 60325 3828 503363 2565 85412 3561 4044 1928 4296 93953 2196 110560 6347 2827 6206 3940 2822 3537 8915 3765 3565 47082 5263 12632
internal_value=-0.00015848 -0.0179679 0.00209386 -0.0100861 -0.000977362 0.00354536 -0.00573039 -0.0035221 0.00308192 0.00108558 0.00085541 -0.00462672 0.00279438 0.0123642 -0.00436379 -0.0155389 0.0154643 0.00399645 0.00903482 0.0225523 0.0196692 0.00848648 0.0218378 0.0333739 -0.00105005 -0.000243723 -0.000720119 -0.0121726 0.022234 -0.00190822
internal_weight=639163 71743.3 567420 35260.9 182101 385319 55109.9 47241.9 367364 126991 126356 33010.5 93345.9 12178.2 4611.8 24556 1213.1 300784 40564.6 7566.43 7182.09 3963.88 2550.25 3218.22 66579.1 63985.5 63268.5 8327.65 1179.33 43874.5
internal_count=1508939 292277 1216662 128151 368564 848098 101285 76785 797107 267279 264714 88973 175741 29600 8340 98582 4629 620270 116907 21260 18433 8690 6762 9743 176837 167922 164157 55910 8828 72957
cat_boundaries=0 1 2 3 4 5
cat_threshold=378276 584 36 17412 82180
is_linear=0
shrinkage=0.03


Tree=82
num_leaves=31
num_cat=6
split_feature=114 55 114 98 114 98 53 98 55 64 51 114 52 51 114 98 98 54 116 69 116 69 116 114 52 131 51 131 53 120
split_gain=27173.8 5314.44 2890.78 2855.9 1786.28 2027.34 1585.66 1505.51 1798.06 1400.33 1356.3 1946.75 1617.44 2629.99 2326.85 2011.26 2234.11 2508.51 1900.27 1903.26 1730.25 1814.54 1597.87 1519.87 1461.39 1825.56 1804.93 1644.16 1338.16 1212.42
threshold=0 8.5000000000000018 1 772.28952026367199 2 118.40934371948244 8456.5000000000018 4491.6657714843759 0.054999999701976783 2.5000000000000004 1347.5000000000002 3 932.50000000000011 143.50000000000003 4 1684.8836059570315 1470.8933715820315 1138.5000000000002 572.00000000000011 12.500000000000002 630.00000000000011 2.5000000000000004 273.00000000000006 5 1292.5000000000002 66.500000000000014 743.50000000000011 27.500000000000004 1546.5000000000002 11.500000000000002
decision_type=9 8 9 10 9 10 2 10 8 2 2 9 2 2 9 10 10 2 10 2 10 2 10 9 2 2 2 2 2 2
left_child=3 -2 9 4 5 -1 7 8 -5 -3 11 22 13 29 -14 16 18 20 28 24 -18 -22 -10 -12 -20 27 -27 -26 -16 -13
right_child=1 2 -4 6 -6 -7 -8 -9 10 -11 23 12 14 -15 15 -17 17 -19 19 -21 21 -23 -24 -25 25 26 -28 -29 -30 -31
leaf_value=0.0098980883094533529 0.010974247545579898 -0.01197642216023107 -0.024327377429916985 -0.015993355410505561 -0.00059069602204191098 0.0035154609522497857 0.030470631318484251 0.034937797944881013 0.0001573385287998771 0.03698126114228855 0.0094632833228934041 0.0034154263932433602 -0.011205902368465148 -0.014340658216545692 0.0070463505576899193 -0.014785736915453214 0.029936461415987107 0.0064414995821380997 -0.022777256994680327 0.032453186368089609 0.1417849584135954 0.042986820457219063 0.013577035217031899 -0.0062620205687153518 -0.0065322545802877809 0.021337646825962571 -0.031889386194224933 0.059520382308450609 0.039222529261331303 -0.015819766411939412
leaf_weight=54231.550042863935 5394.4921522699296 20065.949692951515 44190.657449604943 7265.8792081959546 72866.623874038458 257168.0163135156 1426.1604737155139 1022.8810873925686 39068.998329497874 530.45993700250983 20619.01529405266 16353.499606728554 13165.492306828499 27679.148520879447 14249.108163043857 4593.0238649845123 1105.4294033907354 2336.4610530734062 4801.522670134902 965.62210838496685 321.9139395095408 363.00850883871317 10027.016213741153 7543.2768373079598 612.54701025784016 875.74647450447083 1620.759893104434 744.95804409682751 1257.6721901595592 3587.5714475139976
leaf_count=159603 12201 77010 200859 54000 188977 499840 4615 3680 66251 1758 42353 33551 26043 39575 25446 6268 2803 4203 4014 2598 2009 1073 23692 11147 829 2001 865 2753 3618 5231
internal_value=-1.12743e-05 -0.017616 -0.0200006 0.00217267 0.00363783 0.00462716 -0.000927414 -0.00117761 -0.00138575 -0.010693 -0.000767389 -0.00194704 -0.00446142 -0.00835824 -0.000514289 0.00364865 0.00654818 0.0269777 0.00318361 -0.00728538 0.0535933 0.0907941 0.0028997 0.00525167 -0.011751 0.00200946 -0.0132073 0.0298856 0.00967958 -5.13462e-05
internal_weight=636054 70181.6 64787.1 565873 384266 311400 181607 180181 179158 20596.4 171892 143729 94633.5 47620.2 47013.3 33847.8 29254.7 4126.81 25127.9 9621.16 1790.35 684.922 49096 28162.3 8655.53 3854.01 2496.51 1357.51 15506.8 19941.1
internal_count=1508866 291828 279627 1217038 848420 659443 368618 364003 360323 78768 306323 252823 162880 78357 84523 58480 52212 10088 42124 13060 5885 3082 89943 53500 10462 6448 2866 3582 29064 38782
cat_boundaries=0 1 2 3 4 5 6
cat_threshold=378276 520 360832 49540 65536 295968
is_linear=0
shrinkage=0.03


Tree=83
num_leaves=31
num_cat=5
split_feature=114 114 103 100 114 100 77 35 68 75 114 100 53 119 73 131 89 54 120 121 100 93 120 113 68 100 114 100 113 128
split_gain=25714.3 4876.82 3702.16 2666.34 2487.72 1840.16 1583.04 1564.5 1923.73 1668.33 2289.62 1576.27 1523.08 1808.49 1479.3 1999.85 1386.53 1508.04 1324.96 1703.81 1281.24 1951.68 1224.33 1188.54 1393.15 1410.75 1379.3 1849.08 1179.16 1169.37
threshold=0 1 1.0000000180025095e-35 -972.99230957031239 2 3090.381469726563 8.0555553436279315 7.5000000000000009 17.500000000000004 0.011909390334039928 3 -2108.0378417968745 44.500000000000007 2.5000000000000004 0.017917135730385784 1910.5000000000002 409.50000000000006 2701.5000000000005 6.5000000000000009 2.5000000000000004 494.01281738281256 7651.5000000000009 52.500000000000007 -0.93301269412040699 3.5000000000000004 -2605.3771972656245 4 -655.74392700195301 0.25000000000000011 1.5000000000000002
decision_type=9 9 2 10 9 8 8 2 2 2 9 10 2 2 2 2 2 2 2 2 10 2 2 2 2 10 9 8 2 2
left_child=2 3 4 6 5 16 -2 8 9 10 -4 -11 -6 23 15 18 20 -18 19 -7 21 -1 -8 24 25 -14 -25 -28 -29 -30
right_child=1 -3 7 -5 12 14 22 -9 -10 11 -12 -13 13 -15 -16 -17 17 -19 -20 -21 -22 -23 -24 26 -26 -27 27 28 29 -31
leaf_value=-0.021485173423220504 0.055321865762385847 -0.025351380733168272 0.0045177299296946978 0.003192827978878376 0.007262878390909307 0.043581950388420929 -0.016491239043480717 0.01663555998680543 -0.0074738220391681329 0.024008352999823793 0.023366459452609241 0.0037071993769310974 -0.024652186197239776 0.012604162720900406 -0.015246055464075169 -0.018748860498857503 -0.0083991954960908038 0.13516310190339315 0.056215251844132279 -0.0070217042026895554 -0.019166474348942839 -0.0011617501583911108 0.050032330076631229 0.00096218978041777686 -0.0051992426718508282 0.013779499873365178 0.0080225879509029895 -0.0082567971331207295 0.0071790087511038108 -0.0046278091321571863
leaf_weight=5730.8655740823597 275.62853196263313 34682.645846663974 13654.171566233039 10508.723839826882 30531.022691193968 1074.4809115827084 23325.592099154368 9819.5427003949881 11618.983653176576 3499.8246827833354 10092.852763786912 179665.72135150433 906.19316951930523 10157.381007222459 1799.6707570925355 1074.5598079562187 139.01794944889843 113.27968069724739 1035.5100833959877 1331.9551520105451 10471.660782247782 16409.503763202578 242.25552590750158 142276.34551986307 6454.5290131550282 14151.977898743004 10722.062002956867 48361.028694463894 10783.678088523448 25111.183703303337
leaf_count=62607 1273 163632 28691 29484 74631 5707 96346 28768 22964 10325 40067 354531 1966 23153 2677 14630 3528 1453 4437 5517 31835 30820 1015 266425 11194 32050 20132 77039 21603 39987
internal_value=-0.000130472 -0.0174149 0.00197458 -0.00939206 -1.60693e-05 -0.00712272 -0.0149417 0.0049266 0.00439973 0.00506681 0.0125469 0.00409639 0.000914173 0.000193194 0.00769659 0.0168519 -0.00997447 0.0587548 0.0279884 0.0156598 -0.010524 -0.00642964 -0.0157865 -0.000294442 0.00645589 0.0114519 -0.000906765 -0.00370596 -0.00519971 -0.00107975
internal_weight=636022 69034.8 566987 34352.2 338636 39180.5 23843.5 228351 218532 206913 23747 183166 299455 268924 6316.18 4516.51 32864.3 252.298 3441.95 2406.44 32612 22140.4 23567.8 258767 21512.7 15058.2 237254 94978 84255.9 35894.9
internal_count=1508487 291750 1216737 128118 731391 163211 98634 485346 456578 433614 68758 364856 568180 493549 32968 30291 130243 4981 15661 11224 125262 93427 97361 470396 45210 34016 425186 158761 138629 61590
cat_boundaries=0 1 2 3 4 5
cat_threshold=378276 584 36 311552 360576
is_linear=0
shrinkage=0.03


Tree=84
num_leaves=31
num_cat=0
split_feature=53 72 71 59 32 112 55 112 112 121 52 128 127 113 72 121 71 113 131 124 97 107 121 128 71 45 65 116 53 52
split_gain=20743 4790.06 3944.94 2528.77 1531.25 1380.19 1349.4 1679.17 1341.97 1627 1545.1 1459.94 1419.13 1315.81 2827.7 1307.5 1295.47 1269.85 1523.5 1455.74 1314.56 2350.52 1269.57 1257.08 1639.76 1141.75 1140.75 1109.87 1109.81 1318.24
threshold=4254.5000000000009 1154.5000000000002 228.50000000000003 1.5000000000000002 4.5000000000000009 -1.0000000180025095e-35 10.500000000000002 0.93301269412040722 -0.68301269412040699 5.5000000000000009 1094.5000000000002 19.500000000000004 4.5000000000000009 -0.25000000000000006 193.50000000000003 15.500000000000002 12.500000000000002 -0.25000000000000006 2111.5000000000005 13.500000000000002 1273.5000000000002 0.32071428000926977 7.5000000000000009 1.5000000000000002 4.5000000000000009 1.9096992611885073 6.5000000000000009 127.00000000000001 1754.5000000000002 3792.5000000000005
decision_type=2 2 2 2 2 2 8 2 2 2 2 2 2 2 2 2 2 2 2 2 10 2 2 2 2 8 2 8 2 2
left_child=3 13 6 4 5 8 25 -8 10 26 16 12 -11 14 -2 27 22 19 20 -12 -19 -22 -1 24 -9 -3 -10 -5 -7 -30
right_child=1 2 -4 15 -6 28 7 23 9 11 17 -13 -14 -15 -16 -17 -18 18 -20 -21 21 -23 -24 -25 -26 -27 -28 -29 29 -31
leaf_value=-0.0015414696732141046 0.07415890120356497 0.038903346205488083 -0.0024983526947428402 0.00042067811537440866 0.0083575333193086042 0.0028590376956317406 -0.025176529033907588 0.090785167212253728 -0.010936486280333346 0.00012054466023378322 -0.0046927303943454261 -0.014943832083864758 0.018307191339464689 0.0028073698626996995 -0.029692219506725952 0.001911307462592726 0.00080001498363836741 0.0062506123193050277 -0.022693627394103421 0.021550613681658767 0.017603917411589544 0.079876798017507342 -0.016796949712193546 -0.014985179466898795 0.0027204648950732296 -0.011036131783275002 0.0011861215956027443 0.014634224138877943 -0.0051338697300621896 0.026328443360726664
leaf_weight=12027.857174407691 691.96190133877099 453.56332412548363 11645.090591894463 6104.7507867440581 25889.314329896122 253377.27793481201 41739.573019709438 235.41311438754201 31477.568975454196 31645.205275095068 12050.525916478597 4999.8780505172908 4388.2437431979924 5582.7301514493302 348.70317858457565 18444.0612085592 72439.938305303454 11123.061708746478 1127.8855315018445 2248.604311497882 7849.4476723894477 577.63878460787237 8288.5535059608519 3047.2774141635746 850.15991482418031 3706.0555927306414 8975.8103678524494 26015.326943974942 24959.021883885376 1249.1330556115136
leaf_count=19208 3096 2075 93809 13712 61411 494379 188282 1752 47066 65155 24212 7910 10730 23519 1438 44724 139965 28287 1857 6787 18254 2524 10735 14224 4302 8502 18895 86924 58712 6562
internal_value=-9.16844e-06 -0.0156241 -0.0182274 0.00187784 0.00124883 0.000872157 -0.0218872 -0.0233707 -0.000970619 -0.00397852 0.000948413 0.000230697 0.00233982 0.008609 0.0394094 0.00827902 -0.00107782 0.00632057 0.0110722 -0.000553667 0.0130308 0.0219621 -0.0077705 -0.00511579 0.0224722 -0.00551051 -0.00824709 0.0119338 0.00225114 -0.00362484
internal_weight=633560 68300.5 61677.1 565259 514695 488806 50032 45872.4 209220 81486.7 127734 41033.3 36033.4 6623.4 1040.67 50564.1 92756.3 34977.2 20678 14299.1 19550.1 8427.09 20316.4 4132.85 1085.57 4159.62 40453.4 32120.1 279585 26208.2
internal_count=1509008 340999 312946 1168009 1022649 961238 219137 208560 401585 149756 251829 83795 75885 28053 4534 145360 169908 81921 50922 30999 49065 20778 29943 20278 6054 10577 65961 100636 559653 65274
is_linear=0
shrinkage=0.03


Tree=85
num_leaves=31
num_cat=4
split_feature=114 103 114 51 54 35 90 92 121 121 102 127 114 74 126 22 114 124 127 120 53 121 131 53 51 52 35 49 66 73
split_gain=23678.6 4285.4 3859.27 1959.68 2005.42 1540.22 1693.06 1737.25 1537.67 1938.35 1506.82 1463.03 1399.81 1719.45 1357.26 1403.7 1331.88 1267.52 1596.97 1378.87 2060.32 2289.87 1308 1147.41 1540.97 1537.06 1103.74 1227.02 1160.19 1178.13
threshold=0 1.0000000180025095e-35 1 987.50000000000011 438.50000000000006 1.0000000180025095e-35 1450.0000000000002 7194.5000000000009 37.500000000000007 59.500000000000007 11.500000000000002 9.5000000000000018 2 0.44455881416797643 1.0000000180025095e-35 1.5000000000000002 3 4.5000000000000009 2.5000000000000004 2.5000000000000004 1956.5000000000002 8.5000000000000018 56.500000000000007 1588.5000000000002 1437.5000000000002 1959.5000000000002 12.500000000000002 3.2918732166290288 21.500000000000004 0.14436650276184085
decision_type=9 2 9 2 2 2 2 2 2 2 2 2 9 2 2 2 9 2 2 2 2 2 2 2 2 2 2 10 2 2
left_child=12 2 14 4 -4 6 -6 -8 16 -10 26 -7 13 -1 15 -2 17 18 19 20 -5 -22 -20 24 -19 -25 28 -28 29 -3
right_child=1 10 3 8 5 11 7 -9 9 -11 -12 -13 -14 -15 -16 -17 -18 23 22 -21 21 -23 -24 25 -26 -27 27 -29 -30 -31
leaf_value=-0.01919582835527749 3.5550204416165889e-05 0.0035713528146810915 -0.00081722052687191384 -0.0090792715112326342 -0.014949491294333851 0.0036555426942989429 0.12161607180173038 -0.028503919492040366 0.074346732755885034 0.0044816648157564665 0.027065510904266014 -0.027442268143788601 -0.028946371909727868 0.024144036993415319 0.0065357778290389247 0.017063948885104617 -0.017920492976607385 0.012216432177247527 -0.012512010297744895 -0.032598216612402475 0.060525973510191483 -0.014518716316699654 0.036239989958361932 0.052038431212682631 -0.032650308935321802 -0.018922239741570104 0.028618003582168591 -0.0039828715179463696 -0.0098311836839328984 0.01054879499222337
leaf_weight=21342.781944135204 223941.54665482789 194179.76074489765 22055.654316725209 8411.9633288234472 38657.862175161019 8539.8834192529321 155.13527098111808 114.18672205135226 558.71396892145276 965.62753602862358 2643.1200756132603 1609.4803052311763 17411.583880747668 848.69735321868211 37338.236640762538 4433.2679088935256 3400.594103237614 5157.2081119604409 734.50671055167913 1685.9846191480756 862.46365815401077 624.77046023309231 1484.9215437658131 1159.3386514335871 785.19946151971817 353.33776973187923 3332.1630094144493 1504.5767698790878 5305.985054153949 24525.431955590844
leaf_count=84132 415140 376549 91369 11636 140564 31529 2123 2869 2432 1884 13902 2256 99612 3610 81043 14091 8236 10269 861 943 3130 679 4321 4255 561 419 11093 4014 11560 75219
internal_value=-0.000100772 0.00139575 -0.000638135 -0.00574859 -0.00833179 -0.0117081 -0.0144212 0.0592266 0.00126715 0.0304068 0.00458529 -0.00129809 -0.0225559 -0.0175203 0.00123387 0.000366842 -0.000545679 0.002248 -0.00313437 -0.00760322 -0.00331759 0.0291141 0.020122 0.0122084 0.00624308 0.0354477 0.00432448 0.0184895 0.00401782 0.00435424
internal_weight=634124 594521 363030 97316.8 71132.2 49076.5 38927.2 269.322 26184.6 1524.34 231491 10149.4 39603.1 22191.5 265713 228375 24660.3 21259.7 13804.6 11585.2 9899.2 1487.23 2219.43 7455.08 5942.41 1512.68 228848 4836.74 224011 218705
internal_count=1510301 1322947 830610 320336 270710 179341 145556 4992 49626 4316 492337 33785 187354 87742 510274 429231 45310 37074 21570 16388 15445 3809 5182 15504 10830 4674 478435 15107 463328 451768
cat_boundaries=0 1 2 3 4
cat_threshold=666128 377216 8720 1056
is_linear=0
shrinkage=0.03


Tree=86
num_leaves=31
num_cat=5
split_feature=114 114 98 103 53 72 72 114 114 74 113 103 113 71 97 53 71 74 73 120 70 74 71 66 129 32 97 116 53 114
split_gain=22957.3 3899.35 2667.12 2433.99 2370.9 1934.14 1733.78 1506.92 1467.75 1651.38 1396.74 1259.45 1536.53 1177.34 1075.75 1061.56 1151.98 1034.49 1465.34 1713.84 1020.43 1585.52 1599.44 1096.16 1005.64 993.083 984.249 1150.97 980.786 3150.82
threshold=0 1 118.40934371948244 1.0000000180025095e-35 2884.5000000000005 1244.5000000000002 739.50000000000011 2 3 0.16250202059745791 1.0000000180025095e-35 1.0000000180025095e-35 0.93301269412040722 270.50000000000006 2835.5000000000005 2695.5000000000005 2.5000000000000004 0.16250202059745791 0.017247577197849754 9.5000000000000018 52.500000000000007 0.12110048159956933 192.50000000000003 1.5000000000000002 36.500000000000007 1.0000000180025095e-35 341.50000000000006 8.5000000000000018 1063.5000000000002 4
decision_type=9 9 10 2 2 2 2 9 9 2 2 2 2 2 10 2 2 2 2 2 2 2 2 2 2 2 10 10 2 9
left_child=6 2 28 4 7 10 8 20 9 -1 -6 -4 -13 -7 15 -5 -17 18 19 -9 21 22 -3 -22 -15 -21 -8 -28 -2 -30
right_child=1 3 11 14 5 13 26 17 -10 -11 -12 12 -14 24 -16 16 -18 -19 -20 25 23 -23 -24 -25 -26 -27 27 -29 29 -31
leaf_value=-0.01351144412603876 0.0073208813857246662 0.0072270614758570455 0.00040479953189058199 0.00066916189153553565 0.068448493466367361 -0.019881209358203034 -0.025471829348382644 -0.0070831464186582637 -0.030017124693814498 0.048890478642539405 0.0031440735508870207 0.0029051570327881162 0.012578028837941905 0.0012652759829672817 0.025126123790047524 0.067861882402727086 0.012048249290891183 0.0092762962259640945 -0.01723976051806593 0.02724032446072255 -0.019776183069570578 -0.0075821833249072271 0.060203056512215129 0.0002755618232626157 -0.02565923637848333 -0.028052571265243111 0.016654567877200297 -0.021933104927646926 0.0034822095572124103 0.043880798276986981
leaf_weight=703.74880152475089 49751.835036665201 20583.061633462086 222195.57906783745 34718.17085243389 332.80152918677777 17197.678857461549 33533.392539591528 18585.473240595311 786.6277026636526 815.12686700746417 2111.4941564099863 154875.4270253256 16331.030743505806 5222.6764760045335 1931.1324364356697 365.6432350166142 2994.0840183235705 3145.5067195668817 11661.587062459439 2103.3413220960647 3659.4858460668474 7396.8672558031976 516.30002120696008 7404.4038383327425 1630.3716162536293 330.96607620641589 1110.9613240417093 1826.196740206331 4522.859575163573 2811.2170804217458
leaf_count=1996 145314 39629 398120 63082 1647 67001 171008 43542 2990 3115 12286 304333 36489 48676 6273 1405 9808 10801 39103 8517 6266 10683 1876 13506 31243 556 2991 5138 10780 8935
internal_value=-5.59259e-05 0.00140823 0.00277422 -0.00292843 -0.00539074 -0.0131086 -0.0224129 -0.00267688 0.00280044 0.0199477 0.0122782 0.00189484 0.00382851 -0.0156928 0.00334085 0.0022297 0.0183059 -0.00713187 -0.00871566 -0.00398061 0.00135994 0.00436227 0.00855129 -0.00636861 -0.00516824 0.0196387 -0.0240132 -0.00733058 0.00883348 0.0190705
internal_weight=631155 592379 450488 141891 101882 26495 38776.1 75387 2305.5 1518.88 2444.3 393402 171206 24050.7 40009 38077.9 3359.73 35826.9 32681.4 21019.8 39560.1 28496.2 21099.4 11063.9 6853.05 2434.31 36470.6 2937.16 57085.9 7334.08
internal_count=1507109 1319871 903971 415900 335332 160853 187238 174479 8101 5111 13933 738942 340822 146920 80568 74295 11213 102519 91718 52615 71960 52188 41505 19772 79919 9073 179137 8129 165029 19715
cat_boundaries=0 1 2 3 4 5
cat_threshold=666128 361856 16448 8720 65664
is_linear=0
shrinkage=0.03


Tree=87
num_leaves=31
num_cat=2
split_feature=52 57 103 52 55 57 74 124 113 131 69 73 100 93 49 100 116 124 70 100 69 70 55 131 55 120 41 26 49 52
split_gain=18099.5 2990.72 2813.3 2459.5 2127.49 2035.51 1687.92 1557.67 1533 1766.54 1455.78 1413.08 1289.65 1155.18 1261.68 1138.42 1287.02 1573 1532.6 1117.78 1176.76 1332.03 1066.72 983.138 1028.3 1878.77 1028.13 945.531 1094.14 967.143
threshold=4266.5000000000009 0 1.0000000180025095e-35 50.500000000000007 10.500000000000002 1 0.25570955872535711 53.500000000000007 -0.93301269412040699 96.500000000000014 13.500000000000002 0.27633853256702429 688.00979614257824 3719.5000000000005 5.7176034450531015 1409.4046020507815 72.500000000000014 12.500000000000002 1.5000000000000002 -2108.0378417968745 69.500000000000014 7.5000000000000009 0.074999999254941954 1858.5000000000002 0.014999999664723875 5.5000000000000009 1.0000000180025095e-35 2.5000000000000004 3.395272016525269 1367.5000000000002
decision_type=2 9 2 2 10 9 2 2 2 2 2 2 10 2 10 8 10 2 2 10 2 2 8 2 10 2 2 2 8 2
left_child=2 4 3 -1 7 8 22 23 9 15 -8 19 13 -10 -15 16 -5 18 -18 -4 27 -22 -3 24 -2 -26 -27 -21 29 -29
right_child=1 6 11 5 -6 -7 10 -9 12 -11 -12 -13 -14 14 -16 -17 17 -19 -20 20 21 -23 -24 -25 25 26 -28 28 -30 -31
leaf_value=0.0073630077818022119 -0.0044208839775103492 0.0083337979904975733 0.027840976638236099 0.0082634788158573412 -0.024410557331786872 0.0025498839305662458 0.031078304085501246 0.057172836002672645 -0.020858284028871212 -0.0072502723345862635 -0.013807397249617709 0.019580134406710924 -0.0098883972514299569 -0.002292856347712445 0.038474922914159403 -0.017079006619594744 0.057669735163128913 0.083849365380077465 0.010059465983455321 0.0037572115521222892 0.023574324761221673 -0.0089177380565944597 -0.022134489561831307 -0.02340553222734219 0.0067710081537742375 0.13394192442054764 0.026040420227715546 0.012988403447510465 -0.01941984109120971 0.05834563388710555
leaf_weight=36274.803216386586 12891.405337401666 1058.036734720692 1736.7988715097308 6213.0594156626612 4641.809700393118 101603.48421056196 1027.0634386846796 385.71899537555873 3006.3363157380372 5783.7906925305724 1734.1085458993912 5311.3027354180813 24323.906185282394 154703.05325992499 676.2751453910023 996.93481685966253 833.36176053807139 434.88626237772405 2206.1976186763495 196190.42707914114 1262.0222254544497 10597.27707535401 38311.327305352315 1890.8789865523577 2970.9355154242367 159.60667972639203 160.83874001353979 11224.149378657341 902.71348352730274 430.79056445509195
leaf_count=88854 55240 2939 5257 13861 24471 191020 3460 2441 30120 14003 14505 23653 59736 274874 2476 2712 2985 2031 5204 398419 2965 18686 187644 29173 18036 1753 1178 28283 1221 1553
internal_value=-3.34814e-06 -0.014964 0.00172504 -1.51965e-05 -0.00627587 -0.000905237 -0.0197192 -0.00170835 -0.00266778 0.00609615 0.00294048 0.00430145 -0.00345814 -0.00247006 -0.00211295 0.013321 0.0164638 0.0310619 0.0232592 0.00393561 0.00374616 -0.00544311 -0.0213138 -0.00299589 -0.000598138 0.0143425 0.0822107 0.00426845 0.0122463 0.0147135
internal_weight=629943 65231.7 564712 337056 23101.2 300781 42130.5 18459.4 199178 16468.2 2761.17 227655 182710 158386 155379 10684.4 9687.51 3474.45 3039.56 222344 220607 11859.3 39369.4 18073.7 16182.8 3291.38 320.445 208748 12557.7 11654.9
internal_count=1508753 340840 1167913 687876 132292 599022 208548 107821 408002 40796 17965 480037 367206 307470 277350 26793 24081 10220 8189 456384 451127 21651 190583 105380 76207 20967 2931 429476 31057 29836
cat_boundaries=0 1 2
cat_threshold=618762377 2856460673
is_linear=0
shrinkage=0.03


Tree=88
num_leaves=31
num_cat=0
split_feature=53 72 71 103 53 93 55 112 100 100 100 100 103 66 68 113 72 124 71 131 74 68 113 72 42 102 112 128 71 116
split_gain=17203.3 4350.71 3650.94 2551.96 1863.91 1701.56 1576 1431.6 2348.91 1425.53 1351.28 1333.04 1205.5 1518.42 1255.52 1117.35 1986.66 1114.72 1121.76 1231.91 1222.05 1455.98 1109.51 2299.1 1092.55 1033.62 1029.88 1046.82 2134.94 1011.28
threshold=4254.5000000000009 1132.5000000000002 228.50000000000003 2.5000000000000004 44.500000000000007 3719.5000000000005 0.095000002533197417 -1.0000000180025095e-35 -246.92572021484372 71.29264068603517 -4608.4233398437491 4115.3156738281259 1.0000000180025095e-35 1.5000000000000002 1.5000000000000002 -0.93301269412040699 1349.5000000000002 9.5000000000000018 67.500000000000014 2428.5000000000005 1.0000000180025095e-35 1.5000000000000002 -0.25000000000000006 193.50000000000003 4.5000000000000009 10.500000000000002 0.93301269412040722 1.5000000000000002 3.5000000000000004 526.50000000000011
decision_type=2 2 2 2 2 2 10 2 8 8 8 10 2 2 2 2 2 2 2 2 2 2 2 2 2 2 2 2 2 10
left_child=3 22 10 4 9 6 11 8 17 -1 -3 -6 13 14 15 16 -9 -7 19 20 -19 -22 23 -2 25 -5 -12 28 -28 -24
right_child=1 2 -4 24 5 7 -8 12 -10 -11 26 -13 -14 -15 -16 -17 -18 18 -20 -21 21 -23 29 -25 -26 -27 27 -29 -30 -31
leaf_value=0.02001384078964933 0.065839102943543379 -0.0056374631757089757 -0.0022517963728161997 0.0058413294245826981 -0.019289933355266225 0.0012441047595575711 0.075379783123453142 -0.034836097220413781 -0.0035091530574673908 0.0044901259474698233 -0.024354964532180973 0.047868803320275384 0.0048189865025765419 0.003720924178288414 -0.0085061518742152991 -0.0016860266580926498 0.012901433493669115 -0.0012561076621733251 0.0016074471017899163 -0.028167528031121075 0.035872924022851652 0.00072318726330164299 6.1966727225361902e-05 -0.029580636687517581 0.046259268180213441 0.021072053160753699 0.10627232611323639 -0.017762533830124067 -0.0028165827387160326 0.059878717123066444
leaf_weight=6054.4455986768007 726.0759523678571 4558.9672103915364 11464.498120266013 56988.065378144383 6592.6133560948074 38706.075320426375 162.09555437043309 845.7730105817318 139026.96683593746 43698.934359803796 37936.351920533925 267.82831564545631 87719.949839761481 73137.73442918621 20989.984604925849 62952.078760753386 9474.2275436138734 1679.8124904725701 6402.4228419084102 472.56735626794398 4558.8048482574522 1381.7937906067818 5230.1296871118248 321.81400601286441 632.20380162447691 4306.0275331288576 187.14220022596419 2785.1071998691186 889.42212127801031 257.37564665265381
leaf_count=24886 3050 14867 94063 129897 52492 68782 1541 560 246148 95434 184602 1290 172888 146525 37904 110964 22565 2911 13332 317 12944 2296 21790 1443 3022 20864 1401 13611 4483 1518
internal_value=-9.42499e-05 -0.0147906 -0.0174128 0.00157688 0.000870819 0.000267129 -0.0143749 0.000497298 -0.00145777 0.00638284 -0.021161 -0.0166022 0.00197041 0.000477515 -0.00203917 -0.000185685 0.00895918 0.00390258 0.0109956 0.0184115 0.0213331 0.027712 0.00840012 0.0365324 0.00732365 0.00691458 -0.0228524 -0.00806647 0.0169502 0.00297132
internal_weight=630407 64356.9 57821.5 566050 504124 454371 7022.54 447348 192228 49753.4 46357 6860.44 255120 167400 94262.1 73272.1 10320 53201.5 14495.4 8092.98 7620.41 5940.6 6535.4 1047.89 61926.3 61294.1 41798 3861.67 1076.56 5487.51
internal_count=1508390 340828 313027 1167562 1013779 893459 55323 838136 346730 120320 218964 53782 491406 318518 171993 134089 23125 100582 31800 18468 18151 15240 27801 4493 153783 150761 204097 19495 5884 23308
is_linear=0
shrinkage=0.03


Tree=89
num_leaves=31
num_cat=0
split_feature=52 55 74 34 100 131 49 55 71 100 113 71 73 71 52 51 131 98 74 52 51 124 73 71 98 131 120 51 59 55
split_gain=16670.4 2555.8 2851.96 2314.42 1988.32 1940.48 1531.46 1490.16 1433.57 1234.73 1232.89 1224.1 1165.57 1106.08 1035.45 1575.02 1285.56 1174.54 1151.55 985.439 1126.2 984.358 1979.93 2293.68 1319.36 1060.17 1453.34 1356.38 1181.63 1574.79
threshold=4266.5000000000009 10.500000000000002 0.25570955872535711 1.5000000000000002 432.01087951660162 332.50000000000006 2.8158626556396489 0.064999999478459372 270.50000000000006 -5301.7583007812491 -0.93301269412040699 26.500000000000004 0.23653645813465121 4.5000000000000009 1611.5000000000002 1437.5000000000002 23.500000000000004 2222.299926757813 1.9447907209396365 313.50000000000006 914.50000000000011 9.5000000000000018 0.19688432663679126 52.500000000000007 393.83172607421881 1.0000000180025095e-35 5.5000000000000009 1500.5000000000002 1.0000000180025095e-35 3.5000000000000004
decision_type=2 8 2 2 8 2 8 8 2 10 2 2 2 2 2 2 2 10 2 2 2 2 2 2 10 2 2 2 2 10
left_child=3 6 8 4 7 14 9 -1 -3 -2 13 -4 -5 -9 15 16 19 -17 -18 -6 -21 25 23 -23 -25 -12 28 -28 -27 -30
right_child=1 2 11 12 5 -7 -8 10 -10 -11 21 -13 -14 -15 -16 17 18 -19 -20 20 -22 22 -24 24 -26 26 27 -29 29 -31
leaf_value=-0.019009258522147961 0.040372732267431939 -0.02117043183495641 0.026404230222044967 0.0082388337196498997 0.005116488110250359 0.0067642236986736092 -0.006565293980070685 0.02372963633344128 -0.00063017120424903555 -0.007582202840805281 0.0043249629952283822 -0.0053302267470640829 0.027332060301471301 0.0058819869939606244 -0.016246131990452935 0.0056605198563346873 -0.0070381028854153427 0.072971024949824534 0.021922743964392092 -0.0071056883640956119 0.019213550524553161 0.0072877718242912084 0.017549137237162987 -0.0049828015324385249 0.0053050713428759114 -0.0024140646043508017 0.005045460315366573 0.032761786437694507 0.00073052873777932042 0.015776533136304713
leaf_weight=2947.2217347789556 1291.8816374884918 43814.018708405085 1354.7694891598076 18136.249521538615 21050.379726307467 18421.015947768465 7501.7653597146273 3421.4213934764266 3288.1599256405607 764.06075184978545 61135.890281209722 5503.060710134916 3414.7702705562115 35220.665994368494 5689.8439806839451 531.77937690913677 54235.922666789964 408.29018191993237 1254.9826427977532 15343.515616634861 1607.7394470013678 54415.749147500843 9157.724465444684 33920.987195305526 16751.407724648714 138507.78422545642 18974.166339818388 1725.1175005286932 40790.751871421933 7386.0628984346986
leaf_count=31592 7751 218480 4086 51473 39026 48223 55833 8646 21302 7257 131065 26176 15757 77257 16521 1132 94790 1669 4133 26964 3832 106127 33560 57170 33352 225493 39710 4988 89969 25138
internal_value=-3.78171e-06 -0.0145736 -0.0171058 0.00163599 0.00125314 -0.00218176 -0.000274414 0.00221271 -0.019737 0.0226005 0.00236158 0.000968257 0.0112754 0.00746797 -0.0038282 -0.00307834 -0.00346853 0.0353551 -0.00637929 0.000782403 -0.00459959 0.00184588 0.00417814 0.00301139 -0.00158143 0.000853472 -0.000170068 0.0073701 -0.00100646 0.00304005
internal_weight=627967 63517.7 53960 564449 542898 118543 9557.71 424355 47102.2 2055.94 421408 6857.83 21551 38642.1 100122 94432.6 93492.5 940.07 55490.9 38001.6 16951.3 382766 114246 105088 50672.4 268520 207384 20699.3 186685 48176.8
internal_count=1508472 340885 270044 1167587 1100357 236290 70841 864067 239782 15008 832475 30262 67230 85903 188067 171546 168745 2801 98923 69822 30796 746572 230209 196649 90522 516363 385298 44698 340600 115107
is_linear=0
shrinkage=0.03


Tree=90
num_leaves=31
num_cat=2
split_feature=53 57 59 55 112 35 57 46 121 74 121 124 128 51 55 121 78 53 54 112 51 124 112 128 128 121 116 121 124 74
split_gain=15687.7 3013.1 2509.71 2037.47 1774.95 1649.73 1723.71 1539.26 1418.52 1410.75 1329.49 3621.33 2565.21 2519.15 1246.98 1244.93 1244.4 1465 3592.38 1200.28 2172.36 1189.17 1179.6 1524.45 1386.83 1969.54 1748.87 1258.17 1754.2 1269.44
threshold=4254.5000000000009 0 1.5000000000000002 10.500000000000002 0.93301269412040722 8.5000000000000018 1 0.21499999612569812 13.500000000000002 0.25570955872535711 5.5000000000000009 10.500000000000002 4.5000000000000009 1500.5000000000002 0.074999999254941954 15.500000000000002 0.055001724511384971 3777.5000000000005 8759.0000000000018 -1.0000000180025095e-35 1683.5000000000002 5.5000000000000009 -0.68301269412040699 5.5000000000000009 19.500000000000004 26.500000000000004 726.50000000000011 3.5000000000000004 14.500000000000002 0.033310217782855041
decision_type=2 9 2 10 2 2 9 10 2 2 2 2 2 2 8 2 8 2 2 2 2 2 2 2 2 2 10 2 2 2
left_child=2 3 5 7 9 6 -1 -2 10 14 13 -12 -13 -6 -3 -4 17 -8 -19 20 22 -22 27 -24 25 -25 -27 28 -18 -29
right_child=1 4 15 -5 8 -7 16 -9 -10 -11 11 12 -14 -15 -16 -17 19 18 -20 -21 21 -23 23 24 -26 26 -28 29 -30 -31
leaf_value=-0.017285098293557871 -0.0025739503454706054 0.0096791824284396463 0.011545964108292532 -0.023973963164601566 -0.014323917723712991 0.010829484161824542 -0.021160053165255464 0.050999616278236487 -0.027221398888252975 0.00011478502167712881 -0.0040717571887257933 0.040578932532486844 0.2396039376049478 0.087791644084804096 -0.023839863408456986 0.0017020438506695835 0.0026328808315968948 -0.014052873445401026 0.22433981411499895 0.0021701485448635018 0.011199785281944976 0.050125711134862 -0.0075368505328552498 -0.00032747680895459612 -0.013605613573104115 0.014498293541647054 0.07265644484820237 -0.0066908395498539762 0.026114630348148194 0.001409987435621627
leaf_weight=4788.7391847157851 17647.715317636728 1024.9898927584291 31497.310962211341 4339.4022153327242 1479.0418313583359 14562.853519390337 3642.615448826924 486.24347788095474 1063.8686449564993 2596.0670641027391 402.25022194813937 120.65520438272506 112.44107659347355 244.60419191047549 33003.865366923623 18271.759258346632 48736.41179397516 212.36715379916131 67.188685927540064 283242.48631391581 6086.1645683944225 790.98518507182598 48751.837159476243 21105.640967832878 4937.9879366466776 4570.6421701014042 509.49977802857757 30993.55565785151 3032.2614979483187 39701.186001851223
leaf_count=10754 105039 2860 100319 24380 7147 43451 43308 2785 5794 16536 2273 741 1391 1775 169954 44598 91413 3571 814 543196 12333 3010 76614 38901 7411 10435 2254 53756 8098 73234
internal_value=-7.6452e-05 -0.0143351 0.00150019 -0.00553115 -0.0192668 0.000879274 0.000589933 -0.00111011 0.00138416 -0.0212019 0.0143453 0.0510743 0.142492 0.000590206 -0.0228277 0.00793303 0.000763056 -0.0160466 0.0490116 0.000897275 -0.000825998 0.0157432 -0.00138991 -0.00422591 0.000961053 0.00371211 0.0204624 0.000460047 0.00401306 -0.00214197
internal_weight=628023 62521.1 565501 22473.4 40047.8 515732 501170 18134 3422.86 36624.9 2358.99 635.347 233.096 1723.65 34028.9 49769.1 496381 3922.17 279.556 492459 209216 6877.15 202339 79875.6 31123.8 26185.8 5080.14 122463 51768.7 70694.7
internal_count=1508145 340675 1167470 132204 208471 1022553 979102 107824 19121 189350 13327 4405 2132 8922 172814 144917 968348 47693 4385 920655 377459 15343 362116 135615 59001 51590 12689 226501 99511 126990
cat_boundaries=0 1 2
cat_threshold=618762377 2285896064
is_linear=0
shrinkage=0.03


Tree=91
num_leaves=31
num_cat=4
split_feature=53 57 73 112 57 130 75 74 71 71 75 71 100 19 113 74 131 57 131 116 75 71 57 112 112 116 131 131 98 116
split_gain=14729.9 2941.67 2193.36 1625.73 1486.82 1459.77 1471.48 1449.38 1984.74 1937.27 1381.35 2764.85 1381.26 1415.31 1236.64 1639.29 1569.69 1226.38 1190.31 1190.19 1176.49 1216.28 1174.44 1165.07 1151.1 1065.52 1127.04 2344.97 1054.41 1054.07
threshold=4254.5000000000009 0 0.17761346697807315 0.93301269412040722 1 70.500000000000014 0.0043736330699175605 0.14447789639234546 26.500000000000004 581.50000000000011 0.011909390334039928 33.500000000000007 278.72161865234381 1.0000000180025095e-35 -0.93301269412040699 0.092204261571168913 127.50000000000001 2 1.0000000180025095e-35 214.00000000000003 0.062815506011247649 86.500000000000014 3 1.0000000180025095e-35 0.68301269412040722 170.50000000000003 52.500000000000007 28.500000000000004 868.92929077148449 190.00000000000003
decision_type=2 9 2 2 9 2 2 2 2 2 2 2 8 2 2 2 2 9 2 8 2 2 9 2 2 10 2 2 8 10
left_child=2 -2 4 7 10 6 -4 9 -9 -3 11 -1 14 24 15 16 29 25 -16 -13 -20 -22 -12 -8 28 26 27 -5 -14 -6
right_child=1 3 5 17 12 -7 23 8 -10 -11 22 19 13 -15 18 -17 -18 -19 20 -21 21 -23 -24 -25 -26 -27 -28 -29 -30 -31
leaf_value=0.027957730323732492 -0.00536567735274003 -0.023870737104799401 -0.014916144668673135 0.022184429127120091 0.014106037026662105 0.019294469644699011 0.00078082141482728896 0.028034120900237783 -0.018630334608697483 0.033958006494949844 0.02163021511304971 -0.0055262149673306416 -0.00060324484693719362 0.0032940090640639417 0.0061631549618995198 -0.0073818596205268974 -0.0031899651489758814 -0.027585660474778052 -0.0026808426836142452 0.010435310351250573 0.0040439280026219005 -0.0052549493374122666 0.0017304554892696247 0.012581489629829957 0.00082922451696539816 -0.010029123461719266 -0.0023397394981580243 0.14043324080815595 -0.0086300080087328961 0.036478772001382886
leaf_weight=5759.7606602460146 22461.331650485285 31630.358779510483 2965.1484314650297 600.22441066149622 8141.896764183417 8278.563703365624 13856.844103530049 1224.1978979930282 2436.423145134002 521.72748114354908 2698.727270164527 7037.863830126822 20510.379174742848 27472.30372397881 28665.895152501762 4445.6996780280024 3764.7108413726091 969.01682126428932 95531.565018396825 10415.316924326122 65118.408892160282 15704.717389732599 147437.11967687588 16484.394252225757 27576.436787392944 1099.8275420079008 581.20607470814139 193.97980912495404 52256.165454005823 2472.1088657137007
leaf_count=25002 132390 165117 5873 3262 18999 31718 40002 3983 18647 2004 7545 12746 31644 86348 55994 7783 7678 6136 163064 27202 123930 52077 271943 54801 49909 4766 3220 1749 86755 7703
internal_value=-0.000120084 -0.0140364 0.00139602 -0.0189886 0.000870621 0.00802735 0.00522187 -0.0208862 -0.00299078 -0.0229221 0.00314432 0.00995364 -0.000250326 -0.00273838 0.0011704 0.00852709 0.0134476 0.000690881 0.000494544 0.00399947 -0.000427168 0.00223664 0.00209113 0.00719416 -0.00439011 0.0118903 0.0294496 0.0524531 -0.00636793 0.0193463
internal_weight=628312 61718.3 566594 39257 525009 41585 33306.4 35812.7 3660.62 32152.1 173349 23212.9 351660 127815 223845 18824.4 14378.7 3444.25 205021 17453.2 176355 80823.1 150136 30341.2 100343 2475.24 1375.41 794.204 72766.5 10614
internal_count=1509990 341274 1168716 208884 1036322 132394 100676 189751 22630 167121 344438 64950 691884 254656 437228 42163 34380 19133 395065 39948 339071 176007 279488 94803 168308 12997 8231 5011 118399 26702
cat_boundaries=0 1 3 4 5
cat_threshold=618762377 27893848 1 134349056 2195464
is_linear=0
shrinkage=0.03


Tree=92
num_leaves=31
num_cat=0
split_feature=53 55 74 59 112 128 131 131 127 69 47 53 92 119 128 115 53 70 55 71 20 100 71 73 69 64 55 100 45 119
split_gain=14297.2 2661.97 2526.83 2123.38 1906.97 1594.83 1971.42 1538.88 1434.51 1376.99 1266.75 1478.29 1467.16 1299.64 1278.27 2614.02 1588.82 1244.49 1195.58 1347.19 4756.56 1525.71 1096.46 1069.79 1107.63 1504.79 1064.03 991.525 915.303 912.529
threshold=4254.5000000000009 10.500000000000002 0.25570955872535711 1.5000000000000002 0.93301269412040722 1.0000000180025095e-35 29.500000000000004 1858.5000000000002 1.0000000180025095e-35 14.500000000000002 0.074999999254941954 3777.5000000000005 4087.5000000000005 1.0000000180025095e-35 8.5000000000000018 1.0000000180025095e-35 960.50000000000011 94.500000000000014 0.014999999664723875 36.500000000000007 76.500000000000014 -2108.0378417968745 14.500000000000002 0.12443868070840837 67.500000000000014 11.500000000000002 0.90999999642372142 688.00979614257824 1.3417742252349856 4.5000000000000009
decision_type=2 8 2 2 2 2 2 2 2 2 8 2 2 2 2 2 2 2 10 2 2 8 2 2 2 2 10 10 8 2
left_child=3 7 4 10 17 6 -6 8 -2 -4 11 -1 28 14 -12 27 22 -3 29 -20 21 -21 -17 26 -25 -26 -5 -16 -13 -10
right_child=1 2 9 23 5 -7 -8 -9 18 -11 13 12 -14 -15 15 16 -18 -19 19 20 -22 -23 -24 24 25 -27 -28 -29 -30 -31
leaf_value=-0.023594468260686917 -0.0040031507989758712 -0.022587986862523966 0.026000333749039952 0.00081053306918702915 0.0127840120342405 -0.0087370562239231161 0.12612446428247728 -0.022052600058019411 -0.0038198013711757228 -0.0066561777178742081 0.0012055509550000546 0.17174511190417369 -0.018498077189584867 0.0047418972607239608 -0.00026867477817157172 -0.018873333672234295 0.0035993010106299596 -0.0021829811200739643 0.0050100953589156992 0.08445741075758724 0.019628638216405519 0.23492769501906266 -0.0062542696380683193 0.013490512355561222 -0.022853432343890707 0.032378874227097142 0.023111550489248334 0.014377079858453779 0.019718286686741505 0.066124808591120993
leaf_weight=3096.5078512839973 4272.1916773058474 37684.075601422228 1471.1924023898318 21962.065597094595 605.78487759362906 3226.4615866234526 169.99418999068439 2060.7364238277078 1392.8056808896363 5383.7404954629019 345904.11282249074 81.218712287023664 156.796930488199 70472.147166830488 60190.758030267432 13783.356865160167 6346.2623672988266 2899.2167216436937 557.20677416957915 131.43696127273142 659.263906320557 139.20146062411368 11278.579643590376 23544.319132857025 1683.0695160627365 592.15318438410759 2100.6465959139168 4459.1573060955852 63.256268626078963 180.74816140159965
leaf_count=39656 20517 197255 4584 44093 3068 17006 1560 30039 8041 25491 651493 1265 2254 150716 111841 19074 14461 20884 1544 728 7451 1463 19600 87169 3270 2958 7701 12381 1026 1075
internal_value=-7.70989e-05 -0.0138954 -0.0165767 0.00140907 -0.0191833 0.00057243 0.038909 0.00078936 0.00722988 0.000380164 0.000837454 -0.0173928 0.0450585 0.00095867 0.000355329 -0.00270611 -0.00980484 -0.0211312 0.0228713 0.0420647 0.0639787 0.167464 -0.0131992 0.00731885 0.011559 -0.0083998 0.00276618 0.000743567 0.110768 0.00458131
internal_weight=626548 60834.1 51440.5 565714 44585.5 4002.24 775.779 9393.59 7332.85 6854.93 515832 3397.78 301.272 512434 441962 96058.1 31408.2 40583.3 3060.66 1487.11 929.902 270.638 25061.9 49882.3 25819.5 2275.22 24062.7 64649.9 144.475 1573.55
internal_count=1509664 340706 269848 1168958 239773 21634 4628 70858 40819 30075 1023767 44201 4545 979566 828850 177357 53135 218139 20302 11186 9642 2191 38674 145191 93397 6228 51794 124222 2291 9116
is_linear=0
shrinkage=0.03


Tree=93
num_leaves=31
num_cat=0
split_feature=52 72 99 103 52 70 115 51 93 96 51 121 74 124 97 100 97 100 102 97 52 127 20 47 99 119 70 68 20 131
split_gain=13471 4203.19 2775.18 2501.72 1822.42 1570.01 1559.08 1670.42 1568.41 1575.68 1557.24 1454.66 1753.6 1552.51 1858.01 1658.52 1656.16 1624.77 1393.11 1293.88 1970.74 1390.01 1254.12 1183.31 1529.39 1241.17 1133.77 1102.52 1506.31 1097.99
threshold=4266.5000000000009 1161.5000000000002 2.8167923688888554 1.0000000180025095e-35 43.500000000000007 116.50000000000001 1.0000000180025095e-35 1001.5000000000001 3719.5000000000005 0.020000002346932892 96.500000000000014 37.500000000000007 0.035723149776458747 4.5000000000000009 1726.5000000000002 -95.717876434326158 1801.5000000000002 388.42846679687506 11.500000000000002 2256.5000000000005 1611.5000000000002 2.5000000000000004 78.500000000000014 4.5000000000000009 1.6677572131156924 2.5000000000000004 993.00000000000011 38.500000000000007 29.500000000000004 146.50000000000003
decision_type=2 2 10 2 2 2 2 2 2 8 2 2 2 2 10 10 10 10 2 8 2 2 2 8 8 2 2 2 2 2
left_child=3 -2 5 4 -1 -3 8 10 9 -6 -8 13 -13 17 15 -15 -16 19 27 21 -21 29 26 24 -10 -25 -7 28 -5 -9
right_child=1 2 -4 18 6 22 7 11 23 -11 -12 12 -14 14 16 -17 -18 -19 -20 20 -22 -23 -24 25 -26 -27 -28 -29 -30 -31
leaf_value=0.006481744833973891 0.0093234512761193149 -0.021544044799215779 -0.0018819998522149359 0.0034110983687744914 -0.017804291283243692 0.0037316991558737499 -0.00027055129741689613 -0.0028742834907951021 0.0064424671563011477 0.062538033942915489 -0.0083606453696391959 0.066415315128107527 -0.0017725782331316298 0.015618143374656385 0.091681274532415286 -0.014741188902368816 0.0048639563753286267 -0.028336229765766087 0.026049795283837468 -0.0081709886474565473 0.046203013486052089 0.017579918424695629 -0.017717460641545356 0.00057598158724023987 0.10771564893786437 0.012924942616194673 0.061611924905750855 -0.0064878070969776568 0.015615232817983254 -0.023695023064421328
leaf_weight=32145.749290801585 6411.9991039345041 39177.019742650911 9744.7420877506956 206383.60087263025 5536.4280716516078 1839.497209880501 32732.498684790917 10086.404053293169 362.95387421362102 219.11679810099304 61919.298336378299 680.44654458761215 666.68636682629585 5817.829118937254 456.61159480363131 2233.7897680029273 345.25852451473475 2114.1134022492915 2485.3618193268776 1156.9391069412231 1230.3032577708364 2318.9913033246994 2483.8205279223621 166831.46206319798 204.23984094336629 7651.522971755825 355.39362648688257 9500.930975228548 9513.1896140873432 2936.5223915874958
leaf_count=79515 28286 210341 50282 416441 49266 11025 73150 14798 1959 2381 99726 2691 1044 13679 2066 2428 687 2798 13930 1640 4295 5265 39037 308435 1934 18074 1926 19235 30385 2339
internal_value=-0.000106614 -0.0136199 -0.0163657 0.00132759 -0.000311638 -0.0195829 -0.00102665 -0.00360715 0.000753145 -0.0146425 -0.00556325 0.00255524 0.0329052 0.00111953 0.0115588 0.00718761 0.054821 -0.00354163 0.0037563 -0.000570696 0.0199274 -0.00377115 -0.00315008 0.00126015 0.0441442 0.00111822 0.0133405 0.00350933 0.00394955 -0.0075837
internal_weight=625543 60012.5 53600.5 565530 337647 43855.7 305501 124696 180806 5755.54 94651.8 30043.9 1347.13 28696.8 8853.49 8051.62 801.87 19843.3 227883 17729.2 2387.24 15341.9 4678.71 175050 567.194 174483 2194.89 225398 215897 13022.9
internal_count=1509058 340897 312611 1168161 688170 262329 608655 226606 382049 51647 172876 53730 3735 49995 18860 16107 2753 31135 479991 28337 5935 22402 51988 330402 3893 326509 12951 466061 446826 17137
is_linear=0
shrinkage=0.03


Tree=94
num_leaves=31
num_cat=6
split_feature=114 114 97 97 72 112 114 51 69 114 131 116 73 121 123 112 57 114 71 51 97 20 54 121 116 112 51 131 97 71
split_gain=17846 2720.06 1928.47 1880.16 1707.92 1624.6 1642.32 3066.82 1615.21 1504.6 1496.14 1778.05 1953.94 1644.12 1467.81 1396.31 1357.96 1625.25 1574.04 1348.93 1939.71 1540.29 1422.78 1361.08 1522.56 1566.95 1922.37 1306.87 1268.69 1262.14
threshold=0 1 288.50000000000006 70.500000000000014 748.50000000000011 0.93301269412040722 2 1084.5000000000002 9.5000000000000018 3 232.50000000000003 203.50000000000003 0.032730996608734138 62.500000000000007 1.0000000180025095e-35 -1.0000000180025095e-35 4 5 28.500000000000004 1328.5000000000002 2397.5000000000005 30.500000000000004 1507.5000000000002 16.500000000000004 630.00000000000011 -1.0000000180025095e-35 1649.5000000000002 25.500000000000004 1695.0000000000002 62.500000000000007
decision_type=9 9 10 10 2 2 9 2 2 9 2 8 2 2 2 2 9 9 2 2 10 2 2 2 10 2 2 2 10 2
left_child=4 3 16 10 9 -6 7 -7 14 -1 11 12 -2 -12 15 -5 17 -3 -19 21 23 22 -4 24 -21 26 28 -24 -26 -10
right_child=1 2 19 8 5 6 -8 -9 29 -11 13 -13 -14 -15 -16 -17 -18 18 -20 20 -22 -23 27 -25 25 -27 -28 -29 -30 -31
leaf_value=0.020814815974567101 0.048461873052015381 -0.0016467901665677563 0.00079411551485053186 -0.0014338263043643738 -0.025290370532473856 0.00091931039471176718 -0.029848232876347816 0.11789295977671913 -0.0084117542487664645 -0.030082187130885965 0.018065107242749609 0.00084816229907851907 0.0090632964956520942 -0.0023875852183830961 0.0075174341034882335 0.0039956949651503036 -0.0081346408171702102 0.077050557536969572 0.0092275348990240019 -0.0056112004833716181 0.038038426078848747 0.015478314859017342 0.0021937919520606036 0.027350852504190806 -0.035753540838158578 0.034521974882316349 0.026406432962119815 -0.012616087373017764 0.010083987305612951 2.5774979011728068e-05
leaf_weight=1531.4784959936514 1187.0370029434562 27346.174115279689 60278.293911468238 76936.218626350164 28474.529800990596 1679.6909129843116 1180.210234740749 219.28060274384916 20632.058558281511 768.70698640495539 15956.645976282656 45179.291484547779 21418.590522319078 4541.2485765293241 47746.91516770795 95574.6787273027 52741.951997852884 450.55919468123466 939.43109841458499 9454.9149498306215 1749.9923149608076 4975.7939334567636 7950.6450835661963 2142.272610668093 1251.9577898085117 2100.182460129261 1687.8226645588875 16447.13675641641 948.2477403357625 70282.606017332524
leaf_count=5191 3887 52574 109259 138928 162538 7217 7562 1685 28362 3027 46803 99101 56656 9649 99139 191442 230446 2135 2400 14775 5170 29731 14734 6080 834 6270 4666 27037 1817 139233
internal_value=-5.18605e-05 0.00116403 -0.00178598 0.00257065 -0.0212275 -0.0230526 -0.00234374 0.0148954 0.00147433 0.00370867 0.00643455 0.00428575 0.0111527 0.0135349 0.00286292 0.0015743 -0.00527707 -2.84842e-05 0.0313812 0.000824019 0.00800857 -0.000726207 -0.00168014 0.00500026 0.00188409 0.0137082 0.00240556 -0.00779099 -0.0160422 -0.00188974
internal_weight=623775 589921 190465 399455 33853.9 31553.7 3079.18 1898.97 311172 2300.19 88282.8 67784.9 22605.6 20497.9 220258 172511 81478.1 28736.2 1389.99 108987 19335.4 89651.9 84676.1 17585.4 15443.1 5988.21 3888.03 24397.8 2200.21 90914.7
internal_count=1508348 1321128 507928 813200 187220 179002 16464 8902 597104 8218 216096 159644 60543 56452 429509 330370 287555 57109 4535 220373 39612 180761 151030 34442 28362 13587 7317 41771 2651 167595
cat_boundaries=0 1 2 3 4 5 6
cat_threshold=666128 360832 8720 8720 2728008 17408
is_linear=0
shrinkage=0.03


Tree=95
num_leaves=31
num_cat=6
split_feature=114 55 114 55 49 51 29 74 72 112 114 51 97 100 128 72 74 114 74 114 97 116 116 75 114 131 102 116 74 130
split_gain=16953.3 3405.54 2117.5 1941.65 2822.41 1788.51 1747.48 1678.31 1592.07 1676.51 1643.97 2644.65 1578.17 1659.48 1595.89 1464.48 1530.58 1341.46 1498.08 1227.45 1628.13 1128.91 2029.76 1233.56 2163.16 1722.41 1333.93 1223.34 1230.59 1090.26
threshold=0 10.500000000000002 1 0.095000002533197417 4.0927364826202401 1310.5000000000002 3.5000000000000004 0.011113683693110945 748.50000000000011 0.93301269412040722 2 1128.5000000000002 2397.5000000000005 82.95005035400392 2.5000000000000004 1410.5000000000002 0.89015874266624462 3 0.16250202059745791 4 2202.0000000000005 130.50000000000003 145.00000000000003 0.011909390334039928 5 158.50000000000003 2.5000000000000004 20.500000000000004 0.46679636836051946 387.50000000000006
decision_type=9 10 9 10 10 2 2 2 2 2 9 2 10 10 2 2 2 9 2 9 8 10 10 2 9 2 2 10 2 2
left_child=8 2 6 5 29 7 15 -4 17 -10 11 -11 13 19 -15 -2 21 18 -1 20 -7 27 -23 24 -24 -25 -27 -17 -29 -5
right_child=1 -3 3 4 -6 12 -8 -9 9 10 -12 -13 -14 14 -16 16 -18 -19 -20 -21 -22 22 23 25 -26 26 -28 28 -30 -31
leaf_value=-0.013747360640809192 0.0094440348053176828 -0.019647586069486855 -0.007448438316372292 0.12071131917373012 -0.011178166584807664 0.0079977710430634789 0.018676198205439334 -0.00071124403031367711 -0.025140567853257429 0.0022249763610972298 -0.029831599195094299 0.11025924342880605 0.032659857251229739 -0.029328650568459212 0.018392918336855812 0.0024503102876765707 -0.0042365180142242709 -0.030004866652154627 0.044740328312792108 -0.011103890248870671 0.052246422808601901 0.032037160838055405 0.02388226633010632 -0.00015831657010203487 0.0024719571258138865 0.019628169648574851 0.005228320193448128 -0.0017957510862865746 -0.025848279943803683 0.020057625908483149
leaf_weight=706.0792052494362 23913.436191666871 7065.9624737733975 49014.902401131578 334.80443542450666 466.76233614422381 15870.861125335097 5902.5555601865053 103610.76561905909 27745.772128725424 1721.0390957873315 1161.193915553391 221.41431150771677 1819.3613029420376 2313.6499565988779 857.86605981551111 165043.76981254481 34457.343890661374 734.93022125773132 871.6764675071463 2871.332161151804 775.98379136621952 2394.3102203607559 7361.9787169098854 62190.680921917781 10029.174336574972 7155.6518949177116 30226.458785299212 55821.331573203206 1972.5114622712135 141.02198548056185
leaf_count=2033 53211 34373 144341 2828 5214 32908 26130 255753 162237 7431 7600 1553 5085 1748 2052 336260 68372 3030 3129 6576 2658 12810 28285 115319 18868 16430 59739 90861 1586 710
internal_value=-0.000130328 0.00103998 0.0012904 -0.00143745 0.0412787 -0.00166715 0.00248548 -0.0028752 -0.0209967 -0.0228023 -0.00188519 0.0149645 0.00585386 0.00369099 -0.0164032 0.0022465 0.0017893 0.00299253 0.0185274 0.00696283 0.0100845 0.00239617 0.00475046 0.00418919 0.011559 0.00290097 0.00798924 0.00113499 -0.002621 0.0919072
internal_weight=624775 591612 584547 178077 942.589 177135 406469 152626 33162.1 30849.4 3103.65 1942.45 24509.1 22689.7 3171.52 400567 376653 2312.69 1577.76 19518.2 16646.8 342196 119358 116964 17391.2 99572.8 37382.1 222838 57793.8 475.826
internal_count=1509130 1322117 1287744 459873 8752 451121 827871 400094 187013 178821 16584 8984 51027 45942 3800 801741 748530 8192 5162 42142 35566 680158 251451 238641 47153 191488 76169 428707 92447 3538
cat_boundaries=0 1 2 3 4 5 6
cat_threshold=666128 360896 8720 8720 1056 65664
is_linear=0
shrinkage=0.03


Tree=96
num_leaves=31
num_cat=3
split_feature=99 72 71 98 46 112 51 98 124 97 112 72 57 57 64 116 100 51 57 71 26 128 124 51 98 97 97 124 69 116
split_gain=10005.6 8998.77 1926.98 1839.8 1530.72 1466.74 1797.68 1444.74 1355.09 1378.1 1271 2493.59 1128.7 1095.8 1086.29 1075.24 1072.98 1001.44 1019.19 927.704 1912.31 1156.2 1141.43 1155.93 1151.36 1092.7 1563.5 1237.84 1060.32 1036.82
threshold=17.404474258422855 2159.5000000000005 242.50000000000003 60.990934371948249 10.500000000000002 -1.0000000180025095e-35 1683.5000000000002 1222.8459472656252 5.5000000000000009 2303.5000000000005 0.68301269412040722 193.50000000000003 0 1 2.5000000000000004 686.50000000000011 -7968.9999999999991 1056.5000000000002 2 163.50000000000003 15.500000000000002 10.500000000000002 9.5000000000000018 1142.5000000000002 929.03060913085949 1173.5000000000002 908.50000000000011 175.50000000000003 53.500000000000007 130.50000000000003
decision_type=8 2 2 10 8 2 2 10 2 10 2 2 9 9 2 10 10 2 9 2 2 2 2 2 10 8 10 2 2 10
left_child=3 10 4 14 -3 6 7 19 9 -8 17 -12 -7 -6 -1 -13 -4 18 -2 20 22 -21 29 25 -25 26 27 -24 -23 -5
right_child=1 2 16 5 13 12 8 -9 -10 -11 11 15 -14 -15 -16 -17 -18 -19 -20 21 -22 28 23 24 -26 -27 -28 -29 -30 -31
leaf_value=-0.014139276735302965 -0.0062005613680115035 0.044328354466716964 7.7940603373491825e-05 -0.0036468640169920801 0.029027000059170079 0.020900212138841544 0.0021606241062307012 -0.0063907503303910675 0.051121635852125459 0.035843753928448241 0.050958149211303233 0.0039593336979716186 0.0021947984460468071 -0.022140866089542872 0.016337510727999043 0.059824368466094922 -0.024800174589843814 0.027530086516997041 0.015574744670102171 -0.001558659991559689 0.056600365350346023 -0.023613844636436961 0.0060838267873368334 0.046340731713700997 0.0020663175274123089 -0.0080852626535435988 0.029792043219344724 -0.0091113379579450329 -0.0015192400663675825 0.0025096988591008745
leaf_weight=1165.9573631584644 12377.970053780824 310.19456513691694 6849.615057496354 60277.56722651422 365.92325471714139 2911.8352759927511 5104.4380103461444 40422.82374970708 775.87174442410469 1381.6418186835945 1344.1852031946182 6781.0019158516079 302969.8207066888 38058.253750102594 10194.261891692877 315.06111311912537 2010.4879078241065 1039.363744199276 2272.8580826325342 27150.830103430897 542.37126760184765 4727.0404092166573 32826.635399086401 1143.6950095593929 977.48438334465027 6376.7200723588467 2201.7930170334876 5646.997956700623 3330.7800794355571 41602.090998582542
leaf_count=2091 33028 1689 45760 102341 1021 8351 9065 101090 3014 4120 4808 24133 630812 207078 42115 1638 25513 3194 6863 56888 2014 6820 67566 3664 1785 8685 5664 7801 8356 83538
internal_value=-0.000113184 -0.0106531 -0.0182181 0.00125717 -0.0211047 0.00100586 -0.000779247 -0.00124909 0.0139037 0.00937982 0.00426946 0.0136494 0.0023743 -0.0216444 0.0131998 0.00652041 -0.00558887 -0.000781813 -0.00280773 -0.000136196 0.000882728 -0.00452231 0.000678935 0.00443217 0.0260436 0.00345256 0.0052629 0.00385176 -0.014494 -0.00113286
internal_weight=623456 71724.9 47594.5 551731 38734.4 540370 234489 227227 7261.95 6486.08 24130.4 8440.25 305882 38424.2 11360.2 7096.06 8860.1 15690.2 14650.8 186804 151595 35208.7 151053 49173.3 2121.18 47052.1 40675.4 38473.6 8057.82 101880
internal_count=1510505 354725 281061 1155780 209788 1111574 472411 456212 16199 13185 73664 30579 639163 208099 44206 25771 71273 43085 39891 355122 283058 72064 281044 95165 5449 89716 81031 75367 15176 185879
cat_boundaries=0 1 2 3
cat_threshold=10584072 4096 2818966081
is_linear=0
shrinkage=0.03


Tree=97
num_leaves=31
num_cat=6
split_feature=114 55 103 114 72 55 49 74 53 114 52 68 98 32 73 41 113 53 51 114 97 114 121 97 97 51 49 75 114 53
split_gain=15934.7 3106.93 2560.28 2858.78 2399.52 1554.58 3426.62 1624.43 1454.77 1485.94 1418.5 1348.85 1530.38 1392.92 1344.8 1249 1222.27 1259.5 1568.06 1256.9 1338.64 1205.59 2214.01 1669.35 4504.52 1171.07 1250.73 1134 2620.24 1145.18
threshold=0 10.500000000000002 1.0000000180025095e-35 1 1713.5000000000002 0.095000002533197417 3.9891970157623295 0.18893263489007953 6592.5000000000009 2 8759.0000000000018 39.500000000000007 95.435302734375014 15.500000000000002 0.028512051329016689 1.0000000180025095e-35 0.68301269412040722 1123.5000000000002 351.50000000000006 3 1032.5000000000002 4 12.500000000000002 1632.5000000000002 1390.5000000000002 414.50000000000006 0.97572866082191478 0.011909390334039928 5 2695.5000000000005
decision_type=9 10 2 9 2 10 10 2 2 9 2 2 8 2 2 2 2 2 2 9 8 9 2 10 10 2 8 2 9 2
left_child=-1 2 3 5 14 7 -7 -2 15 10 -10 12 -4 27 -5 16 17 18 -6 20 -19 22 23 24 -17 26 -16 28 -14 -29
right_child=1 -3 11 4 8 6 -8 -9 9 -11 -12 -13 13 -15 25 21 -18 19 -20 -21 -22 -23 -24 -25 -26 -27 -28 29 -30 -31
leaf_value=-0.02384516254302076 -0.0088784688437985263 -0.019176022014196086 0.014907505871169464 0.019434304206034553 0.00097880740657608958 0.11729503776942929 -0.028116218827715891 0.010627538943870529 -0.029926792546101779 -0.023960594597408878 0.018516235468375355 -0.0070210664942442075 0.019667468294945225 0.02993930130994283 -0.008737045075733833 0.013056551419521304 -0.0058277525907489717 0.045878656169862295 -0.005805197692137368 0.0030418959088324197 0.0089913307959174679 0.0037958105944820527 -0.014902376356065363 0.010469884197872949 0.2023928608578329 -0.0090051833717828371 0.01000594153691594 0.0021241621205321084 -0.001562393947614285 0.017009246122615528
leaf_weight=24447.760258759372 49552.946771596558 6878.2940940568224 11070.383584911004 7093.8327302094549 95121.95237855427 271.00825883448124 296.83260747231543 4157.0482655204833 758.41705873422325 4568.5716319316998 1853.7868792936206 10378.262055575848 11289.839649528265 1764.1143961772323 3717.8486335501075 242.14207684248686 37887.499335035682 1286.0652181208134 45240.544936574996 33957.986262634397 2815.9311293140054 41489.390897621401 498.86070657521486 296.02417904511094 204.65751980617642 4593.7493169903755 22882.540926454589 182991.82328656316 9739.1394872069359 4763.3240242404863
leaf_count=154686 210807 34374 44491 18973 194429 2495 4587 20855 1686 20328 6734 21752 43006 5405 5632 535 62000 4101 64889 65235 5538 76036 815 665 1729 5929 53982 345750 17560 13612
internal_value=-0.000115907 0.00085552 0.00108908 -0.000499014 0.000631724 -0.00684049 0.0421118 -0.00736704 -0.000378289 -0.0136885 0.0043743 0.003545 0.0040401 0.00346802 0.00765292 -8.80828e-06 -0.000934734 0.000104553 -0.00120802 0.00494427 0.0205897 0.00467746 0.0335726 0.0663386 0.102315 0.00496836 0.007384 0.00324293 0.00984783 0.00250268
internal_weight=622111 597663 590785 358788 304510 54277.8 567.841 53710 266222 7180.78 2612.2 231997 221619 210548 38288 259041 216310 178422 140362 38060 4102 42731.1 1241.68 742.824 446.8 31194.1 26600.4 208784 21029 187755
internal_count=1508616 1353930 1319556 827980 589236 238744 7082 231662 504720 28748 8420 491576 469824 425333 84516 475972 396192 334192 259318 74874 9639 79780 3744 2929 2264 65543 59614 419928 60566 359362
cat_boundaries=0 1 2 3 4 5 6
cat_threshold=665616 556 98368 262208 1024 327808
is_linear=0
shrinkage=0.03


Tree=98
num_leaves=31
num_cat=4
split_feature=114 103 114 72 113 100 97 116 121 69 98 99 102 97 100 121 114 72 77 98 41 128 116 97 114 121 116 98 116 66
split_gain=15589.8 2725.24 3069.77 2034.39 1260.63 1189.09 2344.65 1255.25 1483.96 1322.51 2426.84 1882.36 1182.52 1110.42 3089.49 2298.21 1738.83 1326.81 1314.24 1378.76 2138.35 2350.5 3252.37 1549.68 1452.96 1616.68 1045.92 1094.11 1711.56 1100.85
threshold=0 1.0000000180025095e-35 1 1388.5000000000002 0.68301269412040722 -3346.2053222656245 1537.5000000000002 14.500000000000002 66.500000000000014 1.0000000180025095e-35 614.24044799804699 1.5994738936424258 11.500000000000002 289.50000000000006 43.480094909667976 55.500000000000007 2 1775.5000000000002 12.708333492279055 1773.8765869140627 1.0000000180025095e-35 9.5000000000000018 630.00000000000011 1726.5000000000002 3 3.5000000000000004 130.50000000000003 375.07975769042974 82.500000000000014 2.5000000000000004
decision_type=9 2 9 2 2 8 10 10 2 2 10 10 2 8 8 2 9 2 8 8 2 2 10 10 9 2 8 10 10 2
left_child=-1 2 3 -2 26 6 -6 9 -9 10 -7 -12 -3 -4 15 -15 -16 -18 -19 20 23 22 -22 -20 -25 -26 27 28 -5 -29
right_child=1 12 13 4 5 7 -8 8 -10 -11 11 -13 -14 14 16 -17 17 18 19 -21 21 -23 -24 24 25 -27 -28 29 -30 -31
leaf_value=-0.023710660848280586 0.0088614989762178572 0.0033017676374590297 -0.010867706808007773 -0.0025928459072495761 0.09091551988559643 -0.01210928290504696 -0.020049029826839909 -0.0018979954998922643 0.045670226255735621 -0.014306471003480535 0.096734198399851298 3.2068775655850874e-05 0.024512811235874083 0.0055689891697064701 0.0094232166844202252 0.07371286448725603 0.0027842527217927437 0.035340117979726519 -0.011975809549544436 -0.016224228254812983 0.0058365613969044213 -0.018363661564629017 0.11810794030190377 -0.017400178061858909 0.051987789083211007 0.00080312728672691115 0.0023907904663124282 -0.0013238675663677071 -0.021558132598490549 0.015639420710504743
leaf_weight=23924.880059512332 26948.97568709217 229339.43887663633 23232.394538035616 16217.666628303006 327.85677437484264 1417.2399736605585 341.81223560869694 23113.246579931118 595.70467063039541 15497.052604481578 408.89018056541681 319.23709630221128 2380.4533361196518 18191.983163258061 5379.9305298738182 446.72092427685857 7998.0302805276588 546.83557217940688 16533.304476929829 22610.931048166938 499.45443918928504 580.9497596770525 425.81443989649415 1114.0452805422246 1021.2444028146565 1204.2343169804662 149620.76875489764 19280.677354484797 5811.1426299735904 4181.3251484036446
leaf_count=154964 60576 478083 116565 31828 1745 2167 735 39578 1946 22024 1952 656 13848 42058 37147 2598 19462 2710 27288 90360 1054 1060 2419 1579 3467 3173 299468 29557 9167 8803
internal_value=2.36327e-05 0.000977808 -0.000641604 0.00105229 0.000164517 -0.00454818 0.0348154 -0.00519392 -0.000684058 -0.0112507 0.0107864 0.0549113 0.00352072 -0.00512371 -0.00338 0.00724087 -0.00679878 -0.00846168 -0.0104833 -0.0110609 -0.00559493 0.0287522 0.0582149 -0.00821134 0.0104059 0.0243099 0.00117967 -0.00280341 -0.00760335 0.00170465
internal_weight=619512 595587 363867 264082 237133 42021 669.669 41351.4 23709 17642.4 2145.37 728.127 231720 99785.9 76553.5 18638.7 57914.8 52534.8 44536.8 43990 21379 1506.22 925.269 19872.8 3339.52 2225.48 195112 45490.8 22028.8 23462
internal_count=1508037 1353073 861142 510202 449626 70803 2480 68323 41524 26799 4775 2608 491931 350940 234375 44656 189719 152572 133110 130400 40040 4533 3473 35507 8219 6640 378823 79355 40995 38360
cat_boundaries=0 1 2 3 4
cat_threshold=665616 377216 4 32
is_linear=0
shrinkage=0.03


Tree=99
num_leaves=31
num_cat=6
split_feature=114 55 114 96 52 52 115 128 114 112 70 72 112 34 114 67 52 57 69 68 54 107 49 59 114 49 42 131 123 128
split_gain=14880.3 2964.21 2131.7 2087.09 1691.47 1818.46 3074.58 2343.88 1855.11 1569.36 2735.92 1666.1 1765.18 1559.5 1527.68 1478.48 1444.72 1394.17 1389.22 1344.39 2110.17 1332.32 1327.78 1240.04 1213.51 1260.93 1178.93 1089.77 1062.82 1029.15
threshold=0 12.500000000000002 1 0.050000008195638664 2893.5000000000005 1079.5000000000002 1.0000000180025095e-35 8.5000000000000018 2 0.93301269412040722 16.500000000000004 176.50000000000003 0.68301269412040722 1.5000000000000002 3 34.500000000000007 2326.5000000000005 4 80.500000000000014 2.5000000000000004 456.50000000000006 0.45993590354919439 1.5895261168479922 1.5000000000000002 5 1.7260319590568545 1.5000000000000002 96.500000000000014 1.0000000180025095e-35 6.5000000000000009
decision_type=9 10 9 10 2 2 2 2 9 2 2 2 2 2 9 2 2 9 2 2 2 2 8 2 9 8 2 2 2 2
left_child=-1 2 13 4 5 6 15 21 16 11 29 12 -6 18 17 -4 19 -13 23 27 22 -8 -21 28 25 -23 -15 -7 -2 -11
right_child=1 -3 3 -5 9 8 7 -9 -10 10 -12 14 -14 26 -16 -17 -18 -19 -20 20 -22 24 -24 -25 -26 -27 -28 -29 -30 -31
leaf_value=-0.023553084675729325 0.00086172285992632837 -0.020755986296574023 0.0026008545172621399 0.059172659078292084 -0.0063606936791327142 0.0066303948342448125 -0.005039694019645281 -0.017560350813269034 -0.011093215188352953 0.080574020650144171 -0.011325470405034354 0.036103934042520013 0.086653141684733564 0.0020351330379305209 -0.02276440880804281 -0.019432341959692553 0.024412873152677882 -0.0087523060302878621 -0.0038745513114837849 0.0096301015965236589 -0.020960676891756548 0.013809561646690477 0.069272914332920377 0.0075830906100343796 -0.00092327013114605226 0.095056389407822309 0.018546198466836826 -0.0025572134526122945 0.0048975856732875371 0.01494807011481674
leaf_weight=23337.458239576779 241522.23846169654 5647.2818339774385 52328.851009942591 496.83767337724566 438.44450870528817 29722.150783408433 22419.367980798706 17855.470946185291 7011.3886908190325 543.64126814063638 1453.1514099100605 637.13937118276954 304.40580236539245 6806.0853910278529 8675.5228149667382 2882.4765934199095 3326.551297403872 12449.527256576344 34218.745582924224 537.58258095383644 562.09852918982506 357.45714720338583 902.06442084163427 37887.84204364568 825.5019957292825 328.51520572602749 9089.0378582170233 19065.295903868973 77584.602363023907 360.54104875773191
leaf_count=154688 451361 30044 107919 2815 1819 57018 37802 27158 38401 3453 10714 1915 1522 15665 42961 10798 8349 97894 68832 1058 495 785 3495 113229 1548 1610 31757 30437 151495 1541
internal_value=-6.37758e-05 0.000856381 0.0010634 -0.00162121 -0.00178959 -0.000645637 -0.00319945 -0.00933789 0.00340666 -0.00906191 0.0141835 -0.011502 0.0323993 0.00227335 -0.0130148 0.00144723 0.00528808 -0.00651667 0.00189897 0.00403194 0.0280667 -0.0031981 0.0472216 0.00245247 0.0239714 0.0527676 0.0114821 0.00304025 0.00184309 0.0548556
internal_weight=619577 596240 590593 183484 182987 158125 96997.6 41786.3 61127.1 24862.4 2357.33 22505 742.85 407109 21762.2 55211.3 54115.7 13086.7 391213 50789.2 2001.75 23930.8 1439.65 356995 1511.47 685.972 15895.1 48787.4 319107 904.182
internal_count=1508578 1353890 1323846 491507 488692 326873 187620 68903 139253 161819 15708 146111 3341 832339 142770 118717 100852 99809 784917 92503 5048 41745 4553 716085 3943 2395 47422 87455 602856 4994
cat_boundaries=0 1 2 3 4 5 6
cat_threshold=665616 360896 17440 44 64 1024
is_linear=0
shrinkage=0.03


Tree=100
num_leaves=31
num_cat=4
split_feature=114 55 114 103 97 69 97 51 57 55 49 98 123 34 114 68 70 66 97 51 131 100 51 51 131 131 66 74 113 98
split_gain=14231.2 2793.67 2160.39 2068.18 1736.81 1528.56 1458.91 1601.61 1336.97 1221.73 2833.34 1410.29 1090.12 1074.04 1011.85 1031.89 1117.97 1001.71 988 1785.66 1042.64 982.582 979.173 1828.08 1153.34 975.06 1533.48 987.22 1577.93 1416.71
threshold=0 10.500000000000002 1 1.0000000180025095e-35 70.500000000000014 9.5000000000000018 2543.5000000000005 1437.5000000000002 2 0.095000002533197417 3.9891970157623295 2055.327026367188 1.0000000180025095e-35 2.5000000000000004 3 2.5000000000000004 12.500000000000002 1.5000000000000002 2256.5000000000005 1804.5000000000002 325.50000000000006 -748.86715698242176 987.50000000000011 407.50000000000006 432.50000000000006 232.50000000000003 85.500000000000014 0.13339512795209887 -0.68301269412040699 224.26543426513675
decision_type=9 10 9 2 10 2 10 2 9 10 10 10 2 2 9 2 2 2 10 2 2 10 2 2 2 2 2 2 2 8
left_child=-1 2 4 9 8 12 -5 17 -2 11 -11 22 -6 25 15 -14 -17 -8 -13 20 -20 -7 23 -4 -24 -10 27 -27 29 -29
right_child=1 -3 3 6 5 21 7 -9 13 10 -12 18 14 -15 -16 16 -18 -19 19 -21 -22 -23 24 -25 -26 26 -28 28 -30 -31
leaf_value=-0.023319091971667174 0.043381478553550609 -0.018653679957707232 -0.0020527957264183604 0.0019073762341194813 0.0014237845835485747 -0.010391501947195413 0.0021305795497466116 0.070083911920739969 0.0031443472063340224 0.10038644707422111 -0.028054442239442284 -0.02153798304218995 0.014711513413496273 0.020893219339530821 0.0028574510955018178 -0.019434699813295583 0.014475945988392041 0.044311422492208645 -0.015183650310819967 0.053454499470474412 0.027064759977649382 -0.00091199295041043973 0.0037840809928777783 -0.012085097913826828 -0.028667644099210091 0.020092517349902611 -0.024738988459707668 0.015473817784123376 0.00017855408860480309 0.07671632680667434
leaf_weight=22809.659701014869 829.31175437197089 6549.8632292682305 68816.778943560086 53982.243579139933 175445.29631886631 11217.949842508882 1941.7232084088027 527.65694050490856 67101.539134308696 309.27774751745164 292.97227597422898 6641.1378232175484 16762.22939491272 3917.7141243033111 28688.293457956985 1818.7061688676476 1668.0687105879188 676.1479605063796 3870.7374698119238 436.2759553976357 598.77236117422581 79689.223200615495 22904.992901632562 21432.252583341673 1020.0140267908573 8736.2049342468381 1024.0774277746677 1302.2709385752678 7647.9927520807832 453.65603098459542
leaf_count=155016 2946 34196 227700 102650 336111 20392 3969 2088 154861 2538 4588 40638 42901 15477 51279 1821 4479 3027 11451 1511 3422 147254 45568 40590 1853 28169 1578 3642 15472 1926
internal_value=-7.38637e-05 0.000816061 0.00103262 -0.00166948 0.00225265 0.00119879 0.00306675 0.0228943 0.00590318 -0.00381157 0.038467 -0.00401714 0.00252833 0.00554834 0.00648715 0.0116185 -0.00321689 0.0131523 -0.0140041 -0.00378211 -0.00947592 -0.00208278 -0.00300598 -0.00443633 0.00238914 0.00484976 0.0108163 0.0128361 0.0060807 0.0316411
internal_weight=619113 596303 589754 183451 406303 315290 57127.8 3145.53 91012.8 126323 602.25 125721 224383 90183.5 48937.3 20249 3486.77 2617.87 11546.9 4905.79 4469.51 90907.2 114174 90249 23925 86265.7 19164.2 18140.1 9403.92 1755.93
internal_count=1509113 1354097 1319901 491593 828308 604237 111734 9084 224071 379859 7126 372733 436591 221125 100480 49201 6300 6996 57022 16384 14873 167646 315711 268290 47421 205648 50787 49209 21040 5568
cat_boundaries=0 1 2 3 4
cat_threshold=665616 360896 32792 327680
is_linear=0
shrinkage=0.03


Tree=101
num_leaves=31
num_cat=4
split_feature=114 55 103 114 57 74 97 74 53 78 114 97 98 54 98 68 65 34 97 35 67 68 20 106 96 96 98 58 20 66
split_gain=13892.3 2804.72 2219.42 2193.82 1673.97 1721.58 1586.22 1596.11 1683.79 2297.47 1368.88 1364.46 2695.23 1482.12 1184.08 1167.41 1730.29 1043.91 1024.8 975.948 1462.44 917.603 1190.45 897.827 1278.13 1223.85 1094.97 936.653 886.343 1105.41
threshold=0 10.500000000000002 1.5000000000000002 1 2 0.048763973638415344 324.50000000000006 0.19893731176853183 945.50000000000011 0.0055757078807801017 3 1273.5000000000002 1568.8520507812502 1080.5000000000002 1417.2082519531252 39.500000000000007 21.500000000000004 1.0000000180025095e-35 2111.5000000000005 20.500000000000004 4.5000000000000009 4.5000000000000009 83.500000000000014 0.35743321478366857 1.0000000180025095e-35 -1.0000000180025095e-35 261.89889526367193 1.5000000000000002 68.500000000000014 21.500000000000004
decision_type=9 10 2 9 9 2 8 2 2 10 9 10 10 2 10 2 2 2 10 2 2 2 2 2 8 10 10 2 2 2
left_child=-1 2 3 4 5 -2 19 8 9 -8 -4 -10 13 -13 -15 16 18 -5 23 -6 -21 -9 -23 25 26 28 -25 -27 29 -12
right_child=1 -3 10 17 6 -7 7 21 11 -11 15 12 -14 14 -16 -17 -18 -19 -20 20 -22 22 -24 24 -26 27 -28 -29 -30 -31
leaf_value=-0.023191760957406982 0.10195678307941743 -0.018672236252881919 0.018766657409177042 0.00064037280171154074 -0.015285143637680512 -0.002764395131185057 -0.017731660261195596 0.037031540125210684 -0.0063960849038293801 0.025455434879883918 0.0050580010247955011 0.051400989166747277 -0.0027787137378614563 -0.0019748340176077264 0.02997787083563988 -0.010429663833840822 0.02219373682759479 0.0070159572746790362 -0.01264729526815209 0.084413447430129171 -0.014219241327152361 -0.016544762390621519 0.039103621160262718 -0.016807229877760427 0.0037156687756844608 0.022088787268042368 0.01173299152219736 -0.018173164005847304 0.035594739751330692 -0.028724251292707278
leaf_weight=22339.800262544304 258.50635660067201 6510.3112239362672 6005.0879163220525 382317.00066127628 14637.01846394036 297.11401587538421 11285.443880021572 1337.778096113354 18122.613379620016 1220.4744631107897 60032.713045120239 1250.5877259075642 11483.226585898548 2058.911607041955 2104.5863257721066 4767.0974708721042 4862.4753407388926 24591.136217534542 3255.3377535715699 214.55076147522777 334.44065322726965 980.43167240172625 521.78010586183518 5783.0405530482531 20895.456843778491 5994.8994071185589 1521.5215661674738 561.89917968213558 830.35478059574962 874.7763020247221
leaf_count=155231 1782 34326 16974 720871 98056 837 21824 4962 85624 5280 123088 4057 26083 3270 5587 8694 25163 64276 4382 2646 1062 1991 3047 10379 49337 22034 3284 1109 3002 859
internal_value=2.2964e-05 0.000895462 0.0011123 0.000202262 -0.00486571 0.0460843 -0.00531149 -0.00274854 -0.00405543 -0.0135 0.00484261 -0.000679808 0.00545114 0.0228795 0.0142099 0.00407443 0.00473669 0.00102581 0.00388358 -0.0138079 0.0251478 0.0190591 0.00291498 0.00444252 -6.08961e-05 0.00630179 -0.0108545 0.018616 0.00499117 0.00456817
internal_weight=617250 594911 588400 473016 66107.5 555.62 65551.8 50365.8 47525.8 12505.9 115385 35019.9 16897.3 5414.09 4163.5 109380 104612 406908 99750 15186 548.991 2839.99 1502.21 96494.7 28200 68294.6 7304.56 6556.8 61737.8 60907.5
internal_count=1509117 1353886 1319560 1051255 266108 2619 263489 161725 151725 27104 268305 124621 38997 12914 8857 251331 242637 785147 217474 101764 3708 10000 5038 213092 63000 150092 13663 23143 126949 123947
cat_boundaries=0 1 2 3 4
cat_threshold=665616 556 2162752 1060
is_linear=0
shrinkage=0.03


Tree=102
num_leaves=31
num_cat=4
split_feature=114 55 103 114 57 55 49 92 45 112 112 69 52 102 121 100 97 100 121 114 52 96 52 123 71 113 43 98 41 49
split_gain=13237.4 2559.44 2144.88 2103.8 1832.84 1343.96 2564.46 1322.48 1217.33 1199.73 1176.92 1524.67 1422.52 1173.38 1147.38 1077.34 1009.53 1724.97 2097.59 1552.89 991.142 957.886 954.073 1548.26 1601.1 1054.43 1126.03 975.998 917.43 1633.55
threshold=0 12.500000000000002 1.0000000180025095e-35 1 2 0.095000002533197417 3.9891970157623295 3893.5000000000005 0.92821893095970165 1.0000000180025095e-35 0.93301269412040722 25.500000000000004 1036.5000000000002 9.5000000000000018 407.50000000000006 -277.49058532714838 1173.5000000000002 222.09243774414065 38.500000000000007 3 43.500000000000007 0.050000008195638664 308.50000000000006 10.500000000000002 36.500000000000007 -0.68301269412040699 10.500000000000002 221.67575836181643 5.5000000000000009 -1.9730502367019651
decision_type=9 10 2 9 9 10 10 2 8 2 2 2 2 2 2 10 8 8 2 9 2 8 2 2 2 2 2 8 2 10
left_child=-1 2 3 4 7 10 -7 -2 -5 15 16 12 -12 28 22 -10 -6 -18 19 21 -17 -19 -11 27 -25 26 -26 -24 -4 -30
right_child=1 -3 13 8 5 6 -8 -9 9 14 11 -13 -14 -15 -16 20 17 18 -20 -21 -22 -23 23 24 25 -27 -28 -29 29 -31
leaf_value=-0.023003004293095278 -0.0058992279810007398 -0.019915552565344715 0.0023342820985971686 0.020586582144040466 -0.014706557504644061 0.095306671712185348 -0.027951608464073473 0.094414431817866268 0.0021477415440724233 0.0050042738159291359 -0.017352357596324704 0.083241251401708502 0.018274372426131173 0.012532512855965983 -0.027197414245493875 0.0045068023135323787 0.0065807267059411903 -0.0037983506411755144 0.014389421297294099 -0.016151142168168688 -0.0044372821487947533 0.033360580863750856 -0.0082490049079076613 0.04931737589699238 0.042973333585625266 -0.011144643193851946 -0.016962355967074478 0.00076969988652642594 -0.018664019884005383 0.019425695899719649
leaf_weight=21882.074579912238 201.47500063292682 5338.1203210363165 213012.31746941246 2663.9774497170001 15671.872625385411 314.853640306741 278.67316239885986 272.64934922195971 46541.505951709114 67819.799609698355 1704.1684095039964 218.46609621867537 2441.3985168486834 11468.057252421975 1181.2714095097035 12695.597701001912 8061.910764567554 2091.0717103071511 2899.8269506264478 17825.127039110288 91207.292407380417 879.10018592141569 12872.016276242211 1091.2976168328896 957.91968677286059 1449.7992403265089 391.77312207221985 66795.374887663871 1206.0773798394948 6111.5607854444534
leaf_count=155053 314 29951 424873 7791 97450 2482 4569 2041 94085 149141 4168 1150 14701 47661 1255 30280 17642 19388 10928 60271 151596 4057 19182 3689 2915 2090 591 130867 1555 17092
internal_value=-9.75196e-05 0.000744672 0.000931843 -0.00052218 -0.0060471 -0.00658722 0.0379301 0.0514823 0.000433622 0.00025578 -0.00710587 0.00778931 0.00362235 0.00318074 0.00213031 -0.00164511 -0.00847776 -0.00540022 -0.00947762 -0.0128111 -0.0033441 0.00725052 0.00236095 0.000215156 0.018669 0.00658866 0.0255791 -0.000688322 0.00269344 0.0131309
internal_weight=617546 595664 590326 358528 52860.6 52386.5 593.527 474.124 305668 303004 51792.9 4364.03 4145.57 231798 152559 150444 47428.9 31757 23695.1 20795.3 103903 2970.17 151378 83558.2 3890.79 2799.49 1349.69 79667.4 220330 7317.64
internal_count=1508828 1353775 1323824 832643 239161 236806 7051 2355 593482 585691 229755 20019 18869 491181 309730 275961 209736 112286 94644 83716 181876 23445 308475 159334 9285 5596 3506 150049 443520 18647
cat_boundaries=0 1 2 3 4
cat_threshold=665616 556 2162752 4
is_linear=0
shrinkage=0.03


Tree=103
num_leaves=31
num_cat=3
split_feature=114 55 114 96 51 54 98 45 131 131 120 98 98 114 98 91 45 69 52 45 116 127 120 52 52 98 51 127 52 121
split_gain=12842 2461.19 2160.45 1697.18 1654.04 2127.79 1507.73 1169.84 1158.07 1844.4 1084.21 1077.54 1076.05 1037.27 1510 1034.78 1257.05 976.584 976.089 964.906 943.144 1225.01 1430.21 1301.41 1008.56 1545.79 1493.16 955.309 909.66 964.72
threshold=0 12.500000000000002 1 0.050000008195638664 1310.5000000000002 1449.5000000000002 132.44687652587893 0.92821893095970165 104.50000000000001 4438.0000000000009 52.500000000000007 405.00738525390631 304.11619567871099 2 2338.693969726563 7390.5000000000009 2.4988290071487431 83.500000000000014 2386.5000000000005 0.84677124023437511 572.00000000000011 2.5000000000000004 2.5000000000000004 1503.5000000000002 1611.5000000000002 1405.6358032226565 1500.5000000000002 2.5000000000000004 1959.5000000000002 8.5000000000000018
decision_type=9 10 9 10 2 2 10 8 2 2 2 10 8 9 8 2 8 2 2 10 10 2 2 2 2 10 2 2 2 2
left_child=-1 2 6 4 5 10 8 11 -2 19 -4 -8 -12 14 18 -7 -17 -9 20 -10 21 22 28 -23 25 26 -22 -26 -6 -30
right_child=1 -3 3 -5 13 15 7 17 9 -11 12 -13 -14 -15 -16 16 -18 -19 -20 -21 24 23 -24 -25 27 -27 -28 -29 29 -31
leaf_value=-0.022915879046158313 0.0036429044642457098 -0.019729207541047757 -0.0014680711108967499 0.052082709218103505 -0.0056135682180901364 -0.0092163915068081258 0.0098101854221531882 0.0016871803912783827 0.01472956736344593 -0.011301220800654904 -0.0084777159436186314 0.050558038122043507 0.025615602123717971 -0.0113466097270583 0.04297481743486558 0.10696460046807565 -0.0043508185345579476 -0.0040469414631134288 0.030358401173422055 0.065049586635189824 0.030657801717313176 -0.0070612405780390349 -0.03211893436818445 0.039025803494549392 0.034788206511660737 -0.017587113596126993 -0.029582539113163647 -0.0058948426595367585 0.035004419927682447 -0.012213924384374698
leaf_weight=21335.626390280202 44520.315137195401 5219.2754404423758 111952.72129220236 515.43000068888068 6750.0253703072667 42181.199911258183 2625.2441649585962 308998.30283913109 17425.778501393273 2597.1254589632154 1217.0420815404505 743.94576309062541 2603.9088656781241 2950.2472676448524 1022.6220699511468 143.13821855559945 224.27645847573876 29253.123403701931 1351.2918672077358 340.85978475958109 1912.4161815643311 969.50650164484978 1526.7530861049891 1260.7672457098961 2355.1153522580862 1821.3419085964561 450.20721426606178 662.30855545401573 1123.2042974084616 586.98947110772133
leaf_count=154953 127123 30000 294061 2816 10895 130294 6565 573350 57656 5169 2478 2616 7899 6987 3367 1650 1145 57497 3891 1787 5511 1510 943 3901 7275 1942 407 1149 3279 790
internal_value=-5.84081e-05 0.000761544 0.000943128 -0.00175796 -0.00191249 -0.00303984 0.00216296 0.00136667 0.00635498 0.0122796 -0.000931175 0.0189306 0.0147625 0.00529944 0.00755887 -0.00877589 0.0407008 0.00119117 0.00579894 0.015731 0.00407517 -0.00100227 -0.00549478 0.0190495 0.0126785 0.0031271 0.0191025 0.0258685 -0.000657868 0.0188209
internal_weight=616640 595304 590085 183581 183065 158322 406505 341621 64884.1 20363.8 115774 3369.19 3820.95 24742.8 21792.5 42548.6 367.415 338251 20769.9 17766.6 19418.6 12217.2 9986.97 2230.27 7201.39 4183.97 2362.62 3017.42 8460.22 1710.19
internal_count=1508906 1353953 1323953 492190 489374 437527 831763 640028 191735 64612 304438 9181 10377 51847 44860 133089 2795 630847 41493 59443 37602 21318 15907 5411 16284 7860 5918 8424 14964 4069
cat_boundaries=0 1 2 3
cat_threshold=665616 360896 1568
is_linear=0
shrinkage=0.03


Tree=104
num_leaves=31
num_cat=10
split_feature=114 55 103 72 99 114 114 124 121 113 70 57 114 57 114 73 57 23 66 51 52 114 98 114 54 124 131 128 131 51
split_gain=12336.7 2418.52 1801.54 1540.48 2003.39 2984.01 1870.81 1691.22 1422.89 1189.05 1239.87 1673.18 1235.75 1173.74 1574.1 1392.47 1160.02 1637.33 1732.41 1325.88 2490.89 1679.37 2009.9 1532.69 1431.76 1543.09 1660.63 2628.36 2614.62 2367.73
threshold=0 10.500000000000002 2.5000000000000004 1465.5000000000002 17.404474258422855 1 2 42.500000000000007 4.5000000000000009 -0.93301269412040699 2.5000000000000004 3 4 5 6 0.1999510079622269 7 1.0000000180025095e-35 1.5000000000000002 140.50000000000003 1064.5000000000002 8 255.44569396972659 9 655.50000000000011 9.5000000000000018 13.500000000000002 6.5000000000000009 54.500000000000007 1328.5000000000002
decision_type=9 10 2 2 8 9 9 2 2 2 2 9 9 9 9 2 9 2 2 2 2 9 10 9 2 2 2 2 2 2
left_child=-1 2 3 -2 9 8 7 -7 -6 10 11 -5 -12 -4 -15 -16 19 18 -18 -11 23 22 -22 -21 -24 26 -26 29 -29 -28
right_child=1 -3 13 4 5 6 -8 -9 -10 16 12 -13 -14 14 15 -17 17 -19 -20 20 21 -23 24 -25 25 -27 27 28 -30 -31
leaf_value=-0.022657740153894251 0.0062129494306452709 -0.017848096795654831 -0.00048107776179343693 -0.015591852827165152 0.071626386604025899 -0.0021849421760120561 -0.016935311189572019 0.063592686270858248 -0.0014731846886375949 0.0013877838861767557 -0.0097950842021586899 0.018419205630065213 0.0051294855148628317 0.066570812514892025 0.0057531437510089344 0.021034084354316595 0.00099163565752654085 -0.0012775258722588243 0.016896879017685894 -0.017552521869720141 0.049717185118991487 -0.0054859243134103425 0.018205050299752362 -0.0039840260392473709 0.010412913819249678 0.012564467621037823 -0.018647085591396519 -0.0053613391935762207 0.033229528180130669 -0.00034193692498721387
leaf_weight=20830.404663135763 38633.061567706987 6170.8840068224818 18414.345630459487 1492.2145253419876 592.99156749993563 8280.548508846201 14929.465696232393 357.38196228072047 397.06978935003281 164520.65475853626 6211.8731939923018 9597.9965494796634 25114.472482299432 397.53204985707998 36618.708102893084 6282.1309708207846 11271.509221321903 24134.846242934465 13593.01386513561 7982.2150603514165 860.16956705600023 20539.209382914007 5597.8034971244633 118582.06128726713 10033.000630162656 10507.263665329665 10600.731504112482 3168.1744973808527 3137.4896946586668 15874.2867324166
leaf_count=154839 92531 34267 45402 1596 2455 52353 73889 1950 662 392868 16927 22555 53912 1727 76149 31356 20199 49891 44920 13574 2793 32596 12429 182656 20375 23217 10863 4805 9040 26274
internal_value=2.37155e-05 0.000819988 0.00101631 0.000447345 -9.7974e-06 -0.00835801 -0.0105109 0.0006062 0.0421662 0.000433335 0.00521991 0.0138356 0.00216634 0.00586505 0.00856161 0.00799331 -4.97201e-05 0.0042879 0.00969006 -0.000622182 -0.0022206 0.0019115 0.00445381 -0.00484279 0.00378543 0.00226848 -0.000260683 -0.00352967 0.0138624 -0.00767568
internal_weight=614724 593893 587722 526010 487376 24557.5 23567.4 8637.93 990.061 462819 42416.6 11090.2 31326.3 61712.7 43298.4 42900.8 420402 48999.4 24864.5 371403 206882 80318.1 59778.9 126564 58918.8 53320.9 42813.7 32780.7 6305.66 26475
internal_count=1509070 1354231 1319964 1165330 1072799 131309 128192 54303 3117 941490 94990 24151 70839 154634 109232 107505 846500 115010 65119 731490 338622 142392 109796 196230 107003 94574 71357 50982 13845 37137
cat_boundaries=0 1 2 3 4 5 6 7 8 9 10
cat_threshold=665616 33824 328004 16777280 262692 2710081554 12 2688954563 264032 44
is_linear=0
shrinkage=0.03


Tree=105
num_leaves=31
num_cat=3
split_feature=53 57 103 55 112 70 74 71 53 57 113 71 98 121 46 35 74 75 57 70 98 73 49 121 121 124 116 74 70 124
split_gain=7999.45 2259.83 1587.67 1457.25 1406.3 1421.44 1305.89 1532.91 1293.22 1314.85 1350.99 1251.03 1241.55 1250.79 1101.93 1029.24 1044.54 1559.59 1371.72 1161.74 1118.63 1034.7 1389.99 958.504 2192.11 2656.54 953.206 1055.47 1126.76 1065.24
threshold=4254.5000000000009 0 1.0000000180025095e-35 10.500000000000002 0.93301269412040722 18.500000000000004 0.14447789639234546 581.50000000000011 46.500000000000007 1 -0.93301269412040699 26.500000000000004 2055.327026367188 51.500000000000007 0.22500000149011615 13.500000000000002 0.75632664561271679 0.0077797938138246545 2 3.5000000000000004 95.435302734375014 0.033321768045425422 3.395272016525269 13.500000000000002 5.5000000000000009 15.500000000000002 511.50000000000006 0.13328707218170169 22.500000000000004 12.500000000000002
decision_type=2 9 2 10 2 2 2 2 2 9 2 2 8 2 10 2 2 2 9 2 10 2 10 2 2 2 8 2 2 2
left_child=2 4 8 14 6 23 7 -2 -1 -10 12 -8 13 -11 -3 16 17 18 -4 -18 -19 -17 -23 24 -6 -26 27 -12 -29 -30
right_child=1 3 15 -5 5 -7 11 -9 9 10 26 -13 -14 -15 -16 21 19 20 -20 -21 -22 22 -24 -25 25 -27 -28 28 29 -31
leaf_value=0.0051443058572038991 -0.022468876716520092 -0.0021282428122004504 0.0065758935311039319 -0.022090417978688614 0.0052830770369667697 -0.0280441503016607 0.022216532783444872 0.028864047954225501 0.0017109320387034932 0.012889665136358211 -0.0064032544489117443 -0.016061474672839918 -0.014828533118520322 -0.011796893391292983 0.042552349948214052 0.051446616378301592 0.032568742709999494 0.014416307677409056 0.031997208081874499 -0.0078687986998304538 0.0020948642450259185 0.021343168139033527 -0.016887541927589334 -0.020997771289222443 0.024702289205570761 0.17422701656379219 -0.00081647668240266184 -0.0059110982503349377 0.023338753648425914 -0.00069817212673660401
leaf_weight=33850.372549753636 23231.433726568706 18562.914923762903 5328.3989599943161 3452.4351825034246 1050.5348233669065 878.79037145804614 1264.0327634867281 527.43278953712434 102918.83776832279 11952.125357918441 86230.869155070744 1926.4254756257869 2258.9389021862298 2176.3797739818692 500.43066329322755 646.57380045950413 664.90466493368149 6854.4691799730062 2979.7477330714464 12223.731874492019 195660.32393038273 3138.1772300153971 1167.0549661889672 436.46401968877763 275.21134972572327 169.16875630989671 81971.323980912566 6840.8996345503256 3339.9731150753796 3286.785102496855
leaf_count=82979 154809 116990 13938 24631 5728 6656 3897 1957 191825 29301 178261 18397 7346 4407 2591 2648 1748 30419 13768 23338 381329 11436 2051 2341 1563 1736 163574 10356 10004 9528
internal_value=-0.00013984 -0.011365 0.000901711 -0.0041842 -0.0167877 0.00339135 -0.0188986 -0.0213177 -0.000414268 -0.00103958 -0.00246884 -0.000874018 0.00577836 0.00908125 -0.000933641 0.0028286 0.00252874 0.00303566 0.0157672 -0.00575906 0.0025126 0.0163434 0.0109645 0.0177655 0.0291474 0.0842057 -0.00321319 -0.00518347 0.00262554 0.0114337
internal_weight=615765 52275.3 563490 22515.8 29759.5 2810.17 26949.3 23758.9 334827 300976 198057 3190.46 16387.4 14128.5 19063.3 228663 223712 210823 8308.15 12888.6 202515 4951.81 4305.23 1931.38 1494.91 444.38 181670 99698.5 13467.7 6626.76
internal_count=1509552 341296 1168256 144212 197084 18024 179060 156766 687581 604602 412777 22294 41054 33708 119581 480675 464540 439454 27706 25086 411748 16135 13487 11368 9027 3299 371723 208149 29888 19532
cat_boundaries=0 1 3 4
cat_threshold=151396944 27366488 1 131138
is_linear=0
shrinkage=0.03


Tree=106
num_leaves=31
num_cat=5
split_feature=114 55 114 97 100 114 96 100 20 120 99 97 97 97 51 98 97 124 97 74 114 71 131 131 68 131 52 51 131 57
split_gain=11581.8 2229.06 1611.55 1617.19 1890.74 1945.61 1620.36 1488.56 1607.59 1487.59 1464.05 2292.11 1415.86 1936.1 1942.88 1617.3 2479.18 1427.55 1393.98 1398.72 1298.65 1275.52 1260.85 1315.47 1231.65 1085.36 1924.3 2556.59 1316.35 1063.82
threshold=0 12.500000000000002 1 289.50000000000006 108.13806152343751 2 0.050000008195638664 666.02130126953136 1.5000000000000002 18.500000000000004 0.55050897598266613 1295.5000000000002 1801.5000000000002 2397.5000000000005 1437.5000000000002 1773.8765869140627 1751.5000000000002 1.0000000180025095e-35 70.500000000000014 0.10002316534519197 3 2.5000000000000004 232.50000000000003 4438.0000000000009 1.5000000000000002 50.500000000000007 946.50000000000011 839.50000000000011 106.50000000000001 4
decision_type=9 10 9 10 10 9 10 10 2 2 10 10 10 10 2 10 10 2 10 2 9 2 2 2 2 2 2 2 2 9
left_child=-1 2 18 6 -5 7 29 -6 -9 -10 20 -12 15 -14 -15 16 17 25 22 -20 -7 -16 -2 24 -24 -13 -27 -28 -29 -4
right_child=1 -3 3 4 5 10 -8 8 9 -11 11 12 13 14 21 -17 -18 -19 19 -21 -22 -23 23 -25 -26 26 27 28 -30 -31
leaf_value=-0.02247994375809137 0.0032297173101362999 -0.019303038826395474 -0.00057663290130266422 0.0054292181546234134 -0.00064167536819295439 -0.0064756835733904014 0.053302997263978739 0.051215182263008856 0.0021077512766715292 0.040958839102261335 -0.019659233426986122 0.0042102794863846322 -0.021232364943965371 -0.013764518684275624 0.071539003719168645 -0.031889638659425679 0.060212007459370644 -0.0026950155816641906 0.0022520958652580891 -0.0020993789336634233 -0.022557440941047807 0.0086474195470697731 0.026337568861186534 -0.0055216207987110249 0.009369050237448464 -0.019891175337372669 0.11862333119341968 0.056964017330941377 0.0024780300245055942 -0.0079341207820034683
leaf_weight=20091.214793532621 70615.728606974706 4977.5293148253113 28280.468585571274 46333.473997818306 12870.337810005993 12694.369607212022 418.85618001967669 1031.2931674290448 4161.9039629902691 1117.6485047470778 4516.2869960144162 1821.6126898042858 3527.574401974678 1133.08446861431 594.97046984732151 719.28482026793063 950.02779583260417 4358.7912585437298 220623.29796618596 95143.83106734883 7033.228134197183 563.85503949970007 5719.4460261333734 3373.6860839873552 11797.061779682525 461.42301258444786 363.48096432164311 829.00090792030096 762.86595356464386 47247.463632510044
leaf_count=154965 168276 29941 57092 96327 23670 26385 2355 3571 12022 4402 5462 3230 4176 2155 2417 655 3334 6834 429222 176432 12135 1136 21454 6780 29711 574 1963 2933 1360 217833
internal_value=-8.96309e-05 0.000668369 0.000837462 -0.0015111 0.000885658 -0.00265214 -0.00485125 0.00521038 0.0171354 0.0103942 -0.00639168 -0.000798865 0.00450528 -0.00730832 0.0141219 0.0112023 0.0144788 0.00936104 0.00188577 0.000940928 -0.0122323 0.0412734 0.00514597 0.0116189 0.0149214 0.0217367 0.0348753 0.0478346 0.0310313 -0.00518077
internal_weight=614133 594042 589064 181791 105845 59511 75946.8 19181.2 6310.85 5279.55 40329.9 20602.3 16086 5819.48 2291.91 10266.5 9547.2 8597.17 407273 315767 19727.6 1158.83 91505.9 20890.2 17516.5 4238.38 2416.77 1955.35 1591.87 75527.9
internal_count=1508802 1353837 1323896 492021 214741 118414 277280 43665 19995 16424 74749 36229 30767 9884 5708 20883 20228 16894 831875 605654 38520 3553 226221 57945 51165 10060 6830 6256 4293 274925
cat_boundaries=0 1 2 3 4 5
cat_threshold=665616 360896 16900 1032 2728000
is_linear=0
shrinkage=0.03


Tree=107
num_leaves=31
num_cat=4
split_feature=99 102 74 55 49 98 131 93 113 57 98 99 99 57 131 57 100 96 98 20 131 57 45 123 74 131 100 120 99 124
split_gain=5765.82 2401.95 2000.06 1831.58 1896.44 1580.15 1205.11 2413.72 1167.48 1155.54 1009.19 1108.37 1081.44 1081.2 945.031 1117.28 910.413 831.951 829.273 804.176 789.095 781.631 751.795 763.232 1149.94 1684.03 1230.25 1152.13 1067.19 1032.64
threshold=17.404474258422855 1.0000000180025095e-35 0.28902274370193487 10.500000000000002 2.4415403604507451 67.000686645507827 80.500000000000014 3719.5000000000005 1.0000000180025095e-35 0 2055.327026367188 0.029524437151849273 3.0069112777709965 1 288.50000000000006 2 -12.381721496582029 0.020000002346932892 3801.8835449218755 43.500000000000007 2268.5000000000005 3 1.082300662994385 1.0000000180025095e-35 0.033344916999340064 832.50000000000011 -655.74392700195301 34.500000000000007 4.5109035968780526 241.50000000000003
decision_type=8 2 2 8 8 10 2 2 2 9 10 10 10 9 2 9 10 8 10 2 2 9 8 2 2 2 10 2 10 2
left_child=5 2 3 4 6 16 -2 -8 -9 -5 13 18 17 -7 15 -3 -1 -13 -12 -19 -16 -6 -15 -24 25 26 -25 -28 -26 -27
right_child=1 14 -4 9 21 10 7 8 -10 -11 11 12 -14 22 20 -17 -18 19 -20 -21 -22 -23 23 24 28 29 27 -29 -30 -31
leaf_value=0.0039784699964017945 0.0051231938850587449 0.032123748329739396 0.0064674717404339813 -0.0057959223872007951 -0.01071613438512852 0.020546713806206918 0.00029498405780754177 0.058414544861711097 0.18319781739665858 -0.019795721541467491 -0.0035114976481578903 -0.016821811120647519 0.025386558557019774 0.013049426681993034 0.021257417345914176 -0.0048178160171995811 0.02005231854800139 -0.0062448262006109109 0.029978464592718246 0.02360566262006121 -0.013142141133134286 0.036451004915745142 -0.00014581260577363996 0.018045922954859083 0.0012296066289960252 0.02309406209661017 0.0017822091307452301 0.042361476007823501 -0.011588761196789012 -0.028770349404982552
leaf_weight=7084.9212867487222 567.75602629035711 754.98936195671558 4509.7676420686767 6575.5892641129903 4366.3947293283418 2469.6459087338299 259.28446592576802 143.23407271876931 145.78664045594633 28344.75302199414 1336.7199202366173 7406.635183497332 866.12507765926421 4408.366503726691 2835.381108308211 15030.781106649898 5740.4612155891955 14202.809363103472 1311.4108578749001 851.74579597264528 753.24653366580606 321.60935630835593 352755.05416994169 4988.5047952048481 89560.477673277259 6108.9135741256177 44423.957631984726 628.78736546821892 6243.6132043860853 357.87912392243743
leaf_count=23036 2317 2045 24695 37473 43680 7761 1890 863 1378 200577 3004 46797 3216 12719 8261 28502 28561 31378 4840 5758 2090 1012 682763 13348 170547 19648 87805 2126 10437 265
internal_value=-0.000214467 -0.00869226 -0.0124772 -0.0145762 0.00102804 0.000780212 0.0359929 0.0672935 0.125379 -0.0171693 0.000531982 -0.00523559 -0.00732449 0.000824717 0.000146429 -0.0030145 0.0111829 -0.00859659 0.0131238 -0.00454142 0.0140206 -0.00735487 0.000728297 0.000620513 0.00239522 0.00578894 0.00392504 0.00235784 0.000393103 0.0201838
internal_weight=615355 64608.6 45234.2 40724.4 5804.07 550746 1116.06 548.305 289.021 34920.3 537921 25975.4 23327.3 511945 19374.4 15785.8 12825.4 22461.2 2648.13 15054.6 3588.63 4688 509476 505067 152312 56508 50041.2 45052.7 95804.1 6466.79
internal_count=1508792 354783 313885 289190 51140 1154009 6448 4131 2241 238050 1102412 94993 87149 1007419 40898 30547 51597 83933 7844 37136 10351 44692 999658 986939 304176 123192 103279 89931 180984 19913
cat_boundaries=0 1 2 3 4
cat_threshold=541102464 10551304 64 131073
is_linear=0
shrinkage=0.03


Tree=108
num_leaves=31
num_cat=3
split_feature=65 97 55 130 74 112 57 128 69 22 69 49 69 47 103 97 120 103 113 57 49 57 112 120 127 121 121 32 124 113
split_gain=5237.41 3347.66 1999.02 2035.86 1629.29 1683.41 1897.03 1583.03 2957.04 1513.52 1300.75 1278.75 1264.25 1160.5 1135.56 2475.71 1231.23 1118.79 1456.67 1090.84 1517.58 1055.25 1112.8 991.382 1483.04 1228.73 1215.54 961.179 1189.1 1680.39
threshold=1.0000000180025095e-35 4009.0000000000005 3.5000000000000004 26.500000000000004 0.14447789639234546 0.93301269412040722 0 1.5000000000000002 1.0000000180025095e-35 2.5000000000000004 15.500000000000002 2.4415403604507451 1.0000000180025095e-35 0.074999999254941954 1.0000000180025095e-35 2033.0000000000002 3.5000000000000004 3.5000000000000004 0.93301269412040722 1 -0.73948517441749562 2 1.0000000180025095e-35 25.500000000000004 10.500000000000002 211.50000000000003 407.50000000000006 1.0000000180025095e-35 7.5000000000000009 0.68301269412040722
decision_type=2 8 8 2 2 2 9 2 2 2 2 8 2 8 2 10 2 2 2 9 10 9 2 2 2 2 2 2 2 2
left_child=1 14 3 12 5 -4 7 8 -7 13 -6 -5 -3 -2 15 -1 21 23 19 -19 -21 22 -17 24 26 27 -15 28 29 -25
right_child=9 2 4 11 10 6 -8 -9 -10 -11 -12 -13 -14 17 -16 16 -18 18 -20 20 -22 -23 -24 25 -26 -27 -28 -29 -30 -31
leaf_value=-0.0076222446628523687 -0.022834978971589481 0.026196356821666152 -0.019156049413891926 0.064753268098003788 0.018491659766883453 0.17549920731905638 -0.0095491066947523164 0.0081975051577235173 -0.0034233103611662659 0.014373461716088547 -0.010321432687866307 -0.017187047005240597 0.10775706304933722 0.00054199523622048824 0.0078801042204395388 0.079075425151082818 -0.031051947953984693 -0.0047726510263084365 0.028360878113134449 0.00028652761782070835 0.015896476815395584 -0.0002430506520070295 0.023587606622215086 -0.005296780647837159 -0.015643083374032626 -0.010566633359363033 -0.0368865342067944 0.0040633668450779795 0.031566781376557732 0.052029815223404045
leaf_weight=18793.288225318305 1848.1922899279743 525.63924071751535 31131.914013648406 187.92605517804623 2155.2561312052421 171.25887032784522 2515.6963975513354 477.13073183037341 152.86759721022099 7523.7837622687221 4033.3630639547482 1272.642249032855 250.59322211332619 472266.01962274034 10705.684924465604 612.59928102605045 284.80012730881572 8379.5071722343564 2469.7334275767207 11480.111681304872 10943.8234372437 551.36974175553769 707.12219940125942 2388.8376652449369 5180.7694713883102 2758.4388157241046 772.21612052619457 7602.0480676181614 3513.2177094034851 559.58723250404
leaf_count=96878 24001 3244 208736 914 8189 1767 15613 2472 735 25549 25242 18090 1519 903602 27037 2812 1342 20307 8154 21338 39523 1597 2729 4169 7202 5357 703 17147 10676 1995
internal_value=-1.16061e-05 -0.00746401 -0.0129263 0.014636 -0.0144466 -0.0169919 0.00331621 0.0429177 0.0935372 0.0010215 -0.000273306 -0.00627545 0.0535625 0.000831747 -6.4047e-05 -0.00412558 0.0262499 0.00091497 0.00623916 0.00445687 0.00790501 0.0350906 0.0493741 0.000556997 0.000305123 0.00771284 0.000480116 0.0113031 0.0198012 0.00572244
internal_weight=612215 74529.2 42874.3 2236.8 40637.5 34448.9 3316.95 801.257 324.126 537686 6188.62 1460.57 776.232 530163 31654.9 20949.2 2155.89 528314 33273.2 30803.4 22423.9 1871.09 1319.72 495041 478219 16822.1 473038 14063.7 6461.64 2948.42
internal_count=1508639 418916 286521 23767 262754 229323 20587 4974 2502 1089723 33431 19004 4763 1064174 132395 105358 8480 1040173 89322 81168 60861 7138 5541 950851 911507 39344 904305 33987 16840 6164
cat_boundaries=0 1 2 3
cat_threshold=134222208 2701922312 131265
is_linear=0
shrinkage=0.03


Tree=109
num_leaves=31
num_cat=4
split_feature=114 55 34 114 97 100 114 98 55 57 71 116 67 59 127 41 116 121 51 121 113 131 97 124 49 52 55 51 116 131
split_gain=10603.7 2024.77 1501.23 1360.55 1589.09 1749.99 1697.72 1538.91 1373.31 1096.94 1119.77 1750.01 1083.18 1336.22 1064.04 1738.82 2190.81 2474.87 1347.38 1300.62 1589.84 1715.84 1143.98 2112.52 997.445 1278.76 951.698 924.483 1307.18 2068.81
threshold=0 10.500000000000002 1.5000000000000002 1 301.50000000000006 132.58062744140628 2 1206.7725830078127 0.11499999836087228 3 16.500000000000004 182.50000000000003 81.500000000000014 1.5000000000000002 9.5000000000000018 1.0000000180025095e-35 630.00000000000011 11.500000000000002 943.50000000000011 39.500000000000007 -0.68301269412040699 176.50000000000003 1656.5000000000002 5.5000000000000009 2.3430931568145756 8458.5000000000018 3.5000000000000004 1042.5000000000002 686.50000000000011 106.50000000000001
decision_type=9 10 2 9 10 10 9 10 10 9 2 10 2 2 2 2 10 2 2 2 2 2 10 2 8 2 10 2 10 2
left_child=-1 2 3 12 8 -6 7 -7 9 10 11 -5 13 -2 15 18 -17 -18 -8 20 -20 22 -22 -24 25 -12 -15 -11 -29 -30
right_child=1 -3 -4 4 5 6 14 -9 -10 27 24 -13 -14 26 -16 16 17 -19 19 -21 21 -23 23 -25 -26 -27 -28 28 29 -31
leaf_value=-0.022009584518158393 0.0012604530260611254 -0.016976841706944273 0.0084902366113636038 -0.0048993717472519665 0.0050028573788867027 -0.00056955246353697787 -0.011639981852681001 0.01967320577280909 0.04016180808727008 -0.010256302274347612 0.00482111722111937 0.070107841160988865 -0.0071236032495681266 0.0056121893328599714 -0.02977715951710087 0.0022257048868481312 0.10898233180515354 -0.0056265364401597547 -0.021902340610532488 0.041365986011058217 -0.0077992800412436773 -0.029909557947298972 0.0079722869650610539 0.055453418699825167 -0.0096448720012948935 -0.027449341181539459 0.021171713886278636 -0.0045003336206342146 0.0621803780018809 -0.012985846782177317
leaf_weight=19086.589247195981 341465.58350125048 5767.1479449002072 22374.88961602468 625.52856468968093 47305.954780905508 12207.020175293088 21816.865110621788 4663.9811778571457 590.23328995145857 37035.218540391885 15422.607035511173 494.95846024993807 12523.02905574441 32176.787474103272 1666.6627750433981 2219.5813062312081 411.80388763919473 282.00291566923261 2585.8032438419759 668.62710093706846 2140.9037188887596 1083.9004317969084 3833.7008967548609 1072.8533226326108 9566.7799123087898 1180.4654067950323 3967.636466562748 6163.7864417228848 720.41000393033028 595.16439680755138
leaf_count=154700 646061 34296 79621 1927 94631 20791 37788 18065 4748 182791 28732 2080 26214 92355 1995 4930 2167 522 2560 2088 2907 971 7818 3637 14387 6574 15720 14411 2761 710
internal_value=-1.2367e-05 0.000696807 0.000870786 0.000568625 -0.0016344 0.000778882 -0.00287746 0.00503191 -0.00503307 -0.00541011 -0.000672055 0.028561 0.0015532 0.00184118 -0.00640924 -0.0053247 0.0168601 0.0629806 -0.00727581 0.00108947 -0.00145954 0.00506026 0.0104734 0.0184461 -0.00193438 0.00251157 0.00732557 -0.00831202 0.00130512 0.0283338
internal_weight=611716 592630 586863 564488 174355 101960 54653.7 16871 72395.2 71804.9 27290.3 1120.49 390133 377610 37782.7 36116 2913.39 693.807 33202.7 11385.8 10717.2 8131.36 7047.46 4906.55 26169.9 16603.1 36144.4 44514.6 7479.36 1315.57
internal_count=1508958 1354258 1319962 1240341 459991 200870 106239 38856 259121 254373 53700 4007 780350 754136 67383 65388 7619 2689 57769 19981 17893 15333 14362 11455 49693 35306 108075 200673 17882 3471
cat_boundaries=0 1 2 3 4
cat_threshold=665616 360896 16900 2662464
is_linear=0
shrinkage=0.03


Tree=110
num_leaves=31
num_cat=2
split_feature=114 55 114 97 96 58 69 20 51 54 97 121 116 98 113 65 116 116 116 54 124 98 127 65 97 116 55 65 116 116
split_gain=10082.9 1952.76 1360.78 1419.5 1339.37 1242.65 1152.33 1068.36 1248.2 1437.88 1310.67 1324.88 1228.72 1213.63 1037.73 968.533 953.603 1832.28 1167.36 1255.37 2046.73 1403.55 1401.47 1193.45 1170.86 1146.88 1002.33 1197.2 1622.77 972.157
threshold=0 12.500000000000002 1 289.50000000000006 0.050000008195638664 3.5000000000000004 80.500000000000014 24.500000000000004 1328.5000000000002 1486.5000000000002 2397.5000000000005 16.500000000000004 147.00000000000003 1357.229187011719 -0.25000000000000006 1.0000000180025095e-35 130.50000000000003 145.00000000000003 20.500000000000004 1067.5000000000002 14.500000000000002 520.76593017578136 6.5000000000000009 8.5000000000000018 194.50000000000003 4.0000000000000009 4.5000000000000009 1.5000000000000002 220.00000000000003 1.0000000180025095e-35
decision_type=9 10 9 10 10 2 2 2 2 2 10 2 10 10 2 2 10 10 10 2 2 10 2 2 10 10 10 2 10 10
left_child=-1 2 5 4 -4 6 16 8 9 -5 11 13 -11 -10 15 -15 18 -18 19 21 22 24 23 -21 -2 -25 27 28 -19 -23
right_child=1 -3 3 7 -6 -7 -8 -9 10 12 -12 -13 -14 14 -16 -17 17 26 -20 20 -22 29 -24 25 -26 -27 -28 -29 -30 -31
leaf_value=-0.021728466129018114 -0.00021984824986990133 -0.018634465709920202 -0.0048296918224450406 0.0010270074853871275 0.047662484585205882 0.015766180489744243 -0.0036533098227131485 0.013743079553015018 0.012697779646867991 0.00052441868952716358 0.031204413193753285 0.026750588788467193 -0.013678810063896955 0.01574029459075665 0.004452563378384935 -0.020834398901610957 0.030516264002255371 0.042141003896036297 -0.0025908826137385761 0.00689461017312922 0.020400091894069789 -0.0053892253814573753 -0.02158075106161227 0.00058600031886991977 0.0082603792591077006 -0.022834918807811837 -0.0027498495009737321 0.0038870753485554391 0.0089610551133380428 0.025583835681130537
leaf_weight=18683.196034445427 42815.360430496745 4681.4663616642356 74641.707586538978 57972.949875985272 430.13061480969191 5611.9989600777626 34797.031664986163 5492.6607560869306 5531.9558263830841 9262.0294818682596 1813.4986420832574 2105.6787261031568 13418.483128294349 770.48675626516342 5203.0602652542293 3998.2142800316215 2321.1258057504892 1673.7497549802065 62186.866284091957 46350.715955150314 7136.6988972919062 36397.04605108127 1934.587052077055 17730.298332497478 22267.083122935146 2095.0683646351099 18608.169203462079 97791.142555981874 6296.5501675978303 925.7012830991298
leaf_count=154850 94760 29906 274441 105050 2330 26354 70074 29979 12783 18465 5058 6082 21308 1922 9813 4361 13114 5178 101256 92824 21433 54447 2531 45570 47935 2556 37774 199959 13246 2420
internal_value=-4.11621e-05 0.000643686 0.000797608 -0.00136921 -0.00452263 0.00175946 0.00156325 0.000873321 0.000165666 -0.00147867 0.00699099 0.00448109 -0.00788097 0.0014412 -0.00480999 -0.0149044 0.00205858 0.0041639 0.00094636 0.00218464 0.00512632 2.28006e-05 0.00352316 0.0042602 0.00268237 -0.0018993 0.00366966 0.0047993 0.0159729 -0.00461437
internal_weight=610945 592262 587580 180641 75071.8 406939 401327 105569 100076 80653.5 19422.9 17609.4 22680.5 15503.7 9971.76 4768.7 366530 126691 239839 177653 75247.4 102405 68110.7 66176.1 65082.4 19825.4 124370 105761 7970.3 37322.7
internal_count=1507779 1352929 1323023 491592 276771 831431 805077 214821 184842 144823 40019 34961 39773 28879 16096 6283 735003 269271 465732 364476 164914 199562 143481 140950 142695 48126 256157 218383 18424 56867
cat_boundaries=0 1 2
cat_threshold=665616 360896
is_linear=0
shrinkage=0.03


Tree=111
num_leaves=31
num_cat=5
split_feature=52 72 57 34 113 72 116 55 57 57 47 52 113 99 55 113 99 131 57 47 119 73 113 66 57 98 73 131 75 99
split_gain=5776.52 3310.15 2699.59 1212.14 1101.43 1702.8 1120.34 1013.79 982.713 944.985 903.657 1454.67 1693.06 1279.61 887.892 874.825 919.576 1172.06 911.282 872.973 841.944 841.73 782.041 1602.38 904.981 859.176 1150.66 755.533 872.32 862.529
threshold=4266.5000000000009 1168.5000000000002 0 2.5000000000000004 -0.25000000000000006 193.50000000000003 526.50000000000011 10.500000000000002 1 2 0.074999999254941954 3792.5000000000005 1.0000000180025095e-35 1.6677572131156924 0.074999999254941954 -0.93301269412040699 0.50697129964828502 2111.5000000000005 3 0.13499999791383746 1.0000000180025095e-35 0.23653645813465121 -0.68301269412040699 2.5000000000000004 4 929.03060913085949 0.028512051329016689 1.0000000180025095e-35 0.0039860167307779202 0.78328746557235729
decision_type=2 2 9 2 2 2 10 10 9 9 8 2 2 8 8 2 10 2 9 10 2 2 2 2 9 10 2 2 2 8
left_child=3 4 14 8 5 -2 -6 19 -1 -10 11 -11 -13 -14 -3 16 -12 18 -18 -4 22 -5 23 24 -17 26 -26 28 -24 -30
right_child=1 2 7 21 6 -7 -8 -9 9 10 15 12 13 -15 -16 20 17 -19 -20 -21 -22 -23 27 -25 25 -27 -28 -29 29 -31
leaf_value=0.017521197697404463 0.062768611287260717 0.0056439768909654067 -0.004584102557514391 0.0066394725105862135 0.0020170513364121474 -0.029184509621491484 0.067651878298281537 -0.021571813400523655 -0.023583472322283527 -0.022317083758170979 -0.00068481557406604424 -0.029068039169650006 0.017929378327890464 0.18973340677953537 -0.021671586258699322 -0.0074911822655687075 0.013714066154395389 -0.01141465130693717 0.0026508276896620004 0.018593174546776822 0.0034423283448105756 0.027989842083973954 -0.035172188469150635 0.0024401514875911469 0.041652111198976334 -0.0089713086450893837 0.0020899191200690584 -0.00025873201615698793 -0.00029872947156138561 0.0070214874161364307
leaf_weight=3037.1615100530908 718.22062711417675 1125.0369767360389 16312.728496922646 10080.027833327651 4968.0293317539617 234.64846587274224 235.67188026569784 2910.8240872137249 1446.6896301554516 2788.9732555067167 19701.267131871544 135.03493312746286 73.676863061264157 78.830661959946156 20858.549870801158 45687.482746642083 17198.23656430468 2654.9895050339401 11008.293102628551 1596.667895950377 64066.068494375795 1982.8507204726338 511.48588411509991 31395.094860089943 1042.7166762091219 1972.0320990234613 1784.1446438506246 286680.65517969057 25852.736381506547 32938.4306780966
leaf_count=7856 3068 3168 112144 32186 22396 1506 1521 23512 4297 40149 40155 2233 846 1414 165303 70433 41046 4222 24518 8174 135859 10611 790 72818 3383 3684 3547 543825 49701 74425
internal_value=-9.48938e-05 -0.009977 -0.0129353 0.000766 0.0105781 0.0400568 0.00511366 -0.00518034 0.000559602 0.00046478 0.000529411 -0.0156573 0.0475177 0.112945 -0.0202625 0.000621503 0.00437879 0.00761045 0.00940463 -0.00250857 0.000235232 0.0101692 -0.00024505 -0.0028813 -0.00619029 0.00618733 0.0167782 0.000378918 0.00346097 0.003803
internal_weight=611077 48960.4 42803.8 562117 6156.57 952.869 5203.7 20820.2 550054 547017 545570 3076.52 287.542 152.508 21983.6 542494 50562.8 30861.5 28206.5 17909.4 491931 12062.9 427865 81881.5 50486.4 4798.89 2826.86 345983 59302.7 58791.2
internal_count=1508790 340792 312301 1167998 28491 4574 23917 143830 1125201 1117345 1113048 44642 4493 2260 168471 1068406 109941 69786 65564 120318 958465 42797 822606 153865 81047 10614 6930 668741 124916 124126
cat_boundaries=0 1 2 3 4 5
cat_threshold=84288112 2195464 2281701634 397328 25297089
is_linear=0
shrinkage=0.03


Tree=112
num_leaves=31
num_cat=8
split_feature=114 103 72 99 114 100 35 49 52 57 114 107 114 124 35 121 114 72 112 70 113 75 96 60 112 124 49 114 112 57
split_gain=9446.32 1632.36 1936.62 2405.42 1981.96 1558.2 1434.04 1383.26 1210.33 1168.63 1516.25 1132.57 1102.82 1074.67 985.472 975.987 953.377 1356.62 1592.83 949.985 940.383 923.28 1916.57 1103.26 906.575 1306.6 1720.57 892.282 1018.7 1199.86
threshold=0 1.0000000180025095e-35 1759.5000000000002 17.404474258422855 1 -1325.0997314453123 12.500000000000002 1.0268285274505617 1094.5000000000002 2 3 0.18930211663246158 4 15.500000000000002 12.500000000000002 49.500000000000007 5 748.50000000000011 0.93301269412040722 1.0000000180025095e-35 -0.93301269412040699 0.011909390334039928 -1.4999999999999998 1.5000000000000002 0.93301269412040722 17.500000000000004 3.2122811079025273 6 -1.0000000180025095e-35 7
decision_type=9 2 2 8 9 8 2 8 2 9 9 2 9 2 2 2 9 2 2 2 2 2 10 2 2 2 8 9 2 9
left_child=16 2 6 7 5 -5 8 11 12 10 -10 -4 -2 -13 21 -16 17 -1 -19 -20 -9 22 -3 -24 -6 -26 -27 -7 29 -29
right_child=1 14 3 4 24 27 -8 20 9 -11 -12 13 -14 -15 15 -17 -18 18 19 -21 -22 -23 23 -25 25 26 -28 28 -30 -31
leaf_value=0.026929936392146178 -0.012170976117006351 0.0042904182540131463 0.010414407707063542 -0.022021644594029159 -0.018459732490791855 0.062899265072281371 0.028250705276634515 0.0043928255872758533 0.052907990074064416 5.2451782824157124e-05 0.014059851916029072 0.0046324219394550288 0.0034603312606618902 -0.013173302536693129 0.026326389551519697 -0.00060186347775748603 -0.027682673051188312 -0.022373751257257986 0.064551892496561042 -0.0014557496442901892 -0.0020185302240239653 0.0016230653207745039 -0.03531817842265849 0.031974013099459624 -0.0095206971615422898 -0.022018800719603333 0.098449168553183877 0.088122954224652217 0.00011181748924845897 0.015839975025127774
leaf_weight=668.00493417307734 4649.7445513736457 21472.736765913665 17106.923589584418 1578.6483388403431 15254.377557713538 275.09814293682575 2271.6059686038643 22554.714845411479 1150.3255078848451 3371.2340668244287 4161.2419268460944 9468.4988087080419 31215.041789578274 4488.6717417072505 3052.7871290193871 2003.1846888959408 9858.4014477222227 6686.1477380562574 284.38050789479166 587.29176317388192 235282.33685402572 201894.86503344681 226.09603781998158 3439.2483478486538 1628.426774546504 176.67213828675449 248.05891001690179 251.03382038325071 3245.1586544569582 963.96319960616529
leaf_count=2859 6202 52749 39071 23981 89120 1117 9404 52990 4209 17150 11799 19802 64117 6234 12559 4692 99844 47102 2012 3456 484183 402429 193 19181 7053 883 1775 1193 16573 4639
internal_value=-2.4011e-05 0.000629387 -0.000637236 -0.00148971 -0.0106921 0.00369615 0.0050522 -0.00073695 0.00386317 0.0139063 0.0226401 0.00524259 0.00142853 -0.00109929 0.00259046 0.0156772 -0.02137 -0.0137556 -0.0174006 0.020567 -0.00145754 0.00229834 0.00771899 0.0277383 -0.015933 0.00276102 0.0489852 0.0123061 0.00889126 0.0322207
internal_weight=609515 591431 359342 312523 23621.4 6313.9 46819.2 288901 44547.6 8682.8 5311.57 31064.1 35864.8 13957.2 232089 5055.97 18084.2 8225.82 7557.82 871.672 257837 227033 25138.1 3665.34 17307.5 2053.16 424.731 4735.25 4460.16 1215
internal_count=1508571 1353298 861495 748614 146334 47503 112881 602280 103477 33158 16008 65107 70319 26036 491803 17251 155273 55429 52570 5468 537173 474552 72123 19374 98831 9711 2658 23522 22405 5832
cat_boundaries=0 1 2 3 4 5 6 7 8
cat_threshold=665616 360740 196680 262532 1064 8208 32800 4160
is_linear=0
shrinkage=0.03


Tree=113
num_leaves=31
num_cat=2
split_feature=53 57 74 71 103 57 75 65 100 128 116 71 22 51 51 56 99 131 124 121 116 128 131 51 116 121 52 121 54 103
split_gain=5378.18 1776.12 1324.93 1329.24 1249.82 1229.24 1465.06 1355.68 1108.31 1089.58 1628.24 1081.81 1050.58 897.24 1696.28 1334.87 988.549 1296.6 1292.79 1934.89 2926.86 2127.61 1586.98 1764.58 1400.26 1186.75 976.886 2252.59 1153.49 953.382
threshold=4254.5000000000009 0 0.28902274370193487 581.50000000000011 2.5000000000000004 1 0.0085175707936286944 16.500000000000004 1044.2446899414065 6.5000000000000009 209.00000000000003 27.500000000000004 2.5000000000000004 1001.5000000000001 358.50000000000006 -1.0000000180025095e-35 2.8167923688888554 1503.5000000000002 3.5000000000000004 15.500000000000002 60.500000000000007 10.500000000000002 22.500000000000004 1364.5000000000002 14.500000000000002 88.500000000000014 1959.5000000000002 4.5000000000000009 2136.5000000000005 1.0000000180025095e-35
decision_type=2 9 2 2 2 9 2 2 10 2 10 2 2 2 2 10 8 2 2 2 10 2 2 2 10 2 2 2 2 2
left_child=4 2 3 -2 12 7 -7 8 9 -6 -11 -8 13 14 -1 16 18 -18 19 22 21 -21 -15 24 -24 -23 -25 -28 -29 -16
right_child=1 -3 -4 -5 5 6 11 -9 -10 10 -12 -13 -14 15 29 -17 17 -19 -20 20 -22 25 23 26 -26 -27 27 28 -30 -31
leaf_value=0.00069391447266443115 -0.018063343623137232 -0.0032812461842382412 0.0074072772928613162 0.025851549974813069 0.0098496760596561601 0.023063941503146994 0.0065171615297056583 0.020664307248634255 0.047257196437217687 -0.007187568659380408 0.013302337427046495 -0.0089775704953926668 0.01273297962144344 0.0066167021183082481 -0.0055933957708396318 -0.011823034292026162 0.015098213560502354 -0.017609974783312044 0.0095345674089580869 -0.03736696936892011 0.038991748312742679 0.035326553121771416 0.0097957325952407956 -0.0063141483750829555 -0.022994149057015356 -0.024025392071972452 0.040557077516330413 0.030675394676788276 -0.014132024777171801 0.00068773817380078791
leaf_weight=317188.19046161138 23605.506656923331 21570.217343223281 2193.1465531815775 628.6296334322542 18210.42146384716 2005.0304057002068 6033.7408246397972 6238.2242754399776 552.80012457072735 11235.544959567487 5051.471689760685 12321.916716061532 6020.3997658416629 10417.389043494128 72973.656295709312 4941.9595522470772 11267.297146631405 1199.2101573199034 16782.043527457863 1103.9545540511608 2599.0285812318325 1013.0044385641813 1381.5646498277783 9468.0793939419091 7544.2608279697597 422.72708609700203 1498.5952676236629 651.85263627767563 2355.8571300655603 30977.934208460152
leaf_count=698960 177905 144144 16990 2374 39835 8589 14295 32173 1818 18949 11437 27301 19682 19329 113163 6609 25409 1285 34873 488 8129 3000 2602 13797 7043 411 4691 1849 2933 49817
internal_value=-3.98262e-05 -0.00967742 -0.014888 -0.016914 0.000784226 0.00481405 -0.0012192 0.00778722 0.00549234 0.00480959 -0.000828294 -0.00388348 0.000287078 0.000135079 -0.000396074 0.00321385 0.00431301 0.0119403 0.0025898 -0.000442537 0.0166737 -0.00622913 -0.00308666 -0.00750172 -0.0179136 0.0178061 -0.000843337 0.0106398 -0.00435157 -0.00372171
internal_weight=609454 47997.5 26427.3 24234.1 561456 61649.2 20360.7 41288.5 35050.2 34497.4 16287 18355.7 499807 493787 421140 72646.8 67704.9 12466.5 55238.4 38456.3 5138.71 2539.69 33317.6 22900.2 8925.83 1435.73 13974.4 4506.31 3007.71 103952
internal_count=1509880 341413 197269 180279 1168467 154397 50185 104212 72039 70221 30386 41596 1014070 994388 861940 132448 125839 26694 99145 64272 12028 3899 52244 32915 9645 3411 23270 9473 4782 162980
cat_boundaries=0 1 2
cat_threshold=151396944 467144
is_linear=0
shrinkage=0.03


Tree=114
num_leaves=31
num_cat=3
split_feature=53 72 57 103 112 55 57 49 113 72 55 112 120 121 59 121 69 99 67 57 112 121 19 98 54 54 98 98 121 53
split_gain=4949.03 3005.04 2651.7 1254.76 1239.08 1280.68 1080.52 1156.63 1054.13 1554.21 1014.14 1011.32 1126.73 1465.48 1102.3 1076.93 1156.4 1052.61 1388.32 1245.7 1108.65 1540.06 1033.14 1405.71 988.186 981.925 947.271 934.172 901.598 891.178
threshold=4254.5000000000009 1168.5000000000002 0 4.5000000000000009 0.93301269412040722 0.074999999254941954 1 -0.66382446885108937 -0.25000000000000006 193.50000000000003 10.500000000000002 -1.0000000180025095e-35 47.500000000000007 228.50000000000003 1.5000000000000002 77.500000000000014 8.5000000000000018 0.81112226843833934 21.500000000000004 2 -0.68301269412040699 5.5000000000000009 1.0000000180025095e-35 1222.8459472656252 1361.5000000000002 970.50000000000011 1169.603942871094 242.27292633056643 326.50000000000006 3926.5000000000005
decision_type=2 2 9 2 2 8 9 10 2 2 10 2 2 2 2 2 2 10 2 9 2 2 2 8 2 2 8 10 2 2
left_child=3 8 4 11 5 -3 25 -8 9 -2 -4 17 14 15 29 -14 -17 19 20 26 -19 27 23 -21 -23 -5 -1 -22 -16 -13
right_child=1 2 10 6 -6 -7 7 -9 -10 -11 -12 12 13 -15 28 16 -18 18 -20 22 21 24 -24 -25 -26 -27 -28 -29 -30 -31
leaf_value=0.0014271829967821322 0.060128941532936277 0.010196491955457854 -0.0019305558778335806 -0.02011998679715736 0.0013806454710730404 -0.024222390141072074 0.0035877193565981426 0.020053045578596815 0.0047960860222404748 -0.029108050324725708 -0.021289806730157887 0.00059822954024530794 -0.0097705716441145174 -0.0062042906977303408 0.0078803233408105428 0.037709908575167421 0.0048272682891543246 0.0049483263766219631 -0.0062026091719071339 -0.0038932477687814659 0.0097459554706276069 0.00037687340536681011 0.0012695205206830495 -0.013512357062774658 0.016425332895016034 0.0074517576030837876 0.025119545273622694 -0.00982380501422166 -0.034954807245135298 0.032251886080587974
leaf_weight=20412.283836424351 726.08190125133842 1024.3250935301185 17618.010081736837 2042.3041366860271 2217.2599100894295 17669.511738041416 7600.0598856657743 7761.3045911341906 5233.435704309959 223.98424726584926 2816.5105990823358 279534.43797727302 823.05785248428583 2487.0898314025253 25582.465231971815 3080.7355353347957 1402.5947065241635 59116.800419288687 20453.987173021771 50380.029216412455 2505.0355783551931 12070.148371901363 19779.73875690531 18763.544675251469 4827.2133528310806 2672.6801689118147 1631.0378973176703 17347.184146482497 440.30122794955969 792.79965005069971
leaf_count=36910 3048 3040 120512 4114 15690 149980 15224 32352 23993 1514 23650 552947 1766 4942 75413 10246 3327 124487 42954 85215 7629 22672 59659 32850 13373 7734 4107 24720 520 4584
internal_value=-9.24449e-05 -0.00938657 -0.0123037 0.000694416 -0.0198087 -0.022332 0.00805719 0.0119067 0.0101069 0.0390067 -0.00460572 0.000421259 0.00152409 0.0127813 0.0012373 0.0216747 0.0274563 -0.00110301 0.000891014 -0.00319314 0.00240499 -0.00168654 -0.00477531 -0.00650517 0.00496858 -0.00449878 0.00318939 -0.00735075 0.00714241 0.000688897
internal_weight=609036 47529.1 41345.6 561507 20911.1 18693.8 20076.3 15361.4 6183.5 950.066 20434.5 541430 314143 7793.48 306350 5306.39 4483.33 227287 116320 110967 95866.4 36749.6 88923.3 69143.6 16897.4 4714.98 22043.3 19852.2 26022.8 280327
internal_count=1509172 341427 312872 1167745 168710 153020 59424 47576 28555 4562 144162 1108321 653745 20281 633464 15339 13573 454576 235835 218741 192881 68394 177724 118065 36045 11848 41017 32349 75933 557531
cat_boundaries=0 1 2 4
cat_threshold=84288112 554176521 532560 1
is_linear=0
shrinkage=0.03


Tree=115
num_leaves=31
num_cat=0
split_feature=98 112 20 73 73 51 103 93 116 47 55 131 131 51 51 131 116 54 54 112 51 131 55 47 124 112 128 121 128 124
split_gain=4075.65 2130.08 1639.41 1512.91 1277.32 1300.41 1270.87 1146.19 981.738 979.729 975.73 1040.51 967.081 1217.71 2111.71 1117.99 1057.15 1669.88 2757.29 934.501 1334.98 1308.42 1156.46 1365.19 1120.94 978.786 1654.65 1473.37 1303.74 1219.39
threshold=2055.327026367188 0.68301269412040722 19.500000000000004 0.022625501267611984 0.014883722178637983 1056.5000000000002 4.5000000000000009 314.50000000000006 182.50000000000003 0.12499999627470972 5.5000000000000009 2057.5000000000005 265.50000000000006 1437.5000000000002 2086.5000000000005 378.50000000000006 338.00000000000006 3160.5000000000005 2616.5000000000005 -1.0000000180025095e-35 1683.5000000000002 124.50000000000001 0.095000002533197417 4.5000000000000009 7.5000000000000009 -0.68301269412040699 5.5000000000000009 3.5000000000000004 19.500000000000004 14.500000000000002
decision_type=8 2 2 2 2 2 2 2 10 8 10 2 2 2 2 2 8 2 2 2 2 2 8 8 2 2 2 2 2 2
left_child=6 2 4 10 7 -6 19 -2 -5 -4 11 12 13 -3 16 -14 17 18 -15 20 25 24 -21 -24 -22 27 -27 29 -28 -1
right_child=1 3 9 8 5 -7 -8 -9 -10 -11 -12 -13 15 14 -16 -17 -18 -19 -20 22 21 -23 23 -25 -26 26 28 -29 -30 -31
leaf_value=0.0030690627360996131 0.044390448134080183 -0.0032485980533321218 -0.015017299298702106 0.010672522282670922 -0.0059584287393047988 0.029869567811394406 0.0083637328561401245 -0.014933561988499145 0.056447500474851017 0.0060673275371540296 -0.023486341136023239 -0.023791834522820025 0.051234618872317637 0.028775342159583051 -0.020950607992950818 0.0081107539458793437 -0.0014470114688064472 0.031442463574334396 0.20832222963741814 -0.019715406058488736 -0.00071353902890307374 0.038710850865118607 0.029595024337019719 0.0017666143819835302 0.046520674401951095 -0.0071971906621253459 0.0040282086395690402 -0.0022702090055932147 -0.011791665491800449 0.022120671583495913
leaf_weight=50734.576869383454 286.10171775892377 13253.101981125306 2595.9108492583036 1146.1541330832988 8588.4632662357762 1009.9482593499124 19872.061889013276 36339.219649401959 662.8182922359556 8293.6984722493216 1575.5915208104998 1403.214202969335 708.32934285514057 157.80449467524886 621.41174852848053 2213.6205105301924 294.30803603678942 533.62044606916606 147.57588980859146 2230.6472073709592 3621.7163866981864 1395.4324241429567 1585.5005965679884 285040.80907307565 506.64481119811535 50191.647377493791 28129.748062147759 76409.675887851045 5615.8485774807632 3205.6980367386714
leaf_count=102946 1089 58379 40899 2323 13895 2946 59433 192892 2438 45075 7505 12647 4682 839 2843 15525 990 1840 1337 22501 6286 4187 6664 574612 2042 87898 63438 153674 9434 8238
internal_value=-3.13467e-05 -0.00634904 -0.00943922 0.00142059 -0.0119057 -0.00216143 0.000922982 -0.0144582 0.0276629 0.00103192 -0.000861983 0.000993036 0.00294492 -0.000133663 0.023278 0.0187038 0.0475004 0.0644852 0.119396 0.000632137 -0.000841887 0.0137065 0.00175381 0.00192158 0.00518159 -0.00121753 -0.00374397 0.000409505 0.0013928 0.0042052
internal_weight=608371 79830.9 57113.3 22717.6 46223.7 9598.41 528540 36625.3 1808.97 10889.6 20908.6 19333 17929.8 15007.8 1754.72 2921.95 1133.31 839.001 305.38 508668 219811 5523.79 288857 286626 4128.36 214287 83937.2 130350 33745.6 53940.3
internal_count=1509497 408144 296796 111348 210822 16841 1101353 193981 4761 85974 106587 99082 86435 66228 7849 20207 5006 4016 2176 1041920 438143 12515 603777 581276 8328 425628 160770 264858 72872 111184
is_linear=0
shrinkage=0.03


Tree=116
num_leaves=31
num_cat=3
split_feature=53 57 112 70 103 74 71 69 57 65 53 112 51 112 57 124 97 121 121 124 120 121 68 121 121 124 98 49 98 54
split_gain=4443.03 1860.63 1433.93 1488.96 1356.48 1340.76 1384.49 1159.8 1014.18 1262.56 1008.48 985.293 982.223 1555.72 956.061 944.04 989.986 941.932 2280.96 2056.13 923.644 1504.25 1242.25 1091.35 964.318 888.212 874.819 954.336 1111.59 847.031
threshold=4254.5000000000009 0 0.93301269412040722 18.500000000000004 2.5000000000000004 0.14447789639234546 581.50000000000011 15.500000000000002 1 16.500000000000004 2093.5000000000005 1.0000000180025095e-35 1649.5000000000002 -0.93301269412040699 2 9.5000000000000018 2303.5000000000005 13.500000000000002 5.5000000000000009 10.500000000000002 47.500000000000007 228.50000000000003 45.500000000000007 407.50000000000006 77.500000000000014 54.500000000000007 2055.327026367188 1.350369989871979 2851.5708007812505 3227.5000000000005
decision_type=2 9 2 2 2 2 2 2 9 2 2 2 2 2 9 2 10 2 2 2 2 2 2 2 2 2 10 8 10 2
left_child=4 2 5 17 11 6 -2 -7 -6 10 -10 12 26 -14 -13 16 -15 18 -4 -20 23 22 24 -16 -22 -3 -1 28 -28 -18
right_child=1 25 3 -5 8 7 -8 -9 9 -11 -12 14 13 15 20 -17 29 -19 19 -21 21 -23 -24 -25 -26 -27 27 -29 -30 -31
leaf_value=-0.0011808057985267302 -0.020873902123271296 -0.0033361146177700945 0.0081239347203817779 -0.02719349027691563 -0.00063040218275170934 0.020716365554315115 0.026983358338187241 -0.016868542472645201 0.004778838286260207 0.020085733958918602 0.046994943452296746 0.017671550719134149 0.030682870688605843 -0.0056311937032576557 0.0011118398879044048 0.03445043008525548 -0.0040175507497859572 -0.01948928432874034 0.020548838235277752 0.15379417700575856 -0.006160729677769543 -0.0090819077990624483 -0.030400172769810305 -0.034565875608490747 0.032087124441113446 0.035724123806613092 -0.011005506774866766 -0.015905337064721782 0.038078610848981814 0.056340011819392972
leaf_weight=229270.83547734842 19437.092318236828 20658.803308806382 973.62018495053053 786.67983563942835 19854.831178434193 1486.261112655513 551.47138396278024 1449.9952192576602 34345.275734551251 6206.8172559663653 507.10753256082535 3234.6389664150774 2140.815486960113 6215.6419153511524 241233.30192737933 714.77615734934807 380.42194432020187 377.0532734207809 200.72414911491796 215.08164256624877 703.44801029749215 2079.7668476272374 374.49248749017715 764.11863106489182 3680.0956572759897 527.61458657309413 1004.1516751926392 6876.1822787560523 694.15086798556149 451.7097735516727
leaf_count=438363 154967 140384 5722 6692 49398 5891 2006 16416 70321 32610 1623 10108 6121 9404 496021 2677 633 2278 1251 1933 1584 3873 627 662 11396 3424 2093 25368 2706 1627
internal_value=-2.89043e-05 -0.00892214 -0.0143811 0.00691699 0.00071134 -0.0167613 -0.0195407 0.00216176 0.00493762 0.00762793 0.00540639 0.000196185 -0.00114734 0.00810506 0.00151667 0.00184692 -0.00150382 0.0221752 0.0335404 0.0914651 0.00130521 0.0121705 0.0214597 0.000997762 0.0259493 -0.00234588 -0.00153291 -0.0109355 0.00916221 0.0290266
internal_weight=607397 46664.4 25478 2553.16 560733 22924.8 19988.6 2936.26 60914 41059.2 34852.4 499819 247749 9903.37 252070 7762.55 7047.77 1766.48 1389.43 415.806 248835 6837.8 4758.04 241997 4383.54 21186.4 237845 8574.48 1698.3 832.132
internal_count=1508179 340964 197156 17876 1167215 179280 156973 22307 153952 104554 71944 1013263 488992 20462 524271 14341 11664 11184 8906 3184 514163 17480 13607 496683 12980 143808 468530 30167 4799 2260
cat_boundaries=0 1 2 3
cat_threshold=151396944 2710081555 10584088
is_linear=0
shrinkage=0.03


Tree=117
num_leaves=31
num_cat=8
split_feature=114 103 72 98 114 57 113 98 106 53 114 114 99 41 26 75 69 114 99 35 121 114 51 113 113 72 51 68 57 52
split_gain=8337.48 1358.11 1827.05 2279.18 1942.48 1104.46 1082.07 1639.4 1681.39 1065.81 1210.8 1123.19 1029.37 1086.86 977.857 955.881 2014.1 1476.76 1197.68 1024.77 1093.31 935.601 1206.91 1496.49 2656.98 1330.88 1220.78 928.856 898.211 1576.59
threshold=0 1.0000000180025095e-35 1759.5000000000002 2055.327026367188 1 2 -0.93301269412040699 1052.663513183594 0.037152059376239784 1078.5000000000002 3 4 17.404474258422855 1.0000000180025095e-35 16.500000000000004 0.011909390334039928 68.500000000000014 5 3.1385066509246831 7.5000000000000009 396.50000000000006 6 1437.5000000000002 1.0000000180025095e-35 0.68301269412040722 748.50000000000011 70.500000000000014 17.500000000000004 7 1079.5000000000002
decision_type=9 2 2 8 9 9 2 10 2 2 9 9 10 2 2 2 2 9 10 2 2 9 2 2 2 2 2 2 9 2
left_child=21 2 9 6 5 -5 7 -4 -9 10 -2 -11 13 28 -15 16 17 -3 -19 20 27 22 25 -24 -25 26 -1 -17 29 -8
right_child=1 15 3 4 -6 -7 12 8 -10 11 -12 -13 -14 14 -16 19 -18 18 -20 -21 -22 -23 23 24 -26 -27 -28 -29 -30 -31
leaf_value=0.063648715099167516 -0.012154267171804583 0.019773973059050862 0.00160151124717895 0.053283135127741695 -0.015657666518216058 -0.0026716650397559986 -0.0048271336218875865 0.013837406121755557 0.064690319827372472 0.027082512774291731 0.0046805441888580082 0.0053590655137625851 -0.017088431295499713 0.0030500280039129132 0.040548841708192215 0.0015382194359544489 -0.020201547954059242 -0.001675334294758615 0.017759093300663487 0.011158694201721549 0.037850273019886138 -0.027444750437929408 -0.010993988341571946 0.16505387439793848 -0.027667550527458767 -0.020959494975623171 -0.014562934145037251 -0.0079447031223756105 0.0015894647322829208 0.0019377317722920667
leaf_weight=328.09580731391907 4329.6537541076541 9178.3024733364582 20462.311691731215 303.22466223314404 17590.046179592609 17936.784440208226 110107.45811216161 4362.329201717861 667.78748716786504 3625.4755141641945 33180.587401684374 5251.0017577419057 3566.5411773631349 39404.522828920744 626.06440462917089 187131.48891085573 2091.9632561802864 9461.7163392454386 4075.6106758862734 9755.5312088821083 719.97021386772394 9027.0868404181674 383.6897330135107 138.39043682208285 109.3105962574482 6470.9711045497097 376.81016665510833 9772.2851210795343 53590.087133323774 43151.534828901291
leaf_count=1557 5738 39577 44040 1080 81282 101775 189199 11728 2522 10413 72056 24068 32439 74912 2051 367591 3165 18960 10486 30491 2518 99832 2841 1537 851 46911 1300 19588 130581 77938
internal_value=-4.31205e-05 0.00055085 -0.000607704 -0.00143424 -0.00855145 -0.00168412 -0.000509807 0.00537732 0.0207035 0.00494661 0.00273266 0.0142887 -0.00110924 -0.000877711 0.00364648 0.00233793 0.00790216 0.0104981 0.00418139 0.00167196 0.00120312 -0.0208482 -0.0131704 0.0262916 0.0822324 -0.0166927 0.0222215 0.0010672 -0.00175339 -0.00292223
internal_weight=607177 590342 358155 311769 35830.1 18240 275939 25492.4 5030.12 46386.7 37510.2 8876.48 250446 246880 40030.6 232187 24807.6 22715.6 13537.3 207379 197624 16834.4 7807.27 631.391 247.701 7175.88 704.906 196904 206849 153259
internal_count=1509027 1354198 861822 749547 184137 102855 565410 58290 14250 112275 77794 34481 507120 474681 76963 492376 72188 69023 29446 420188 389697 154829 54997 5229 2388 49768 2857 387179 397718 267137
cat_boundaries=0 1 2 3 4 5 6 7 8
cat_threshold=665616 360460 64 1056 312704 65664 8208 2147885248
is_linear=0
shrinkage=0.03


Tree=118
num_leaves=31
num_cat=4
split_feature=114 55 114 96 112 100 51 53 112 53 112 99 97 124 121 113 51 114 97 72 112 114 99 71 72 49 127 103 92 124
split_gain=8083.04 1634.75 1566.13 1281.58 1176.82 1347.44 1154.92 1191.15 1367.37 2092.13 1125.55 1804.43 1516.22 1075.4 1057.64 1018.73 1195.09 1750.56 1018.16 1156.35 2219.42 1293.98 1140.61 1173.59 1102.69 1062.59 1003.98 976.892 1162.09 952.051
threshold=0 12.500000000000002 1 0.040000004693865783 -1.0000000180025095e-35 -257.13346862792963 430.50000000000006 1322.5000000000002 -0.68301269412040699 1500.5000000000002 0.93301269412040722 4.2168035507202157 2465.5000000000005 45.500000000000007 1.0000000180025095e-35 0.25000000000000011 1029.5000000000002 2 337.50000000000006 758.50000000000011 0.68301269412040722 3 4.3687024116516122 10.500000000000002 564.50000000000011 1.356596887111664 4.5000000000000009 1.5000000000000002 8487.0000000000018 10.500000000000002
decision_type=9 10 9 10 2 10 2 2 2 2 2 10 10 2 2 2 2 9 10 2 2 9 10 2 2 10 2 2 2 2
left_child=-1 2 4 18 5 13 7 -7 9 -9 12 -12 14 -2 -6 -8 -17 29 19 20 24 -21 -20 -24 -4 -22 -15 -23 -29 -18
right_child=1 -3 3 -5 10 6 15 8 -10 -11 11 -13 -14 26 -16 16 17 -19 22 21 25 27 23 -25 -26 -27 -28 28 -30 -31
leaf_value=-0.023650578541079759 0.0030640342559322882 -0.0177495394989255 -0.010969899085259867 0.041250659315440308 0.0075797264487905283 -0.00069390449077370376 -0.011460189735333895 0.1011138667238875 -0.012305245457759224 -0.0065762921412048153 9.821030751972996e-05 -0.022347105019827281 -0.010284418281834254 0.013783501873270244 0.0028013152312448089 -0.006305737677311414 0.016719609262155866 -0.022939158314881729 -9.4649308236873073e-05 -0.0030066708914621774 0.067463485443331084 -0.014153427579029508 0.0016040307975599014 0.074365146112676236 0.028937471910996403 0.015242321313233893 0.063125745969581121 -0.027320210483579327 0.021458934885508776 0.059518914902842016
leaf_weight=12701.367802217603 45139.902114201337 4366.4078955515288 3155.2346633709967 597.67990390397608 55713.947125476785 111050.62592298351 18194.601422546431 388.5061956346035 403.52692952752113 272.03532133251429 35161.304918537848 3538.8604305414483 6882.2910645548254 1714.2006581304595 165606.37863253895 8149.2729942686856 1971.1159592717886 823.03959016501904 61505.190864234697 42809.471401154064 677.64007775112987 19348.486783172935 423.64522561617196 367.85118411853909 765.99024166259915 731.17508606333286 466.95108065754175 610.15911167860031 1501.9862383473665 609.16987951099873
leaf_count=128837 85407 29952 8605 3397 121914 231571 23077 1984 683 520 70454 4217 11381 3759 347763 11656 4338 682 132452 102605 2911 161521 1269 2043 3502 1842 1750 1746 4453 2178
internal_value=1.03883e-05 0.000518005 0.000653831 -0.00221712 0.0014879 -0.000322112 -0.00178439 -0.000389872 0.0310513 0.0573264 0.00277087 -0.0019595 0.00357313 0.00406106 0.00400449 -0.00703834 -7.03172e-05 0.0148351 -0.00241737 -0.00491077 0.00850569 -0.00602458 0.000368695 0.035926 -0.00312043 0.0406592 0.0245868 -0.0120335 0.00730522 0.0269108
internal_weight=605648 592947 588580 132495 456086 189183 141862 112115 1064.07 660.542 266903 38700.2 228203 47321.1 221320 29747.2 11552.6 3403.33 131897 69600.1 5330.04 64270.1 62296.7 791.496 3921.22 1408.82 2181.15 21460.6 2112.15 2580.29
internal_count=1508469 1379632 1349680 426346 923334 367605 276689 234758 3187 2504 555729 74671 481058 90916 469677 41931 18854 7198 422949 287185 16860 270325 135764 3312 12107 4753 5509 167720 6199 6516
cat_boundaries=0 1 2 3 4
cat_threshold=665600 361920 263168 16424
is_linear=0
shrinkage=0.03


Tree=119
num_leaves=31
num_cat=5
split_feature=53 72 57 34 71 55 57 113 72 57 47 53 54 74 46 131 74 113 102 124 49 57 57 100 100 128 53 131 52 124
split_gain=3931.82 2717.08 2419.68 1055.42 1015.12 949.513 880.999 880.694 1135.7 861.482 840.488 1414.88 2409.79 828.609 826.456 1079.37 773.792 702.065 698.008 770.39 943.353 1322.14 1077.2 716.578 721.195 757.756 1948.89 991.495 1211.43 2212.19
threshold=4254.5000000000009 1147.5000000000002 0 1.5000000000000002 581.50000000000011 10.500000000000002 1 -0.25000000000000006 176.50000000000003 2 0.074999999254941954 3777.5000000000005 8759.0000000000018 0.012348856311291458 0.22500000149011615 104.50000000000001 1.055958151817322 0.68301269412040722 7.5000000000000009 14.500000000000002 1.1220678687095644 3 4 -2108.0378417968745 3090.381469726563 1.0000000180025095e-35 2255.5000000000005 130.50000000000003 1611.5000000000002 2.5000000000000004
decision_type=2 2 9 2 2 10 9 2 2 9 8 2 2 2 10 2 2 2 2 2 10 9 9 8 10 2 2 2 2 2
left_child=3 7 5 6 16 14 17 8 -2 -8 11 -11 -13 -6 -3 -16 -4 -1 23 20 21 -20 -22 -12 25 26 27 28 -25 -30
right_child=1 2 4 -5 13 -7 9 -9 -10 10 18 12 -14 -15 15 -17 -18 -19 19 -21 22 -23 -24 24 -26 -27 -28 -29 29 -31
leaf_value=-0.015229902191605117 0.053486236571808031 -0.0026256796623420611 -0.021075969715678912 0.0072042818628661812 0.076008115247318347 -0.020849687666467172 0.014161720104380545 0.0050897469834808593 -0.022791375115847074 -0.022377450090887041 0.01097123896860179 -0.014546369183742294 0.16258725712435554 -0.00086056216640637191 -0.007052249160208939 0.08088354408227226 0.051578413326151408 0.0079778823836207501 0.017011905667926611 0.011453346313986191 -0.0074267213261597284 9.1025381498708133e-06 0.0055544075762560931 0.0030359992149897835 0.015804484290861821 -0.00070792004477444491 -0.022601153546331347 -0.0042979591859629296 0.0069167693300568496 0.047244335305515486
leaf_weight=5440.2176008438691 753.61569655779749 16768.88733709557 18292.976499072742 21235.031355587766 137.56908177025616 2618.8594855037518 4117.4316093036905 5108.7567926263437 221.91817263187841 2673.6504216659814 5439.3288728240877 199.26114037446678 94.678545644506812 870.48756791930646 251.18200892116874 238.41034821607172 123.69986602943391 1488.0860253777355 7333.7810436785221 9732.4851155802608 13333.90134601295 9358.680533207953 10090.085320875049 80357.423058912158 2583.9252865370363 362537.60790159088 2769.3178558144718 14873.81239159219 5416.5235617738217 1573.5051922220737
leaf_count=11997 3010 117786 157390 67098 856 23503 11047 23526 1555 40264 16317 3648 834 10045 940 1496 900 3513 28654 34035 29563 23572 36834 149987 8407 657553 4338 23565 10766 6096
internal_value=-4.20024e-05 -0.00853382 -0.0114218 0.000645578 -0.0189459 -0.00405162 0.000387254 0.0101095 0.0360791 0.00052572 0.000418926 -0.0154749 0.0459809 0.0102732 -0.00149438 0.0365306 -0.0205602 -0.0102262 0.000508999 0.00388599 0.0020477 0.00749513 -0.0018358 0.000154937 2.95587e-05 -5.7962e-05 0.00218623 0.0028599 0.00407912 0.0160493
internal_weight=606035 45386.4 39302.1 560649 19424.7 19877.3 539414 6084.29 975.534 532485 528368 2967.59 293.94 1008.06 17258.5 489.592 18416.7 6928.3 525400 49848.9 40116.4 16692.5 23424 475551 470112 467528 104991 102221 87347.5 6990.03
internal_count=1509095 341007 312916 1168088 169191 143725 1100990 28091 4565 1085480 1074433 44746 4482 10901 120222 2436 158290 15510 1029687 152658 118623 52226 66397 877029 860712 852305 194752 190414 166849 16862
cat_boundaries=0 1 2 3 4 5
cat_threshold=683741577 2316042626 10584072 16777232 16781376
is_linear=0
shrinkage=0.03


Tree=120
num_leaves=31
num_cat=6
split_feature=114 114 57 71 102 69 20 74 51 116 128 66 68 69 52 114 114 98 71 69 59 94 114 131 99 71 116 116 131 124
split_gain=7520.73 1381.2 1574.39 1127.76 980.269 956.863 1299.09 916.347 1041.75 1260.22 816.399 808.427 777.052 1002.52 2134.41 1419.46 904.19 1695.02 1094.44 1203.4 870.859 1841.6 1780.18 1966.4 1882.18 1415.47 1042.83 985.468 981.231 1382.23
threshold=0 1 2 9.5000000000000018 11.500000000000002 80.500000000000014 23.500000000000004 0.14083132892847064 1310.5000000000002 20.500000000000004 32.500000000000007 84.500000000000014 4.5000000000000009 53.500000000000007 887.50000000000011 3 4 687.30261230468761 40.500000000000007 6.5000000000000009 1.0000000180025095e-35 1.0000000180025095e-35 5 339.50000000000006 0.64672237634658825 32.500000000000007 307.50000000000006 168.50000000000003 1.0000000180025095e-35 9.5000000000000018
decision_type=9 9 9 2 2 2 2 2 2 8 2 2 2 2 2 9 9 8 2 2 2 8 9 2 8 2 8 10 2 2
left_child=-1 4 3 -3 5 6 12 8 9 -4 -8 -9 13 20 15 -15 17 18 19 -14 21 -2 24 -24 -22 26 27 -26 -23 -30
right_child=1 2 7 -5 -6 -7 10 11 -10 -11 -12 -13 16 14 -16 -17 -18 -19 -20 -21 22 28 23 -25 25 -27 -28 -29 29 -31
leaf_value=-0.023304309887962171 -0.0072739025391944613 0.063679148727789972 0.0029204923186014788 0.010724977925782756 0.018596550839734303 -0.0036932000857640402 0.0080293875935802152 0.0041556033618545549 0.0028911710334691104 -0.008466218913940584 -0.016576690100555642 0.060056725415653912 0.060166613384392977 0.020537621925345299 0.077941511938653632 -0.027747197939059574 -0.00088429250697419045 -0.026393092135120866 -0.011317801513830186 0.0032061068126101148 0.0021664789455179095 0.0064025436401118508 -0.0030375715226704622 0.015817193743016659 0.020198943883635134 0.0074715235632112319 0.029880042868959299 -0.010997839192595281 -0.0013964048209280551 0.0034843998210903632
leaf_weight=12167.649484382011 25606.599580395967 460.62158047920093 10615.631140171085 1592.9919357281178 2852.3310310319066 36422.019423600286 31760.492771890946 7923.782685266342 13044.590548285749 49587.826189932879 1252.6505386382341 229.98564033210278 486.61118498444557 2101.8834193348885 448.83664593100548 720.25487617403269 49639.578893660568 3716.6340236179531 2170.6561818644404 1022.0254653766751 30365.299770660698 28580.016790268943 40615.960133064538 5663.4255588836968 2877.9230514615774 15473.362491764128 6006.9450245648623 1323.8157183527946 134770.94253569189 85240.501089834608
leaf_count=128529 37797 1911 42936 4525 17372 73359 84208 40458 29759 243351 2226 839 1916 5038 1833 680 91321 3170 4897 1794 63307 53757 82948 21571 9775 45605 26124 2472 226693 158829
internal_value=2.33171e-05 0.000503086 -0.00307381 0.0227433 0.00108951 0.000990534 0.00135368 -0.00373055 -0.00479307 -0.00645826 0.007091 0.00580399 0.00091994 0.00141028 0.0179218 0.00813465 -0.00234485 -0.0121157 0.00230612 0.0218539 0.00126636 0.000384942 0.00362798 -0.00072715 0.00722243 0.0132 0.0218669 0.0103672 0.00117412 0.00049467
internal_weight=604742 592574 83455.4 2053.61 509119 506266 469844 81401.8 73248 60203.5 33013.1 8153.77 436831 379796 3270.97 2822.14 57035.5 7395.93 3679.29 1508.64 376525 274198 102327 46279.4 56047.3 25682 10208.7 4201.74 248591 220011
internal_count=1509000 1380471 363779 6436 1016692 999320 925961 357343 316046 286287 86434 41297 839527 736429 7551 5718 103098 11777 8607 3710 728878 477076 251802 104519 147283 83976 38371 12247 439279 385522
cat_boundaries=0 1 2 3 4 5 6
cat_threshold=665600 378240 2195528 32768 263168 114816
is_linear=0
shrinkage=0.03


Tree=121
num_leaves=31
num_cat=5
split_feature=114 55 112 114 51 114 59 97 35 114 53 112 128 131 131 98 97 51 55 46 67 53 114 72 97 97 53 98 75 71
split_gain=7258.77 1388.62 1300.45 1347.91 1319.68 1107.39 1080 963.345 1246.04 1154.54 1442.74 1318.73 1490.5 1595.44 1378.01 1131.23 3284.44 1577.08 1120.55 955.057 932.791 1817.11 1022.2 1750.39 930.068 1823.91 1167.65 922.508 1225.66 937.271
threshold=0 12.500000000000002 -1.0000000180025095e-35 1 1683.5000000000002 2 1.5000000000000002 185.50000000000003 12.500000000000002 3 841.50000000000011 0.93301269412040722 1.5000000000000002 33.500000000000007 222.50000000000003 1595.816101074219 1366.5000000000002 839.50000000000011 0.095000002533197417 0.064999999478459372 20.500000000000004 1063.5000000000002 4 821.50000000000011 2303.5000000000005 1512.5000000000002 2143.5000000000005 1222.8459472656252 0.062815506011247649 286.50000000000006
decision_type=9 10 2 9 2 9 2 8 2 9 2 2 2 2 2 8 10 2 8 10 2 2 9 2 10 10 2 8 2 2
left_child=-1 2 3 -2 19 24 7 18 9 10 -9 15 13 -13 -14 16 -12 -18 -4 27 22 -22 23 -20 25 -6 -27 -5 -29 -30
right_child=1 -3 6 4 5 -7 -8 8 -10 -11 11 12 14 -15 -16 -17 17 -19 20 -21 21 -23 -24 -25 -26 26 -28 28 29 -31
leaf_value=-0.023234927896758149 -0.018984428152747208 -0.016853568396213357 -0.017845332219696596 -0.00058990334034285017 0.036765989964717256 -0.008497894998360029 0.0070724544573631193 -0.014285138654508252 0.02144336390295851 0.0028312313689081363 -0.0081178807709550178 0.017254509820491828 -0.0047701247546304715 0.096576218687284623 0.059211904156430198 -0.0079206619400973097 0.075247320723422231 0.020591773418883269 0.046358078893893866 0.021320632754413069 0.0028545774697573212 0.048230320741660899 -0.0041413586122592359 0.0023384681036523317 0.041363811650277943 -0.013611088720888502 0.03251447138934898 -0.0179607021713683 -0.0056597955507280799 0.0071192607756425681
leaf_weight=11947.828755733557 3754.0458537861705 4176.4213930820115 3587.2626235866919 188976.12850501109 1632.3143047094345 1868.8657881133258 30340.094028122723 8099.1069605536759 2981.7563508967869 189377.1519520944 4628.2461667004973 568.60702689457685 1970.3584694606252 377.50968915596604 347.75696844980121 12567.174334368203 624.43805265799165 1945.5647604055703 880.95643384754658 1655.5822665290907 21589.41616326198 814.71348698809743 56098.43096009735 9306.0543450405821 1207.036528930068 2153.3073111027479 630.16021090745926 6082.6876849401742 29053.827563540079 6272.9946897421032
leaf_count=128908 23558 29885 39035 373822 5119 3596 93576 14132 15418 393243 8898 2261 6011 2072 1705 45928 2538 4723 3441 11051 52568 2897 99046 21710 3761 2711 1881 16001 62678 37173
internal_value=-0.000103067 0.00036332 0.000485608 -0.00119514 -0.000914727 0.0114695 0.00166705 0.00114747 0.0022122 0.00195119 -0.00340171 0.000428858 0.0180637 0.0495837 0.00504138 -0.00249117 0.00698583 0.0341117 -0.00143118 -0.00131508 -0.000765334 0.00452542 -0.00255399 0.00618088 0.0180924 0.011693 -0.00308953 -0.00147866 -0.00553348 -0.00338924
internal_weight=605516 593568 589392 243287 239533 7491.68 346105 315765 223488 220506 31128.8 23029.7 3264.23 946.117 2318.12 19765.4 7198.25 2570 92276.8 232041 88689.6 22404.1 66285.4 10187 5622.82 4415.78 2783.47 230386 41409.5 35326.8
internal_count=1509346 1380438 1350553 541351 517793 17068 809202 715626 496929 481511 88268 74136 12049 4333 7716 62087 16159 7261 218697 500725 179662 55465 124197 25151 13472 9711 4592 489674 115852 99851
cat_boundaries=0 1 2 3 4 5
cat_threshold=665600 528 263456 632 262724
is_linear=0
shrinkage=0.03


Tree=122
num_leaves=31
num_cat=4
split_feature=114 55 103 114 72 74 51 55 51 69 131 116 131 112 107 114 128 116 131 68 128 116 65 35 114 52 100 100 107 51
split_gain=7010.79 1380.14 1165.75 1480.91 1241.98 1088.92 1508.17 1393.47 1166.15 1158.43 1138.26 1110.26 1103.87 1044.47 1177.04 1031.33 1140.02 1738.37 1568.13 1014.88 1007.6 1514.45 1104.62 1047.74 1099.84 1534.57 1422.49 1099.14 1044.93 1013.09
threshold=0 12.500000000000002 1.0000000180025095e-35 1 1388.5000000000002 0.16250202059745791 987.50000000000011 0.095000002533197417 497.50000000000006 15.500000000000002 378.50000000000006 85.000000000000014 276.50000000000006 0.93301269412040722 0.49918448925018316 2 5.5000000000000009 307.50000000000006 20.500000000000004 124.50000000000001 8.5000000000000018 686.50000000000011 17.500000000000004 15.500000000000002 3 760.50000000000011 -678.09143066406239 -2108.0378417968745 0.39298029243946081 1347.5000000000002
decision_type=9 10 2 9 2 2 2 10 2 2 2 8 2 2 2 9 2 10 2 2 2 10 2 2 9 2 8 8 2 2
left_child=-1 2 3 4 -2 6 7 8 15 -7 -8 -10 -9 14 -11 16 17 -5 -19 -6 23 22 29 24 25 -4 28 -27 -26 -22
right_child=1 -3 20 5 19 9 10 12 11 13 -12 -13 -14 -15 -16 -17 -18 18 -20 -21 21 -23 -24 -25 26 27 -28 -29 -30 -31
leaf_value=-0.023057070077289202 0.0065119748354058064 -0.016837487343037607 0.0027837936862656959 -0.00057500980048991234 -2.4360915916783573e-05 0.025167188236972237 0.0023121187171483222 0.086654808896753893 -0.0042918303137319787 -0.015812947625131978 -0.028372485889431073 -0.021312526789731556 0.0041434571460353987 0.039129808683033292 0.015384244747114119 -0.01003881096728235 -0.0078797014592544134 -0.02803278774520912 0.040297889189547187 -0.033047553035756128 -0.0019137984484766807 -0.02574744758454578 0.020832653754273789 0.024756495237704696 0.012579366759414673 0.011723724334207238 0.0036244286666039871 -0.011606523912778817 0.050114016475145171 0.022565874427626208
leaf_weight=11660.359984050505 28204.85721743945 4134.9085951065645 36428.949682727456 6256.0294182514772 241130.80316047417 2207.5866535971873 24753.668434340972 234.12082823738456 5298.7007095981389 3146.066013884265 1128.0469692647457 9903.6419827584177 365.43859319016337 524.90206191223115 1652.0264147841372 20690.424301938154 8451.7130372794345 349.86149708740413 1955.4284888422117 830.48524708300829 50452.081362356432 2181.3064999673516 2126.7492851018906 2017.6449716985226 9872.1949574705213 2092.222935388796 110516.14366429765 13476.905337737408 707.74240500852466 1558.858717828989
leaf_count=128832 62681 29898 77462 22118 463218 7405 53875 1772 13189 14657 2101 21695 4772 2103 7964 144639 26485 560 7981 1126 95055 2525 10338 8033 22917 5301 244079 18785 2410 4293
internal_value=-4.06052e-05 0.000413006 0.0005345 -0.000540408 0.000555484 -0.00394605 -0.00498084 -0.00785627 -0.00837445 0.00694951 0.000964298 -0.0153868 0.0372562 -0.000638866 -0.00506182 -0.0055437 -6.83438e-05 0.00764313 0.0298514 -0.000139068 0.00219297 -0.00129734 -0.000307629 0.00331552 0.00306418 -0.000585406 0.00463089 -0.00846583 0.0151352 -0.0011759
internal_weight=604310 592650 588515 357084 270166 86917.7 79387.1 53505.4 52905.8 7530.58 25881.7 15202.3 599.559 5322.99 4798.09 37703.5 17013 8561.32 2305.29 241961 231431 56319 54137.7 175112 173094 51998.1 121096 15569.1 10579.9 52010.9
internal_count=1508269 1379437 1349539 858341 527025 331316 299187 243211 236667 32129 55976 34884 6544 24724 22621 201783 57144 30659 8541 464344 491198 112211 109686 378987 370954 101548 269406 24086 25327 99348
cat_boundaries=0 1 2 3 4
cat_threshold=665600 377280 1032 114712
is_linear=0
shrinkage=0.03


Tree=123
num_leaves=31
num_cat=5
split_feature=114 55 114 55 49 103 97 112 100 131 97 112 54 114 73 97 97 114 72 55 54 120 75 112 114 54 116 51 53 112
split_gain=6763.73 1331.83 1146.5 1069.03 1418.62 1047.17 1184.03 1011.41 1455.28 1041.87 1016.86 1101.47 1200.2 1746.47 1718.25 1659.28 1584 1496.46 1707.21 2038.34 1819.8 1547.52 1097.65 1049.5 1016.63 1047.52 1009.18 964.825 1324.55 1245.92
threshold=0 12.500000000000002 1 0.095000002533197417 4.4593987464904794 1.0000000180025095e-35 2835.5000000000005 -1.0000000180025095e-35 -246.92572021484372 2529.5000000000005 2465.5000000000005 0.93301269412040722 888.50000000000011 2 0.12187898531556131 71.500000000000014 1777.0000000000002 3 1803.5000000000002 4.5000000000000009 2889.5000000000005 8.5000000000000018 0.0057788756676018247 0.68301269412040722 4 6680.5000000000009 300.50000000000006 463.50000000000006 1322.5000000000002 -0.68301269412040699
decision_type=9 10 9 10 10 2 10 2 10 2 10 2 2 9 2 10 10 9 2 8 2 2 2 2 9 2 8 2 2 2
left_child=-1 2 7 5 -5 -4 -7 8 9 -2 11 12 13 14 -9 -15 -17 18 -14 -20 21 23 -16 -21 25 -19 -18 28 -10 -30
right_child=1 -3 3 4 -6 6 -8 10 27 -11 -12 -13 17 15 22 16 26 24 19 20 -22 -23 -24 -25 -26 -27 -28 -29 29 -31
leaf_value=-0.022894389312988588 0.005050644884759304 -0.016625162492284094 -0.0039223769908868509 0.055792421741249883 -0.017047501396913266 0.00084108750497140022 0.026397556815396912 -0.012900260764270657 -0.0010794092128231789 -0.015427037227971084 -0.008086976851904017 -0.0020029010869042547 0.032438363759791519 0.0098302498658172938 -0.029179809378866245 0.00026630894247003841 0.0073873983503898464 0.0074810510538439491 0.054798995231713367 0.011623815618542706 -0.0057289005012627634 -0.016152837189010734 0.011893879324639785 0.032094527023043433 -0.0052359032292635622 -0.00057726890018901483 0.060491147784766879 -0.0071079538245693618 0.058646288985325312 -0.010188891716626292
leaf_weight=11398.279985754285 46019.560252211057 4088.6119019789621 91576.274643883575 632.94416815973818 378.50738261826336 36780.040083307773 1697.3444508668035 13036.628151045181 113143.39875671454 2340.7338195471093 8011.9104505218565 37416.546092314646 3363.9437636462972 24571.993193300441 655.17948612570763 73500.550551824272 653.61039407551289 51914.90604201518 836.76568223536015 7345.6249411981553 6395.1376351006329 1343.4153105765581 4903.2297658547759 3255.8992056241259 9439.1846578530967 20151.199419856071 631.1101484708488 26696.535829562694 632.681505843997 370.45385821163654
leaf_count=128821 90368 29869 340229 4055 4594 71043 5897 16937 234164 2713 13835 72151 10639 63047 981 139976 1368 119104 2852 17017 12086 1954 17066 10227 16226 37598 2385 37668 2422 669
internal_value=-2.44967e-05 0.000416757 0.000535606 -0.00193748 0.0286341 -0.00217757 0.00197502 0.00124549 -0.000433051 0.0040565 0.00243307 0.00275827 0.0035608 0.00148887 -0.00694478 0.00306818 0.00084578 0.00590928 0.0127482 0.00928573 0.00718046 0.0140909 0.00700874 0.017935 0.00401455 0.00522728 0.03374 -0.00197478 -0.000773713 0.0333761
internal_weight=603182 591784 587695 131065 1011.45 130054 38477.4 456630 189203 48360.3 267427 259415 221998 117952 18595 99357.3 74785.3 104046 22540.8 19176.8 18340.1 11944.9 5558.41 10601.5 81505.3 72066.1 1284.72 140843 114147 1003.14
internal_count=1507961 1379140 1349271 425818 8649 417169 76940 923453 368004 93081 555449 541614 469463 241760 34984 206776 143729 227703 54775 44136 41284 29198 18047 27244 172928 156702 3753 274923 237255 3091
cat_boundaries=0 1 2 3 4 5
cat_threshold=665600 361920 262208 262208 1408
is_linear=0
shrinkage=0.03


Tree=124
num_leaves=31
num_cat=7
split_feature=114 103 114 57 114 32 69 75 65 114 116 51 74 69 75 127 124 51 47 57 75 116 95 116 116 54 100 53 54 114
split_gain=6395.25 1227.05 1420.29 1489 1329.29 1533.38 1038.33 1294.21 1282.6 1130.13 831.802 1071.87 857.564 910.453 865.382 815.156 972.894 807.131 796.664 760.109 918.635 1086.54 980.537 1279.2 752.977 728.975 758.001 728.857 858.318 1302.01
threshold=0 1.5000000000000002 1 2 3 1.0000000180025095e-35 30.500000000000004 0.0077797938138246545 21.500000000000004 4 8.5000000000000018 1056.5000000000002 0.50130891799926769 14.500000000000002 0.062815506011247649 2.5000000000000004 2.5000000000000004 261.50000000000006 0.13499999791383746 5 0.016230027657002214 147.00000000000003 -1.0000000180025095e-35 769.50000000000011 737.50000000000011 7746.5000000000009 108.13806152343751 827.50000000000011 1227.5000000000002 6
decision_type=9 2 9 9 9 2 2 2 2 9 8 2 2 2 2 2 2 2 8 9 2 8 10 8 10 2 8 2 2 9
left_child=-1 2 -2 17 5 18 7 9 19 -6 27 12 14 -14 -12 25 -17 -4 -3 -9 21 -21 23 -23 -20 -13 -27 -5 29 -29
right_child=1 4 3 10 6 -7 -8 8 -10 -11 11 15 13 -15 -16 16 -18 -19 24 20 -22 22 -24 -25 -26 26 -28 28 -30 -31
leaf_value=-0.022588752238353705 0.0004246753175584722 -0.001047218244822841 0.039457956781168382 -0.007133925579605638 0.034804220385315505 -0.020013835418768392 -0.0059716775974508109 0.0038696074556991977 0.022056191222428446 0.0048614896241593623 -0.017827692450860987 -0.0048123873651339496 0.040303372476253638 -0.00091732853424773928 -0.0070347297020535559 0.020203279459883351 -0.022067175535184544 -0.010502619875172899 0.034901477726613082 -0.019383048476879893 -0.0046893267093597972 0.027791070182445227 0.036512871125946852 -0.012832101667497563 0.00038219454398698293 -0.0093211456553734893 0.03892671346120135 0.079598767014757862 -0.0012403260288782489 0.014844154193205903
leaf_weight=11101.337342008017 400197.22630968504 974.72504928708076 1065.19808536442 3274.3178301714361 2135.8639261871576 852.3500704318285 11861.236898750067 61746.580625940114 2959.2106269747019 2428.6091627329588 8044.7791457250714 12240.391882089898 610.92946369387209 2157.2849891865626 39570.795092271641 3033.8861326649785 575.50319327041507 394.10212868452072 3390.7068914994597 954.60433669388294 22721.823291249573 1270.7242864221334 1383.1779537498951 1523.3028099089861 683.20259240269661 484.92515816539526 718.39758848119527 298.73153879400343 2743.0286013879813 2503.6761579383165
leaf_count=128381 763916 2860 4340 6619 11096 1411 24105 125575 19736 6731 34966 26197 2090 12619 229481 7836 1210 651 11301 1711 46064 5263 8413 2945 1238 796 2759 1708 9796 7802
internal_value=-4.9708e-05 0.000373129 -0.000296086 -0.00400675 0.0031568 0.0170013 0.00240392 0.00342755 0.0026574 0.0190048 -0.00458397 -0.00571765 -0.00791766 0.00829217 -0.00886159 0.00078317 0.0134211 0.0258102 0.0233113 0.00201433 -0.00209904 0.00935257 0.01595 0.00567655 0.0291276 -0.00261733 0.0195668 0.00407574 0.0106954 0.0223412
internal_weight=603901 592799 477913 77715.9 114886 5900.98 108985 97123.9 92559.4 4564.47 76256.6 67436.9 50383.8 2768.21 47615.6 17053.1 3609.39 1459.3 5048.63 89600.2 27853.6 5131.81 4177.21 2794.03 4073.91 13443.7 1203.32 8819.75 5545.44 2802.41
internal_count=1509616 1381235 1112786 348870 268449 16810 251639 227534 209707 17827 343879 317954 279156 14709 264447 38798 9046 4991 15399 189971 64396 18332 16621 8208 12539 29752 3555 25925 19306 9510
cat_boundaries=0 1 2 3 4 5 6 7
cat_threshold=665600 378240 2195528 1060 65664 537337921 64
is_linear=0
shrinkage=0.03


Tree=125
num_leaves=31
num_cat=4
split_feature=114 114 103 57 97 100 128 47 131 52 131 103 71 119 64 128 116 35 121 43 74 131 114 79 121 51 54 100 53 121
split_gain=6210.49 1204.78 1474.54 1381.4 1056.59 1661.8 2046.66 1756.03 1147.01 1200.08 1214.96 924.092 890.505 849.615 898.48 837.717 857.327 828.895 757.552 745.176 729.006 712.02 1062.43 695.029 663.91 681.892 763.733 666.73 609.803 599.237
threshold=0 1 1.5000000000000002 2 1295.5000000000002 897.04168701171886 3.5000000000000004 0.024999999441206459 21.500000000000004 815.50000000000011 48.500000000000007 4.5000000000000009 9.5000000000000018 1.0000000180025095e-35 11.500000000000002 22.500000000000004 147.00000000000003 13.500000000000002 7.5000000000000009 1.5000000000000002 0.66759517788887035 18.500000000000004 3 -1.0100927352905271 5.5000000000000009 1995.5000000000002 1787.5000000000002 572.89932250976574 1609.5000000000002 1.0000000180025095e-35
decision_type=9 9 2 9 10 10 2 10 2 2 2 2 2 2 2 2 10 2 2 2 2 2 9 8 2 2 2 10 2 2
left_child=-1 11 3 12 17 6 24 21 18 -10 -11 13 -3 14 29 16 -12 23 -8 -14 -13 22 -7 -5 25 26 -6 -28 -18 -2
right_child=1 2 -4 4 5 7 8 -9 9 10 15 20 19 -15 -16 -17 28 -19 -20 -21 -22 -23 -24 -25 -26 -27 27 -29 -30 -31
leaf_value=-0.022495748153369469 0.0018965202899452773 0.064395058480903586 0.012829958151215409 0.032837859840657457 0.0065429121582595683 0.043413716363905834 0.021831365846421466 0.022513505500018169 -0.024287374004796674 -0.0045882235525517073 0.04947854202836912 0.0088501645871432288 -0.0092539824836272259 0.0038340963538707629 0.014854476944672301 -0.020062072419878337 0.036523927547756838 0.0090809283252554895 0.089738622747926072 0.039769265382771334 -0.014048274193959157 -0.02047280629976524 -0.01498872526963874 -0.0083994042694886962 -0.021146822479224052 0.028328985572445051 -0.017278338635412952 0.016995610816268089 0.0098408654364875014 -0.0006523059789552342
leaf_weight=10866.686348691117 113825.0196545748 367.69966312451288 4973.2037254925817 361.16051814565435 4042.0289804097265 400.87857880629599 300.29763351008296 1219.9256741795689 671.26748134940863 1653.4563226336613 1264.0523784914985 18330.205277130008 667.59434427088127 65678.169846434146 3705.9344954416156 336.09205741900951 1262.214872052893 2670.9418172407895 298.44711971562356 465.92363525182009 1334.0928303971887 6046.7325417883694 821.15569580206648 46614.816179183312 1588.7625679727644 688.05538065358996 3315.1892672306858 595.24654731806368 1983.5016268705949 306619.25696355756
leaf_count=128374 223741 1571 14444 2843 9347 1358 732 4955 1310 3078 4878 56781 1254 140319 17631 1831 3788 18894 1467 2167 2452 15138 2508 255608 1992 1915 5016 1659 5589 576298
internal_value=-4.24526e-05 0.000370374 -0.00298992 -0.00400522 -0.00456923 0.000268756 0.00542883 -0.0106657 0.0170264 0.013648 0.0175973 0.000915304 0.0243086 0.000659253 0.000167561 0.0251611 0.0285683 -0.00715081 0.0565982 0.0110682 0.00729031 -0.0162575 0.00459732 -0.00807544 -0.0033878 -0.000101721 -0.00259406 -0.0120311 0.0202979 3.77552e-05
internal_weight=602968 592101 82608.6 77635.4 76134.2 26487.3 17998.6 8488.69 7769.33 7170.58 6499.32 509493 1501.22 489828 424150 4845.86 4509.77 49646.9 598.745 1133.52 19664.3 7268.77 1222.03 46976 10229.3 8640.52 7952.46 3910.44 3245.72 420444
internal_count=1508938 1380564 363342 348898 343906 66561 42602 23959 22673 20474 19164 1017222 4992 957989 817670 16086 14255 277345 2199 3421 59233 19004 3866 258451 19929 17937 16022 6675 9377 800039
cat_boundaries=0 1 2 3 4
cat_threshold=665600 378240 2195528 524
is_linear=0
shrinkage=0.03


Tree=126
num_leaves=31
num_cat=7
split_feature=114 114 57 75 99 120 74 72 73 57 120 51 57 128 65 52 114 52 74 26 66 98 99 66 66 67 75 116 99 114
split_gain=6061.46 1056.55 1077.7 818.484 879.828 1584.32 811.769 808.873 1012.34 1039.65 981.314 1156.29 919.623 919.169 864.891 811.075 1197.96 1671.55 863.061 1088.8 1193.48 991.433 778.836 816.891 1117.21 768.457 743.117 1419.11 1773.59 736.802
threshold=0 1 2 0.062815506011247649 13.497063159942629 25.500000000000004 0.28902274370193487 1425.5000000000002 0.02627977263182402 3 1.0000000180025095e-35 351.50000000000006 4 1.0000000180025095e-35 6.5000000000000009 5857.5000000000009 5 8458.5000000000018 0.89015874266624462 19.500000000000004 22.500000000000004 90.467884063720717 0.57684054970741283 3.5000000000000004 1.5000000000000002 69.500000000000014 1.3954774737358095 149.50000000000003 1.0741850733757021 6
decision_type=9 9 9 2 8 2 2 2 2 9 2 2 9 2 2 2 9 2 2 2 2 10 8 2 2 2 2 8 8 9
left_child=-1 7 -3 25 -5 6 -6 8 9 -2 11 13 26 22 -15 18 17 -17 19 21 -21 -9 -10 24 -24 29 27 28 -12 -4
right_child=1 2 3 4 5 -7 -8 15 10 -11 12 -13 -14 14 -16 16 -18 -19 -20 20 -22 -23 23 -25 -26 -27 -28 -29 -30 -31
leaf_value=-0.022412424453590853 -0.0015812454309495527 0.01790536808681345 0.0015144405199710497 0.0006044011297500813 -0.0098444271842016897 0.025882929703112355 0.010994058383297922 0.0079543182291303711 -0.0058186932176681741 0.026139249215188332 0.0032491946652771129 -0.018780791519456885 -0.015133261451498849 -0.013009761013457169 0.02361146071119043 -0.023518105692459681 -0.024268825571611717 0.022542193478819479 -0.0038964625209441375 0.05679478358460964 0.0082730576061736307 0.00066723015947950035 0.015324043634812025 -0.00014650163026780192 0.066943073116233542 0.020731760854538244 0.0049889328402084694 0.0098004224022771296 0.072617340510078648 -0.016152034870067705
leaf_weight=10678.911464708392 1806.3618532940745 2185.3484916952439 2761.5957479067147 42215.100732108578 21938.698121696245 1280.8126829918474 1813.9631389277056 17496.835364634171 1250.2109572738409 3738.5363491233438 547.30822305381298 3223.1078951880336 1368.4532029777765 3543.6384986080229 684.24594415724277 1218.8962861709297 2866.2103341054171 1666.7029410339892 33944.343109145761 621.9343245588243 1656.959710046649 418314.29486387968 953.10346977412701 869.17939825356007 623.67523077130318 668.98702138010412 8230.5069924779236 3678.8659933060408 835.96571781486273 9233.7327055418864
leaf_count=128814 3891 6431 6568 137212 158497 4410 8233 67166 2231 10291 1069 3205 1827 4682 2653 2880 14571 5635 67195 2429 4305 783993 2066 1885 2420 3414 20068 8160 3443 38302
internal_value=-3.31513e-05 0.000371807 -0.00278597 -0.00335614 -0.00203823 -0.00649309 -0.00824906 0.000881085 0.0055482 0.0171664 0.00304636 -0.00366069 0.00814489 0.00250533 -0.00704121 0.000574729 -0.0106129 0.00306142 0.000711275 0.00106837 0.0217054 0.000959966 0.0134147 0.0232292 0.0360345 -0.0103499 0.0105544 0.0195963 0.0453913 -0.0120991
internal_weight=601916 591238 82098.2 79912.9 67248.6 25033.5 23752.7 509139 31353.2 5544.9 25808.3 11147.2 14661.1 7924.05 4227.88 477786 5751.81 2885.6 472034 438090 2278.89 435811 3696.17 2445.96 1576.78 12664.3 13292.6 5062.14 1383.27 11995.3
internal_count=1507946 1379132 363067 356636 308352 171140 166730 1016065 67891 14182 53709 19142 34567 15937 7335 948174 23086 8515 925088 857893 6734 851159 8602 6371 4486 48284 32740 12672 4512 44870
cat_boundaries=0 1 2 3 4 5 6 7
cat_threshold=665600 378240 2195528 553652225 16941120 98304 576
is_linear=0
shrinkage=0.03


Tree=127
num_leaves=31
num_cat=4
split_feature=114 55 112 103 115 69 100 114 52 131 112 20 121 100 114 113 114 97 128 20 112 54 128 54 98 100 131 121 71 71
split_gain=5741.06 1240.21 1070.94 1281.09 1020.2 971.296 1504.79 1146.68 1114.2 1000.55 1535.8 1104.55 1089.69 952.531 931.397 936.68 891.01 1795.53 1411.75 873.573 870.205 1428.14 1021.33 863.516 1168 988.304 1215.93 854.649 1301.58 850.811
threshold=0 12.500000000000002 -1.0000000180025095e-35 3.5000000000000004 1.0000000180025095e-35 4.5000000000000009 -748.86715698242176 1 8118.5000000000009 303.50000000000006 0.25000000000000011 144.50000000000003 29.500000000000004 -246.92572021484372 2 -0.25000000000000006 3 233.50000000000003 12.500000000000002 34.500000000000007 0.93301269412040722 2616.5000000000005 1.5000000000000002 1760.5000000000002 1318.1143798828127 -938.98947143554676 1114.5000000000002 12.500000000000002 39.500000000000007 19.500000000000004
decision_type=9 10 2 2 2 2 8 9 2 2 2 2 2 8 9 2 9 8 2 2 2 2 2 2 10 10 2 2 2 2
left_child=4 2 13 5 -1 9 7 -7 -9 -4 -11 12 23 14 -2 -16 17 29 -19 -14 -6 -22 -23 24 25 26 -12 -5 -29 -15
right_child=1 -3 3 27 20 6 -8 8 -10 10 11 -13 19 16 15 -17 -18 18 -20 -21 21 22 -24 -25 -26 -27 -28 28 -30 -31
leaf_value=-0.030107643372831078 0.0072212388725028474 -0.016184667416601729 0.0017581199096315862 0.013128251292275009 -0.016336554463257436 0.014018668198695603 0.00032965743178194848 -0.01475319267387023 0.030210875708379548 -0.0040478096271962302 0.066885282118828313 -0.011230139461739549 -0.0012469837316991608 0.041581270254773109 -0.005764970150538889 0.0034010798173675829 -0.0024242496188722098 0.013952450595807785 0.0643784499133115 0.030562468526211473 -0.010265571374133416 0.1217826518150045 0.012832885482391226 0.0068203403719455675 0.078771086129880805 0.017649263360542171 0.014630264232748793 -0.015951272670845885 0.0093202614452614109 -0.022478029077581414
leaf_weight=4833.089776089415 21852.462204784155 3988.045493660029 163289.10224110354 14005.205010944977 8166.1469186288305 1583.6110526416451 119421.52174409758 12257.59800483007 507.78956925589591 6337.0513725830242 928.18332618335262 1488.7749814121053 4197.6745814606547 204.54683741927147 17256.745488754474 23943.713943393901 173230.49028474838 2461.5456559238955 619.93270191550255 943.32128756400198 721.62929701665416 143.11286539584398 162.04277584701777 2578.5694238054566 365.23914805054665 5117.0492148771882 711.8311725128442 2730.4244526326656 5536.9105318747461 1452.5171957947314
leaf_count=76734 46847 30032 362854 42929 70992 3685 245018 29662 1940 22926 4121 22516 8466 710 39733 62911 355453 11991 3785 3458 4700 1320 1111 6822 1682 12957 2865 3823 16928 10212
internal_value=1.36007e-05 0.000467123 0.00058131 0.00166067 -0.0189406 0.00117592 -0.000773591 -0.00994936 -0.0129322 0.0025783 0.00848317 0.0133453 0.0158163 -0.000950269 0.00221798 -0.000438466 -0.00207281 0.0107354 0.0242726 0.00463773 -0.0130639 0.0128703 0.0661714 0.0217295 0.0271102 0.0242055 0.0444307 0.00861574 0.000964731 -0.0143686
internal_weight=601036 587010 583022 342000 14026 319727 133771 14349 12765.4 185957 22667.7 16330.6 14841.9 241022 63052.9 41200.5 177969 4738.54 3081.48 5141 9192.93 1026.78 305.156 9700.87 7122.3 6757.06 1640.01 22272.5 8267.33 1657.06
internal_count=1509183 1354326 1324294 792652 154857 728972 280305 35287 31602 448667 85813 62887 40371 531642 149491 102644 382151 26698 15776 11924 78123 7131 2431 28447 21625 19943 6986 63680 20751 10922
cat_boundaries=0 1 2 3 4
cat_threshold=665616 263464 328736 68
is_linear=0
shrinkage=0.03


Tree=128
num_leaves=31
num_cat=2
split_feature=53 72 57 112 70 43 103 71 100 75 113 72 22 73 70 113 75 57 53 75 121 98 124 113 121 107 75 99 98 72
split_gain=2561.71 2361.81 2114.69 1227.19 1298.96 1580.63 1107.18 945.005 870.702 1774.68 855.895 902.814 820.615 811.707 818.807 758.665 874.452 858.962 1210.59 1173.27 1525.89 1534.85 1430.48 1296.25 1196.36 1150.6 1318.44 1156.81 1404.48 1147.91
threshold=4254.5000000000009 1154.5000000000002 0 0.93301269412040722 14.500000000000002 1.5000000000000002 2.5000000000000004 392.50000000000006 1088.8231201171877 11.014589786529543 -0.25000000000000006 169.50000000000003 2.5000000000000004 0.24279303103685382 334.50000000000006 -0.93301269412040699 0.0026799628976732497 1 1445.5000000000002 0.062815506011247649 1.0000000180025095e-35 288.90824890136724 9.5000000000000018 -0.25000000000000006 19.500000000000004 0.058932060375809676 0.75726589560508739 0.49820829927921301 1470.8933715820315 1677.5000000000002
decision_type=2 2 9 2 2 2 2 2 10 2 2 2 2 2 2 2 2 9 2 2 2 10 2 2 2 2 2 10 10 2
left_child=6 10 -3 7 5 -5 12 -4 13 -10 11 -2 15 -8 -15 -1 -17 19 -19 20 21 -18 -22 -21 -24 -25 27 -27 -29 -26
right_child=1 2 3 4 -6 -7 8 -9 9 -11 -12 -13 -14 14 -16 16 17 18 -20 23 22 -23 24 25 29 26 -28 28 -30 -31
leaf_value=0.0036743579280380089 0.052354657113798699 -0.0030223029193816907 -0.022420656249892749 0.010293527737942787 -0.026518443526927848 0.11219094085971064 0.0030121721645244974 0.0069125897017002632 0.072994550692928359 -0.011734448243008729 0.0054556750985783001 -0.017464494313256591 0.011140209471288911 0.021879325425887025 -0.018993877565946494 -0.034562715051992689 0.017212661948049109 0.0021888558474764419 -0.0067829586426537778 -0.0032169705563063603 -0.0077418199720662856 -0.00074879449322041134 0.0039896383460126623 0.0042149573796069597 0.024375525655204826 -0.0080666520404529037 -0.0072697410640254973 0.01149783332104626 0.062693334743942647 -0.010919814655361916
leaf_weight=45170.237602821086 722.69723173044622 19033.90551026538 14321.523244238459 1135.5770316948183 760.67411726946011 146.2551627010107 55499.14983613044 1057.2565184375271 470.42846849560738 409.89283552765846 5072.3998623955995 210.3466123198159 5980.9165292568505 3576.8356416076422 495.17640975862741 663.51482494175434 5357.580221472308 149001.92863141559 14878.266793885734 57094.675196857657 66597.639577366412 21163.242987166159 21797.50507351011 76429.952295342926 892.64197274670005 1851.9414318324998 17733.029678463005 2328.6143160797656 600.53930595703423 10277.905110687017
leaf_count=100390 2907 142692 143278 7382 7074 1540 127084 11272 1908 722 23616 1652 19640 22440 1826 806 14456 295238 23798 123090 114023 35486 44299 177439 2327 3870 32694 5358 2327 18263
internal_value=2.93832e-05 -0.00707327 -0.00994499 -0.0174906 0.00432903 0.0226983 0.000569709 -0.0204009 0.00440325 0.0338546 0.0103467 0.0365963 0.000104114 0.00396242 0.0168746 -3.03122e-05 -0.000405028 -0.000353438 0.00137388 -0.00135681 -0.00350893 0.00288479 -0.00521211 0.000382226 -0.000101146 0.00245922 -0.0035003 0.0104665 0.0221716 -0.00808007
internal_weight=600732 42460.6 36455.2 17421.3 2042.51 1281.83 558272 15378.8 60451.5 880.321 6005.44 933.044 497820 59571.2 4072.01 491839 446669 446005 163880 282125 126087 26520.8 99565.7 156039 32968.1 98944.1 22514.1 4781.1 2929.15 11170.5
internal_count=1508897 341413 313238 170546 15996 8922 1167484 154550 153980 2630 28175 4559 1013504 151350 24266 993864 893474 892668 319036 573632 228854 49942 178912 344778 64889 221688 44249 11555 7685 20590
cat_boundaries=0 1 2
cat_threshold=683676041 2856714627
is_linear=0
shrinkage=0.03


Tree=129
num_leaves=31
num_cat=5
split_feature=53 72 57 112 70 70 121 121 93 102 57 29 112 53 75 93 98 57 70 112 121 128 68 57 68 97 53 121 53 57
split_gain=2283.27 2321.57 2019.31 1223.37 1196.39 1251.05 920.627 1734.03 862.221 853.565 753.528 739.463 701.084 912.693 1208.66 1084.04 944.814 1126.92 936.888 932.124 1974.39 968.887 902.721 879.301 852.404 2719.48 816.845 1466.85 945.397 1609.52
threshold=4254.5000000000009 1199.5000000000002 0 0.93301269412040722 14.500000000000002 2.5000000000000004 11.500000000000002 5.5000000000000009 8739.5000000000018 11.500000000000002 1 3.5000000000000004 -1.0000000180025095e-35 1063.5000000000002 0.013736129738390447 3419.0000000000005 1098.101989746094 2 52.500000000000007 -0.68301269412040699 17.500000000000004 13.500000000000002 51.500000000000007 3 3.5000000000000004 1295.5000000000002 3777.5000000000005 24.500000000000004 1754.5000000000002 4
decision_type=2 2 9 2 2 2 2 2 2 2 9 2 2 2 2 2 8 9 2 2 2 2 2 9 2 10 2 2 2 9
left_child=9 -2 -3 8 5 -5 7 -7 -4 10 -1 12 13 16 -15 -16 -12 22 -19 24 -21 -22 -18 -23 -17 -26 28 -28 -14 -30
right_child=1 2 3 4 -6 6 -8 -9 -10 -11 11 -13 26 14 15 19 17 18 -20 20 21 23 -24 -25 25 -27 27 -29 29 -31
leaf_value=-0.012943746528124486 0.010102974959372228 -0.0030525995769609383 0.0048737069018503342 -0.0029456504320201546 -0.026163537450410296 0.030917545038048125 -0.0043826742541936614 0.16414630085825807 -0.022314812253185403 0.017102340018267034 -0.0012036483584324975 0.011542317970562726 0.0015446849061499001 0.041734551347824805 -0.02672851559135626 0.0041167486018833504 -0.013089962106348149 0.017860360322321252 -0.0072592325307733237 -0.0068647686815740501 0.038657897281965163 0.03867217956888401 0.01507538212829688 -0.013331006383255455 0.0041805691824154563 0.078650040110596189 0.011048331053273859 0.099613205692338891 0.0010948103629606683 -0.015186667509351888
leaf_weight=3826.8788134781644 6178.8134567718953 18960.297817257699 1132.3462942196056 758.51013644365594 717.77172394562513 240.69636572944 156.422508392483 134.30021820357069 13840.3922259924 2720.473186455667 149150.83432302624 5280.162320561707 295706.14011845086 682.44912499189377 1159.2301005525514 32395.266269647516 16664.331107591279 2471.4240063773468 2887.1076908195391 16152.887210160028 1352.4759024195373 402.2779981084168 1083.0244894549251 933.96788352541625 1767.1595257660374 578.80686059314758 1052.8180210124701 191.12415432650596 15469.91192399431 8428.8956546066329
leaf_count=8028 29182 142166 3353 4653 6927 1702 1186 1368 150479 17334 281446 23685 599325 2051 15372 64655 27168 5981 13636 26634 4497 1224 3072 2520 5107 2575 4824 1731 31691 26158
internal_value=-0.00013652 -0.00687195 -0.00979222 -0.0172995 0.00466028 0.0218813 0.0567174 0.081656 -0.0202567 0.000369866 0.00028793 0.000379821 0.000272169 -0.00100099 0.00234727 0.00184871 -0.00207839 -0.00772197 0.00432987 0.00247183 -0.00290007 0.0208556 -0.0113573 0.0026838 0.00538524 0.0228098 0.00117564 0.0253417 0.00108079 -0.00465737
internal_weight=602477 42119.6 35940.7 16980.4 2007.7 1289.93 531.419 374.997 14972.7 560358 557637 553810 548530 227681 55424.5 54742.1 172257 23105.9 5358.53 53582.8 18841.6 2688.72 17747.4 1336.25 34741.2 2345.97 320849 1243.94 319605 23898.8
internal_count=1509730 341016 311834 169668 15836 8909 4256 3070 153832 1168714 1151380 1143352 1119667 455938 124635 122584 331303 49857 19617 107212 34875 8241 30240 3744 72337 7682 663729 6555 657174 57849
cat_boundaries=0 1 2 3 4 5
cat_threshold=683676041 2315518210 553783304 4160 131264
is_linear=0
shrinkage=0.03


Tree=130
num_leaves=31
num_cat=7
split_feature=114 55 114 72 51 54 54 116 116 103 114 32 72 73 57 131 114 98 93 100 98 99 114 98 54 116 114 100 131 46
split_gain=5246.1 1107.09 1058.09 1712.46 1443.36 1568.66 3211.47 1025.79 909.521 842.293 1154.53 1325.03 963.132 1009.6 1290.54 1255.73 1233.54 880.857 1196.96 1146.26 1040.86 1335.76 1885.43 1605.62 1873.89 1347.49 1032.38 1009.59 1085.75 1002.9
threshold=0 12.500000000000002 1 739.50000000000011 1328.5000000000002 2572.5000000000005 3227.5000000000005 21.500000000000004 297.50000000000006 1.5000000000000002 2 1.0000000180025095e-35 1759.5000000000002 0.02627977263182402 3 1.5000000000000002 4 1773.8765869140627 3719.5000000000005 -5734.5600585937491 1470.8933715820315 0.55910891294479381 5 1595.816101074219 1138.5000000000002 436.50000000000006 6 3090.381469726563 4.5000000000000009 0.12499999627470972
decision_type=9 10 9 2 2 2 2 10 10 2 9 2 2 2 9 2 9 8 2 8 10 10 9 10 2 10 9 10 2 10
left_child=-1 2 3 8 7 -6 -7 -5 -2 12 11 -11 13 14 -4 -16 -15 18 -14 -19 -20 22 -22 24 25 -23 -21 29 -29 -28
right_child=1 -3 9 4 5 6 -8 -9 -10 10 -12 -13 17 16 15 -17 -18 19 20 26 21 23 -24 -25 -26 -27 27 28 -30 -31
leaf_value=-0.026351529479381009 0.004060604823899582 -0.015781193389326782 -0.0012863287764478483 0.0047093480094578966 -0.023180338367831954 0.18648807630950973 0.015859256143851974 -0.019671927126591628 0.053999566005794565 0.021173218479998968 0.0020049498224982971 -0.019049323508996911 -0.022919301474015857 -0.014024616170919569 0.073578344383329025 0.017429384310458627 0.0036285557280634649 0.053685173066203191 -0.00034879185962362726 -0.018155168753355634 -0.015879886039873392 0.024230611785240795 0.016481824831975474 -0.0019782644005622396 0.011627376665359113 0.072249557234051839 -0.0054220786087202889 0.064001848229661193 0.0070106889410946885 0.028219850875728023
leaf_weight=6794.6937936260365 863.8767281640321 3904.3947292417288 3814.3129731938243 1889.5019052131101 380.43072309717536 119.35514597641304 436.57385322730988 8624.6759977270849 521.14240306522697 5189.8431599885225 108729.91268876195 850.86249206215143 2053.8540680119768 3999.8317407518625 373.80454371497035 5759.12839246355 31310.220650077797 291.14761350117624 356411.34418985527 4791.5764349354431 4010.2305903490633 1165.1611430756748 2690.2916632816195 3407.9328784160316 4062.9405428208411 972.8099457193166 35174.442305556033 343.81769378297031 2033.162482320331 806.20864349976182
leaf_count=99815 2790 30118 17311 9341 2359 1504 3621 66012 2271 15532 250974 1415 35337 5141 1579 15205 67841 1438 672010 17394 6627 3104 6771 6304 8638 3856 142421 1393 6279 4762
internal_value=-0.000179143 0.000120624 0.000225931 -0.0082867 -0.0121076 0.023411 0.0551403 -0.0152901 0.0231036 0.000415167 0.00271593 0.01546 -0.000154615 0.00400215 0.0124392 0.0209318 0.0016225 -0.000604526 -0.00013573 -0.00464803 -9.57103e-06 0.00739915 -0.00288041 0.0145629 0.0236423 0.0463146 -0.00505397 -0.00340747 0.0154878 -0.00466064
internal_weight=601777 594983 591078 12835.6 11450.5 936.36 555.929 10514.2 1385.02 578243 114771 6040.71 463472 45257.3 9947.25 6132.93 35310.1 418215 374775 43440.4 372721 16309.4 6700.52 9608.84 6200.91 2137.97 43149.2 38357.6 2376.98 35980.7
internal_count=1509163 1409348 1379230 87898 82837 7484 5125 75353 5061 1291332 267921 16947 1023411 107077 34095 16784 72982 916334 742647 173687 707310 35300 13398 21902 15598 6960 172249 154855 7672 147183
cat_boundaries=0 1 2 3 5 6 7 8
cat_threshold=657408 8720 1060 553652353 1 1056 263328 16512
is_linear=0
shrinkage=0.03


Tree=131
num_leaves=31
num_cat=4
split_feature=114 103 114 57 112 52 70 114 74 69 128 71 54 71 54 52 97 92 52 41 97 54 54 98 112 97 97 52 98 70
split_gain=5158.73 1142.93 1253.35 1343.46 1296.83 3525.2 1520.09 1458.12 1390.57 2423.72 1308.92 2406.06 1415.06 1280.74 1680.78 2002.59 1155.93 1103.75 1046.89 1895.88 1333.33 1205.73 1250.17 1110.74 1213.67 1183.22 2335.75 1213.99 983.129 975.248
threshold=0 1.0000000180025095e-35 1 2 0.93301269412040722 1323.5000000000002 18.500000000000004 3 0.16250202059745791 15.500000000000002 6.5000000000000009 31.500000000000004 809.50000000000011 12.500000000000002 3096.5000000000005 1482.5000000000002 227.50000000000003 3552.5000000000005 976.50000000000011 1.0000000180025095e-35 144.50000000000003 3532.5000000000005 2531.5000000000005 1773.8765869140627 -0.93301269412040699 1726.5000000000002 1801.5000000000002 1430.5000000000002 843.38516235351574 255.50000000000003
decision_type=9 2 9 9 2 2 2 9 2 2 2 2 2 2 2 2 10 2 2 2 8 2 2 10 2 10 10 2 8 2
left_child=-1 2 -2 17 7 28 10 18 -9 -10 11 13 -13 14 15 -7 -8 -4 19 29 -20 22 -21 25 -25 -22 -27 -28 -6 -5
right_child=1 -3 3 4 5 6 16 8 9 -11 -12 12 -14 -15 -16 -17 -18 -19 20 21 23 -23 -24 24 -26 26 27 -29 -30 -31
leaf_value=-0.026294863316202722 0.00022084780425543559 0.0019156747192523053 -0.014097285061269661 -0.01425292092523356 0.012669324030489678 -0.0064514211921958553 -0.016564323584808596 -0.019071950200614599 0.041748401149258998 -0.030089331230124878 -0.0013746633164671309 0.049498002251915557 0.17967911196172937 -0.021406177895720455 0.0019879295869860963 0.095848129251719635 0.062659822049866837 0.068809794368183713 -0.01292788106095968 0.012034306968043187 0.0024946515817779445 -0.011849886284448071 0.068700664932072025 0.026962305832525145 -0.012157411589803097 0.071370361786626035 -0.021544502999618947 0.027878471440871969 -0.019593627835171556 0.0093591732652381354
leaf_weight=6634.1709372517653 273568.80960114393 231159.34434692608 217.56191131658852 19247.728698350489 1160.0139520363882 223.11234173178673 833.49856749083847 10362.391790136695 950.5662008728832 745.48867561854422 494.99353481223807 139.02994913421571 184.47830278193578 267.45935895154253 455.11875715851784 727.52268142439425 196.29163361899555 403.74222965957597 6755.2696462534368 2844.0505203893408 25145.712170523126 1736.9475601250306 390.90362933278084 783.15629645437002 7165.3868939643726 674.56308795511723 787.83252593129873 1008.9032239429653 3113.4637829158455 1707.6902319211513
leaf_count=100056 555971 492575 276 33114 3406 309 8331 76625 3744 4116 2187 703 1790 1221 1347 4830 1624 2614 61363 8514 85099 4452 1781 3429 23046 2671 875 2713 5550 14755
internal_value=-2.70197e-05 0.000267504 -0.000784123 -0.00388212 -0.00419616 0.00747923 0.0296621 -0.00533075 -0.01494 0.0101814 0.0422901 0.0530676 0.126895 0.0381244 0.0495219 0.0720214 -0.00100577 0.0393908 -0.00362827 -0.00837461 -0.000720057 0.00826747 0.0190723 0.00160166 -0.00827398 0.00444597 0.0242107 0.00620819 -0.0108269 -0.0123252
internal_weight=600085 593451 362292 88722.9 88101.6 7794.98 3521.51 80306.6 12058.4 1696.05 2491.71 1996.72 323.508 1673.21 1405.75 950.635 1029.79 621.304 68248.1 25927.3 42320.8 4971.9 3234.95 35565.6 7948.54 27617 2471.3 1796.74 4273.48 20955.4
internal_count=1509087 1409031 916456 360485 357595 31298 22342 326297 84485 7860 12387 10200 2493 7707 6486 5139 9955 2890 241812 62616 179196 14747 10295 117833 26475 91358 6259 3588 8956 47869
cat_boundaries=0 1 2 3 4
cat_threshold=657408 377280 98368 1068
is_linear=0
shrinkage=0.03


Tree=132
num_leaves=31
num_cat=5
split_feature=52 57 107 128 34 57 131 70 57 124 116 124 113 51 54 57 97 52 128 88 82 65 57 128 115 52 70 97 54 113
split_gain=2035.28 1230.4 1105.88 1102.28 977.627 703.134 646.149 844.497 1128.31 1043.46 987.561 944.768 1253.7 1551.22 1220.85 1014.42 738.373 800.028 667.698 638.224 606.896 605.64 584.384 575.652 1799.12 2057.33 1015.81 862.683 793.622 763.216
threshold=4266.5000000000009 0 0.013953790068626406 1.0000000180025095e-35 1.5000000000000002 1 1858.5000000000002 7.5000000000000009 2 31.500000000000004 104.00000000000001 1.5000000000000002 1.0000000180025095e-35 1437.5000000000002 3705.5000000000005 3 1451.0000000000002 8759.0000000000018 2.5000000000000004 22.500000000000004 0.012252907268702986 24.500000000000004 4 8.5000000000000018 1.0000000180025095e-35 976.50000000000011 20.500000000000004 2880.5000000000005 4952.5000000000009 -0.68301269412040699
decision_type=2 9 2 2 2 9 2 2 9 2 10 2 2 2 2 9 10 2 2 2 10 2 9 2 2 2 2 10 2 2
left_child=4 2 -2 -4 5 -1 7 11 10 16 -9 12 -3 15 -15 18 -10 -18 -14 22 -8 -6 -7 -24 27 26 -26 29 -29 -25
right_child=1 6 3 -5 21 19 20 8 9 -11 -12 -13 13 14 -16 -17 17 -19 -20 -21 -22 -23 23 24 25 -27 -28 28 -30 -31
leaf_value=-0.01757532155279835 -0.015608782222690297 -0.016987219871640268 0.030744356641613298 -0.006513735549662631 0.0053313249182504159 0.013743266703572133 -0.023252668087267152 0.12840376827513217 0.0048385509725495778 0.04258830888624187 0.013578037425019306 -0.021773224250115554 0.038539096041622478 0.13070389336224386 0.024201184940754881 -0.019395982294586795 -0.025422418963973674 0.019167124416669418 -0.0066735018782545247 -0.029141744119805083 0.063692289963283952 0.025114962633210617 0.00078482496706493686 0.004329206731470402 -0.013327079669480392 0.0055065234120033517 -0.00097000936206378268 0.011913443261773156 0.065367853286668137 -0.0013562693653565313
leaf_weight=1985.6421970287338 15497.927804861218 2089.2352188853547 917.44256078498438 3105.3686492200941 19557.692331035621 2856.3274522246793 1602.4410216496326 114.88399313297123 9579.9636559360661 570.35137955192477 152.31415710831061 2800.1817392739467 781.80958257708699 155.69679625239223 247.31800982076675 931.07456410303712 1549.1356270052493 463.64890231192112 463.41656810184941 655.40858446620405 66.189848673529923 1490.7172353565693 388301.0500096553 30547.672055100091 24370.448952851817 9621.3320402931422 7938.2598683796823 1211.7356556290761 307.2050332184881 69754.056681601331
leaf_count=5287 145135 13489 5909 31412 57003 7042 29592 1633 67777 3562 1593 17053 3770 1470 1277 6720 4844 1889 2225 3644 1150 9814 794350 69103 38236 22553 18131 4113 2131 136279
internal_value=-7.1219e-05 -0.00651447 -0.0119667 0.00203851 0.000402831 0.000154424 -0.00157012 -6.30032e-05 0.00472647 0.00332914 0.0635084 -0.00802984 0.000242319 0.0142099 0.0675148 0.00407504 0.00136545 -0.0151072 0.0216217 0.00022081 -0.0194449 0.00674373 0.000257335 0.000184417 -0.00143734 -0.00666654 -0.0102922 0.0007165 0.0230814 0.000375546
internal_weight=599686 41088.4 19520.7 4022.81 558598 537549 21567.7 19899 12430.3 12163.1 267.198 7468.73 4668.55 2579.32 403.015 2176.3 11592.7 2012.78 1245.23 535563 1668.63 21048.4 534908 532052 143751 41930 32308.7 101821 1518.94 100302
internal_count=1508186 340500 182456 37321 1167686 1100869 158044 127302 81298 78072 3226 46004 28951 15462 2747 12715 74510 6733 5995 1095582 30742 66817 1091938 1084896 290546 78920 56367 211626 6244 205382
cat_boundaries=0 1 2 3 4 5
cat_threshold=17179216 2315256066 201425152 137 2195464
is_linear=0
shrinkage=0.03


Tree=133
num_leaves=31
num_cat=4
split_feature=98 72 70 112 57 121 116 131 131 54 99 54 97 35 49 121 98 78 112 72 51 57 57 131 121 113 49 97 99 57
split_gain=1668.16 2840.26 1729.81 2188.84 2371.06 3140.28 1476.35 1183.5 2343.71 1816.64 2641.73 1068.15 1065.43 1018.2 1011.85 1000.74 979.377 938.092 936.168 1292 906.556 875.637 846.42 817.705 814.268 826.456 808.917 782.628 1934.41 813.92
threshold=2055.327026367188 2159.5000000000005 74.500000000000014 0.93301269412040722 0 15.500000000000002 396.50000000000006 30.500000000000004 52.500000000000007 861.50000000000011 0.612429440021515 998.50000000000011 5128.0000000000009 12.500000000000002 2.2943757772445683 14.500000000000002 2222.299926757813 8.6904764175415057 0.68301269412040722 193.50000000000003 1056.5000000000002 1 2 1.0000000180025095e-35 2.5000000000000004 -0.25000000000000006 1.845308303833008 3759.5000000000005 0.12022504210472108 3
decision_type=8 2 2 2 9 2 10 2 2 2 10 2 8 2 10 2 10 8 2 2 2 9 9 2 2 2 10 10 10 9
left_child=13 18 3 12 5 6 7 16 9 -9 -11 -10 15 27 -15 24 -5 -14 20 -20 21 23 -21 -2 25 -3 -23 29 -29 -1
right_child=1 2 -4 4 -6 -7 -8 8 11 10 -12 -13 17 14 -16 -17 -18 -19 19 22 -22 26 -24 -25 -26 -27 -28 28 -30 -31
leaf_value=0.024913886376187917 0.020480995469077643 -0.025856739810984828 0.0013931921538111647 0.0040654605028182852 -0.024883928546138266 -0.029902836734570289 -0.017213126177356028 0.04522328493831676 0.078164363703815895 0.28033334485021028 0.074668048596399444 -0.0040136706183157064 0.012634116125572388 0.017767467158397623 0.00023127894136717311 -0.023478330716657159 0.080829713640526338 -0.018936083527545319 0.039060088099767361 0.014496150702667181 0.02822093348591298 0.007039094161708062 -0.0090435680158331647 -0.00779723388248012 0.0068549820948957665 -7.6514158578057606e-05 0.054719778035217791 -0.017637721277342519 0.076134009094159988 0.00031947473607797303
leaf_weight=1193.8998870966025 1001.0284954989329 1923.0703271441162 12704.244541690219 508.28386064991355 1170.2321414621547 657.80598982190713 282.5127441463992 139.06359539926052 284.23663288494572 118.36919178348035 117.58647697791457 273.96539224730805 875.58454314433038 6133.3681839690544 5717.8081321856007 2453.5099490927532 202.64068195130676 21289.130632919259 1397.6181535795331 4474.2339579877444 957.25963933765888 1910.3964976584539 1966.6037532179616 10290.110870821867 4666.405265246518 2658.1439414387569 375.74988165823743 382.17937077581882 394.09974380582571 511738.53190587368
leaf_count=3757 3179 3055 101016 2581 6495 2441 1454 711 2058 1508 532 1229 2398 22264 21045 4366 966 186726 4718 15699 3165 4983 9731 29018 11567 5961 1884 522 1792 1050896
internal_value=3.50022e-05 -0.00422405 -0.00817732 -0.0114087 0.0103025 0.0262639 0.0456315 0.0564689 0.0785744 0.135718 0.185045 0.0384706 -0.0138182 0.000624203 0.00931415 -0.00648695 0.0267639 -0.0176838 0.00466793 0.0130172 0.000159336 -0.00183845 0.00731426 -0.00526963 -0.00195843 -0.0109311 0.0150147 0.00042355 0.0303309 0.000377697
internal_weight=598258 72697.8 50324.8 37620.5 3754.7 2584.46 1926.66 1644.15 933.221 375.019 235.956 558.202 33865.8 525560 11851.2 11701.1 710.925 22164.7 22373 7838.46 14534.5 13577.3 6440.84 11291.1 9247.62 4581.21 2286.15 513709 776.279 512932
internal_count=1507717 407441 335064 234048 19975 13480 11039 9585 6038 2751 2040 3287 214073 1100276 43309 24949 3547 189124 72377 30148 42229 39064 25430 32197 20583 9016 6867 1056967 2314 1054653
cat_boundaries=0 1 2 3 4
cat_threshold=671224192 2818966081 135232 2162696
is_linear=0
shrinkage=0.03


Tree=134
num_leaves=31
num_cat=5
split_feature=114 55 114 72 35 57 32 114 64 131 97 58 68 70 114 75 55 55 97 99 124 97 97 55 49 124 45 74 102 97
split_gain=4806.49 1070.39 920.281 1517.28 782.001 919.56 757.455 738.941 1823.1 851.196 817.475 782.741 735.699 897.547 889.874 1756.87 1803.42 1408.9 1364.31 1156.52 1279.48 1084.27 1229.45 1075.91 1115.36 1073.71 946.768 901.299 879.576 883.815
threshold=0 12.500000000000002 1 739.50000000000011 7.5000000000000009 2 127.00000000000001 3 1.5000000000000002 3560.5000000000005 25.500000000000004 3.5000000000000004 4.5000000000000009 22.500000000000004 4 0.013736129738390447 5.5000000000000009 3.5000000000000004 350.50000000000006 2.7573752403259282 13.500000000000002 335.50000000000006 341.50000000000006 0.095000002533197417 4.4593987464904794 4.5000000000000009 0.92821893095970165 0.044454734772443778 11.500000000000002 341.50000000000006
decision_type=9 10 9 2 2 9 2 9 2 2 8 2 2 2 9 2 8 10 10 10 2 10 10 10 10 2 8 2 2 8
left_child=-1 2 3 -2 12 -6 7 9 -9 10 -7 -10 14 -14 15 16 18 19 -4 20 -17 -18 -23 28 -25 -24 -19 -22 29 -16
right_child=1 -3 4 -5 5 6 -8 8 11 -11 -12 -13 13 -15 23 17 21 26 -20 -21 27 22 25 24 -26 -27 -28 -29 -30 -31
leaf_value=-0.026138277659366826 0.021098400673714462 -0.015671729801775072 0.029684052256667242 -0.011539306313544325 -0.01714147979897386 -0.024322319177537653 -0.025710057964288491 0.046929728088572181 0.0049311646408869694 0.047887200937830068 0.0028307719978195919 0.022222954690460366 -0.0087485105530181982 -0.00087209710059328116 -0.0027756532104545205 0.00047337033225491442 0.0023345615913418234 0.011425092390087968 -0.042109474997414166 0.013969735519978635 0.014044456176331047 0.035552882188177544 -0.004130349760461143 0.053575732668069212 -0.014370186253592414 0.033443571926099647 -0.0052883000502234427 -0.00013429551749825815 0.026758714065505611 0.00075804828574156712
leaf_weight=6284.9874836630188 1440.7639230275527 3792.5103484136052 4543.8502493873239 11047.983228207566 1463.8068495094776 1193.3478969782591 601.02994922548532 1225.8744648471475 10434.524478532374 314.51417156495154 5835.7137877466157 3036.6555138006806 15532.501447421499 80277.522319793236 101318.58180246083 88746.645655257627 18519.478523541242 3328.1737472591922 242.826355651021 7720.7974159456789 11903.773349776864 2090.6443442106247 2455.0864545702934 644.9794646166265 320.16586674936116 938.12353546917439 35446.439504074864 6101.0046102628112 1055.3037530705333 171532.05882111192
leaf_count=99749 5121 29808 23317 82494 3305 1856 921 4186 26271 1102 27410 16693 23136 180528 234736 166292 46832 8806 157 17931 35918 9763 4465 4064 4108 2872 64183 13830 7407 361267
internal_value=-8.29323e-05 0.000194043 0.000296415 -0.00775399 0.000470971 0.00575913 0.00725096 0.00816432 0.012041 0.000382932 -0.00180711 0.00884265 0.000240249 -0.00214978 0.000741456 0.0023682 0.00916665 0.00109064 0.0259618 0.00276474 0.00195311 0.00580799 0.0175125 -0.000335999 0.0311199 0.00632549 -0.00385115 0.00924251 -0.000447983 -0.000554187
internal_weight=599390 593105 589312 12488.7 576823 24105.5 22641.7 22040.6 14697.1 7343.58 7029.06 13471.2 552718 95810 456908 182037 28790 153247 4786.68 114472 106751 24003.3 5483.85 274871 965.145 3393.21 38774.6 18004.8 273906 272851
internal_count=1508528 1408779 1378971 87615 1291356 81744 78439 77518 47150 30368 29266 42964 1209612 203664 1005948 394366 87406 306960 23474 233971 216040 63932 17100 611582 8172 7337 72989 49748 603410 596003
cat_boundaries=0 1 2 3 4 5
cat_threshold=657408 8720 50594816 16520 327872
is_linear=0
shrinkage=0.03


Tree=135
num_leaves=31
num_cat=3
split_feature=114 55 114 99 97 128 99 97 43 97 98 99 54 22 120 97 66 35 114 65 54 54 59 97 55 97 100 55 103 65
split_gain=4674.66 1029.39 890.857 1290.9 1230.64 2339.25 1365.18 1243.98 1161.34 1127.1 1108.31 1037.44 998.646 840.073 789.3 1604.06 784.552 983.634 864.581 740.091 738.286 1337.2 732.591 964.843 1151.13 889.936 870.341 799.696 806.498 886.299
threshold=0 12.500000000000002 1 0.55050897598266613 1295.5000000000002 3.5000000000000004 1.1061368584632876 350.50000000000006 1.5000000000000002 1246.5000000000002 3265.0852050781255 1.3116938471794131 3096.5000000000005 2.5000000000000004 2.5000000000000004 1537.5000000000002 39.500000000000007 38.500000000000007 2 31.500000000000004 1227.5000000000002 177.50000000000003 1.5000000000000002 305.50000000000006 0.095000002533197417 310.50000000000006 -4951.0427246093741 0.90999999642372142 3.5000000000000004 11.500000000000002
decision_type=9 10 9 10 10 2 8 10 2 10 10 10 2 2 2 10 2 2 9 2 2 2 2 8 8 8 10 10 2 2
left_child=-1 2 3 8 6 11 -5 -8 -2 20 14 -6 -13 16 15 -7 17 22 -18 -20 21 -9 23 24 26 -25 -4 28 -24 -30
right_child=1 -3 13 4 5 10 7 9 -10 -11 -12 12 -14 -15 -16 -17 18 -19 19 -21 -22 -23 27 25 -26 -27 -28 -29 29 -31
leaf_value=-0.026058181231605373 -0.01228573653920036 -0.01551913600184709 0.0026404978247077308 -0.02022016005674445 -0.0068147608558397675 0.068151345445052469 -0.011040147741368796 -0.017059075959499601 0.002441109641897578 -0.014801692089934048 -0.029309497698823021 0.044831250782571434 -0.014240051751802027 0.010790725588619857 0.012335701970947003 0.020193785743575967 -0.0031846898824392316 0.030861738459729469 -0.033447427925591064 0.012244919834564192 0.010036394207093924 0.058249967490053241 0.0011818638440432355 0.024217190954338511 -0.00091582009886241253 0.001287046581038136 -0.021643579474867562 0.016759679470361142 -0.0042262589028058527 0.021623931105629445
leaf_weight=6152.2511400782969 18298.479751301464 3722.7272258531302 1928.0249137179926 4142.869949394837 8397.981758505106 864.964763879776 3904.8899562666193 273.00293888524175 6537.0940723731183 1000.5076552927494 379.62976929545403 715.47307138796896 393.29085433948785 7246.1831622384489 3181.1006713658571 2273.5543816890568 7523.5989407598972 959.41323646903038 1711.9833510750905 386.09318750351667 1866.9184210123494 885.95689544361085 31743.086150661111 1521.7288613915443 190453.1660928377 278321.16758047696 4245.8412165045738 4243.5256962403655 1730.3427409678698 3818.4046349599957
leaf_count=100026 90236 30018 15651 5298 14278 3446 12862 795 36724 1244 1203 2887 818 25267 7485 5660 17436 2990 4782 1963 4984 4659 80736 3999 373021 560704 57801 16740 3571 21217
internal_value=-8.50138e-05 0.000185474 0.000285007 -0.00342013 0.000962178 0.00636229 -0.00628515 0.00101004 -0.00840999 0.012695 0.019926 -0.00320671 0.023938 0.000652396 0.0229252 0.0335852 0.000513224 0.000670665 -0.00797056 -0.0249027 0.0218056 0.0405161 0.000614153 0.000281009 -0.00132948 0.0014126 -0.0140679 0.00443481 0.00302821 0.0135696
internal_weight=598823 592671 588948 53115.7 28280.1 16206 12074.1 7931.28 24835.6 4026.39 6699.25 9506.75 1108.76 535833 6319.62 3138.52 528586 518965 9621.68 2098.08 3025.88 1158.96 518005 476470 196627 279843 6173.87 41535.4 37291.8 5548.75
internal_count=1508501 1408475 1378457 192579 65619 35777 29842 24544 126960 11682 17794 17983 3705 1185878 16591 9106 1160611 1136430 24181 6745 10438 5454 1133440 1011176 446473 564703 73452 122264 105524 24788
cat_boundaries=0 1 2 3
cat_threshold=657408 8760 33152
is_linear=0
shrinkage=0.03


Tree=136
num_leaves=31
num_cat=2
split_feature=53 72 71 57 53 98 98 51 116 124 34 42 51 51 98 98 131 57 116 128 99 131 51 131 103 116 103 131 98 128
split_gain=1650.94 1692.68 1765.56 1003.03 948.893 1810.42 1100.35 867.439 1466.23 1417.46 792.582 825.699 665.852 1272.01 1101.55 1096.86 1332.26 1038.68 895.668 1695.71 1922.69 1669.37 1815.66 1441.44 1435.13 1141.34 1009.72 868.176 1422.8 861.41
threshold=4254.5000000000009 1154.5000000000002 228.50000000000003 0 8456.5000000000018 1.0000000180025095e-35 118.40934371948244 90.500000000000014 247.00000000000003 14.500000000000002 1.5000000000000002 1.5000000000000002 1001.5000000000001 358.50000000000006 2010.1958007812502 335.11389160156256 1503.5000000000002 1 60.500000000000007 6.5000000000000009 0.9411408305168153 84.500000000000014 1720.5000000000002 51.500000000000007 1.5000000000000002 470.00000000000006 1.0000000180025095e-35 20.500000000000004 1405.6358032226565 2.5000000000000004
decision_type=2 2 2 9 2 10 10 2 10 2 2 2 2 2 10 10 2 9 8 2 10 2 2 2 2 10 2 2 10 2
left_child=10 -2 3 -3 5 -4 7 -6 9 -9 12 -12 13 -1 29 16 -14 18 27 21 -21 24 25 -22 -20 26 -23 28 -17 -15
right_child=1 2 4 -5 6 -7 -8 8 -10 -11 11 -13 15 14 -16 17 -18 -19 19 20 23 22 -24 -25 -26 -27 -28 -29 -30 -31
leaf_value=0.00053353099703399697 0.0084497888930917565 -0.018156609338073074 0.076553150068566736 -0.0058923549461364685 -0.0048792225943724826 -0.012407096761818408 0.037334323954950462 0.02422183500818843 -0.024473962121560878 0.11593982126561111 -0.0010389850141756978 0.010985579535238727 0.016915862309183082 0.00018603901692752455 -0.02182743133637579 0.00040830153881645502 -0.020837405787669065 -0.0095909057514242078 0.0044559480503796808 0.051680347829897041 -0.012792119152926983 -0.014111763097577411 0.013542203812054968 0.02195569345484295 0.030202387162069588 -0.024383273023046256 0.014315473804911237 -0.0088351925134506071 0.05330333170785926 -0.0051645784209555833
leaf_weight=350633.86970927892 6173.7621941771358 13928.225999575574 206.74829072318971 10616.628121755552 2940.0027672424912 4131.3787717660889 1109.777308342047 590.90849945321679 353.53074709046632 197.78885037079453 8788.5144825484604 12363.197011939716 7645.2420715093613 50760.347513902001 2759.8612214624882 2962.7382433712482 936.54592898488045 6929.6662312354892 26265.059546776116 1291.0431376025081 1590.0709206089377 2926.8423605710268 2945.3204058110714 3269.3474583551288 2095.2777589559555 4450.3913039639592 1812.647582732141 9724.6129538193345 531.32451629079878 58034.924655612558
leaf_count=784579 28131 151773 1970 67452 37150 44599 4449 2684 1452 1411 20078 47221 18442 83868 5849 5075 977 9319 49151 4473 2056 3664 6509 8632 5751 3836 3949 14016 1854 88505
internal_value=-0.000126393 -0.00599383 -0.00861246 -0.0128662 0.00234501 -0.00800108 0.0109883 0.00375232 0.0258187 0.0483864 0.000296384 0.00599126 7.21997e-05 -0.000354202 -0.00314427 0.0026865 0.0127763 0.00138843 0.0026619 0.00461561 0.0192795 0.00238425 -0.00692367 0.0105828 0.00636808 -0.0134905 -0.00323234 -0.00422862 0.00858095 -0.00266837
internal_weight=598966 40248.8 34075 24544.9 9530.14 4338.13 5192.01 4082.23 1142.23 788.697 558717 21151.7 537565 462189 111555 75376.1 8581.79 66794.3 59864.7 46646 6150.46 40495.5 12135.2 4859.42 28360.3 9189.88 4739.49 13218.7 3494.06 108795
internal_count=1508875 341071 312940 219225 93715 46569 47146 42697 5547 4095 1167804 67299 1100505 962801 178222 137704 19419 118285 108966 88021 15161 72860 17958 10688 54902 11449 7613 20945 6929 172373
cat_boundaries=0 1 2
cat_threshold=402000 37892352
is_linear=0
shrinkage=0.03


Tree=137
num_leaves=31
num_cat=4
split_feature=114 114 52 100 55 49 114 131 55 98 75 20 74 74 20 74 124 57 52 100 88 77 92 71 98 52 49 75 68 67
split_gain=4470.79 995.796 1946.78 1351.72 1417.61 1251.26 1130.42 2641.1 1126.61 1611.97 1165.51 1091.05 1049.84 978.626 948.253 865.751 833.856 826.273 779.841 774.794 716.972 714.085 696.347 813.952 715.345 912.95 999.952 793.988 692.85 737.403
threshold=0 1 8118.5000000000009 897.04168701171886 4.5000000000000009 3.395272016525269 2 170.50000000000003 0.054999999701976783 3801.8835449218755 0.99454328417778026 2.5000000000000004 0.044423885643482215 0.021768711507320408 1.0000000180025095e-35 0.38903903961181646 122.50000000000001 3 6881.5000000000009 -336.25061035156244 15.500000000000002 12.708333492279055 6440.5000000000009 20082.500000000004 515.03823852539074 3471.5000000000005 1.5820894837379458 0.036094209179282195 53.500000000000007 5.5000000000000009
decision_type=9 9 2 8 8 10 9 2 8 8 2 2 2 2 2 2 2 9 2 10 2 8 2 2 10 2 10 2 2 2
left_child=-1 2 8 4 13 6 7 12 9 17 -11 16 -4 19 -9 -6 -5 -2 22 -3 -12 -13 23 -10 25 -24 -27 28 29 -26
right_child=1 3 5 11 15 -7 -8 14 18 10 20 21 -14 -15 -16 -17 -18 -19 -20 -21 -22 -23 24 -25 27 26 -28 -29 -30 -31
leaf_value=-0.025969703486401846 0.046566796074567006 0.081647745191259058 0.097484536946001399 -0.012191646776527827 -0.00029333945590221148 -0.0084763521962316606 0.011194587793453918 -0.02385121399243853 0.0040507319936347076 -0.022400975753579237 0.039648104672569184 0.03378197960924214 0.035113815981097279 -0.0031526799257778505 0.027115025015747831 -0.01894343356305991 0.02801755492974049 -0.019009026261625688 -0.029462771070011627 0.026471456286217797 -0.020618441938871739 -0.0017307385551660278 0.0017454422250901443 0.080914183443696844 -0.0067387550384035476 0.068523443908609163 -0.022657010144643299 0.00035336823444574836 -0.018335075904868509 0.00227052088327903
leaf_weight=5914.3550384135451 159.93585139513016 329.32128404453397 625.40451326128095 21273.012394782621 86159.400336693972 1632.6144640762359 4296.9747848007828 473.3799301981926 302.81461215019226 534.57954728789628 1082.4880839269608 521.9001767472364 420.01345108356327 627.12967529147863 1020.1873982604593 2289.9397961944342 465.35315087623894 6372.9044615579769 756.37457445822656 757.41539193689823 205.66547670215368 12142.115077758674 255523.54961458687 201.29905684106052 21428.368747677654 355.35552082955837 148.0167246889323 155759.60213253088 2989.4629588872194 13211.168313678354
leaf_count=100044 537 1417 3480 110998 172388 15266 12045 1126 2699 2249 5936 2341 1436 956 9618 3050 2236 76256 3873 1894 474 66901 566981 1782 30124 1647 3216 280946 4925 22201
internal_value=-6.00933e-05 0.000199596 0.000834688 -0.00218368 -0.000253234 0.0150791 0.0207089 0.0365168 0.000571591 -0.010337 0.0145516 -0.00724217 0.0729962 0.0266904 0.0109103 -0.000778274 -0.0113184 -0.0172928 0.000774061 0.0437839 0.0299413 -0.000241714 0.000825547 0.0357202 0.000785612 0.00182581 0.0417927 -0.000591526 -0.00450183 -0.00330304
internal_weight=597980 592066 467500 124566 90163.2 8468.57 6835.96 2538.99 459032 8355.57 1822.73 34402.4 1045.42 1713.87 1493.57 88449.3 21738.4 6532.84 450676 1086.74 1288.15 12664 449920 504.114 449416 256027 503.372 193389 37629 34639.5
internal_count=1509042 1408998 1046817 362181 179705 42971 27705 15660 1003846 85452 8659 182476 4916 4267 10744 175438 113234 76793 918394 3311 6410 69242 914521 4481 910040 571844 4863 338196 57250 52325
cat_boundaries=0 1 2 3 4
cat_threshold=657408 361860 263428 64
is_linear=0
shrinkage=0.03


Tree=138
num_leaves=31
num_cat=8
split_feature=114 112 114 51 78 57 114 50 57 116 121 121 112 78 69 131 70 121 114 121 52 57 53 114 69 51 113 120 51 53
split_gain=4280.79 1017.26 1293.87 1084.73 983.184 903.474 859.773 835.771 799.262 767.428 1189.99 878.343 887.106 683.227 695.306 1423.43 1304.65 1338.86 1307.04 1487.53 1091.62 986.166 925.437 908.613 1829.04 931.774 1104.29 856.436 844.857 1151.27
threshold=0 -1.0000000180025095e-35 1 1683.5000000000002 7.0454545021057138 2 3 -0.30945475399494166 4 53.500000000000007 7.5000000000000009 4.5000000000000009 -0.68301269412040699 0.057054219767451293 4.5000000000000009 303.50000000000006 2646.5000000000005 13.500000000000002 5 47.500000000000007 553.50000000000011 6 6079.5000000000009 7 14.500000000000002 1437.5000000000002 -0.93301269412040699 53.500000000000007 358.50000000000006 1226.5000000000002
decision_type=9 2 9 2 10 9 9 8 9 8 2 2 2 8 2 2 2 2 9 2 2 9 2 9 2 2 2 2 2 2
left_child=-1 2 -2 7 5 -3 9 8 -4 -5 11 12 -11 -7 15 16 17 -15 19 -19 -16 -17 -18 24 25 26 -22 -20 29 -28
right_child=1 4 3 6 -6 13 -8 -9 -10 10 -12 -13 -14 14 20 21 22 18 27 -21 23 -23 -24 -25 -26 -27 28 -29 -30 -31
leaf_value=-0.025837698361359566 -0.017721971806493705 0.01685871300881963 -0.010141661979464969 -0.0026327691074963275 -0.016522207305751713 -0.011750451263929677 -0.0079444529543800848 -0.0020843295635435866 0.0050389523041324859 0.029686652926109794 0.05682860264528744 -0.017848194167278023 -0.012208115780053286 0.0028580817938786878 0.0016401676064526846 0.015782732779383156 0.022172446728408349 0.0046520699388432653 -0.0063693910680365021 0.055240641610723874 0.018637765783110233 0.0031929997942433115 0.10118951361428784 -0.0068606225437399049 0.019241575013365316 0.024199945925940238 -0.011468460646592559 0.024523426441031584 -0.01500472779071509 0.028507664617398679
leaf_weight=5729.4535535583273 4229.7458465271629 3330.9995940616354 3516.4239568999037 1502.5010125115514 2780.581213736441 3614.9350468339399 1794.6932316403836 201573.89150903746 26680.420595173724 2377.8379088006914 732.76647327840328 601.06008310616016 556.02653492987156 133595.59342233115 93055.569279806688 11406.885733682662 584.69857166334987 5470.285774554126 33616.621433738619 568.75871849618852 1393.059099513106 11027.808468809817 166.36601515300572 31966.571081728209 4068.2051634509116 968.12349633872509 1599.7852215282619 817.87209513131529 7383.9490996301174 1075.9915094999596
leaf_count=99532 35563 10100 13819 2488 15690 55348 3566 389430 111319 6916 2753 681 703 308781 195680 36294 5255 12519 67510 1991 3205 29886 1513 70041 9534 2567 2079 2420 8537 3019
internal_value=-7.61871e-05 0.000173977 -0.00131344 -0.00102195 0.00121356 0.00135669 0.0101496 -0.00138705 0.00326671 0.0157678 0.0222739 0.0149708 0.0217322 0.00120485 0.00134348 0.00249461 0.00158139 0.00140995 -0.0033696 0.00948428 -0.000261162 0.00960686 0.0407749 -0.00391211 0.00180777 -0.00391174 -0.0063071 -0.0056271 -0.00977652 0.00465315
internal_weight=597787 592058 243565 239336 348493 345712 7564.89 231771 30196.8 5770.19 4267.69 3534.92 2933.86 342381 338766 197255 174820 174069 40473.5 6039.04 141511 22434.7 751.065 48455.7 16489.1 12420.9 11452.8 34434.5 10059.7 2675.78
internal_count=1508739 1409207 567238 531675 841969 826279 17107 514568 125138 13541 11053 8300 7619 816179 760831 466169 399989 393221 84440 14510 294662 66180 6768 98982 28941 19407 16840 69930 13635 5098
cat_boundaries=0 1 2 3 4 5 6 7 8
cat_threshold=657408 8720 77692936 263456 25166992 49280 33697936 263648
is_linear=0
shrinkage=0.03


Tree=139
num_leaves=31
num_cat=2
split_feature=53 72 57 55 22 71 54 54 70 124 57 93 98 47 70 54 100 53 90 121 54 100 124 69 120 121 100 128 115 54
split_gain=1541.58 1772.9 1675.3 737.839 705.651 672.969 658.423 823.178 1072.96 794.579 631.083 615.271 1079.96 950.946 1071.55 1961.85 674.018 985.278 657.782 645.142 769.586 599.404 606.628 900.901 1043.03 1547.7 1118.99 892.698 1374.11 1951.84
threshold=4254.5000000000009 1199.5000000000002 0 10.500000000000002 2.5000000000000004 242.50000000000003 7746.5000000000009 8759.0000000000018 23.500000000000004 54.500000000000007 1 3719.5000000000005 4093.7895507812505 4.5000000000000009 40.500000000000007 8759.0000000000018 -2108.0378417968745 3143.5000000000005 4233.5000000000009 31.500000000000004 809.50000000000011 -1583.3583374023435 9.5000000000000018 8.5000000000000018 27.500000000000004 239.50000000000003 -655.74392700195301 19.500000000000004 1.0000000180025095e-35 280.50000000000006
decision_type=2 2 9 10 2 2 2 2 2 2 9 2 10 8 2 2 8 2 2 2 2 8 2 2 2 2 8 2 2 2
left_child=4 -2 3 6 10 -4 9 8 -8 -3 -1 12 18 14 -13 -16 19 21 -12 -15 -21 -18 -23 24 26 -26 -24 28 29 -28
right_child=1 2 5 -5 -6 -7 7 -9 -10 -11 11 13 -14 16 15 -17 17 -19 -20 20 -22 22 23 -25 25 -27 27 -29 -30 -31
leaf_value=-0.016726113618007278 0.0089329665947182144 -0.003377680958912744 -0.018047922204786588 -0.018732015048249766 0.0095963816410248697 0.0027513625085828141 0.10939625105714812 0.0071624993641342411 0.0017515439187326574 0.043209733292297152 -0.014715239272081151 0.011075352934984442 0.034116399275223926 0.0072742371541183459 0.018167241052071542 0.1720261908235321 -0.0090320992837307039 -0.020611175296211089 0.04442332072351203 0.011460424603955769 0.081691289123081462 -0.00021902837158744047 0.013853968399739456 -0.0010167815302699963 0.024770345816535248 -0.018540102315529942 -0.0016643750554314915 -0.0061991038643795775 -0.0010568892516256178 0.011677141112875277
leaf_weight=1934.842976694461 6262.9548917359207 14131.548354653176 13459.840536226286 2177.5629713763483 7420.4587446264923 1559.7041842816398 169.48635059129447 1450.8533250074834 156.18781839683652 327.37553203804418 5391.2604423584417 1755.2904871907085 468.29937349259853 4864.8262512562796 230.0898508252576 102.38512178882957 6048.978768305853 2015.9348386125639 165.25225155055523 344.41682345140725 231.73626397922635 364896.8862092346 7834.5069343466312 57584.955193676054 4117.6214806325734 897.76875358447433 15535.256064623594 10453.549319311045 37657.151226856746 27037.612703084946
leaf_count=5323 29046 103685 153258 23388 25636 16402 1655 10863 625 2206 53575 3785 2488 14152 2517 928 10121 6324 1201 1392 1177 711475 17764 108833 11526 1181 30242 17752 68870 71853
internal_value=6.09408e-06 -0.00570508 -0.0084491 -0.00237485 0.000413214 -0.0158771 -0.000172242 0.0170104 0.0593618 -0.00229372 0.000289047 0.000349767 -0.00917638 0.000455909 0.0206154 0.0691874 0.000377518 0.00027039 -0.0128798 0.0108733 0.04062 0.000349893 0.000457953 0.00199108 0.00366398 0.0169962 0.0029836 0.00204304 0.00311759 0.00680944
internal_weight=596685 39695.5 33432.6 18413 556989 15019.5 16235.5 1776.53 325.674 14458.9 549569 547634 6024.81 541609 2087.77 332.475 539521 534080 5556.51 5440.98 576.153 532064 526015 161118 103533 5015.39 98518.1 90683.6 80230 42572.9
internal_count=1509243 341128 312082 142422 1168115 169660 119034 13143 2280 105891 1142479 1137156 57264 1079892 7230 3445 1072662 1055941 54776 16721 2569 1049617 1039496 328021 219188 12707 206481 188717 170965 102095
cat_boundaries=0 1 2
cat_threshold=679481737 2315256066
is_linear=0
shrinkage=0.03


Tree=140
num_leaves=31
num_cat=0
split_feature=98 112 71 47 121 67 52 54 112 52 96 97 51 51 54 54 54 97 98 99 121 54 97 52 75 29 99 113 98 121
split_gain=1467.04 1747.95 1190.16 1085.04 989.022 1059.46 867.141 933.088 896.636 868.193 863.106 1445.61 1182.86 1454.85 1401.63 1618.43 1716.47 920.44 860.511 843.449 1120.77 823.85 749.985 1870.6 713.503 690.264 686.922 632.197 1221.22 1002.9
threshold=2055.327026367188 0.68301269412040722 386.50000000000006 0.13499999791383746 2.5000000000000004 3.5000000000000004 3021.5000000000005 8004.0000000000009 -0.93301269412040699 1197.5000000000002 -6.4999999999999991 1563.5000000000002 1437.5000000000002 2086.5000000000005 8759.0000000000018 2311.5000000000005 3096.5000000000005 4173.0000000000009 2366.1892089843755 1.0741850733757021 14.500000000000002 405.50000000000006 3759.5000000000005 240.50000000000003 11.014589786529543 3.5000000000000004 1.6440664529800417 -0.93301269412040699 1369.1250000000002 11.500000000000002
decision_type=8 2 2 8 2 2 2 2 2 2 10 8 2 2 2 2 2 8 8 10 2 2 10 2 2 2 10 2 10 2
left_child=22 2 6 -4 -5 -6 8 21 9 -2 11 -3 17 14 15 -14 -17 -13 19 -10 -21 -8 25 -24 26 27 -12 28 -1 -30
right_child=1 10 3 4 5 -7 7 -9 18 -11 24 12 13 -15 -16 16 -18 -19 -20 20 -22 -23 23 -25 -26 -27 -28 -29 29 -31
leaf_value=0.0020618472315459147 -0.017060511419082144 0.062069199844053125 -0.012302758115105854 -0.007187319797301704 0.032377452771726316 -0.0058226161009498414 -0.0072230800079894344 0.0023695205017126427 -0.022222802412594101 0.02864016506272609 -0.016400415660237293 -0.019851097912003589 -0.00039770077634672846 -0.016495337584424591 -0.0030926866536804994 0.16501037774880192 0.052959114234724297 0.005090766803850324 -0.002920618349854799 0.03409592714640429 -0.023510805137213535 -0.020886663031738022 -0.014898728702924765 0.074621062587385753 0.024856732677274028 0.010900580464314144 0.018909614779126626 1.5669804682082647e-05 0.029094241046235415 0.00039265482808977078
leaf_weight=44467.811711178161 520.56562986411154 402.10802840068936 2391.3244734955952 1563.8975865901448 2346.7495110468008 900.32217575609684 6135.222038363805 2865.0077883466147 4658.3708249479532 1271.7965314649045 3788.6341432477348 1478.7837361153215 200.71078322827816 414.64313134551048 317.34726756066084 207.52764494437724 317.91514068841934 12612.935473310063 15116.995527039282 611.53752562496811 585.28722184244543 11329.656485840445 424.68065167963505 400.46126635745168 527.02773816511035 5636.9538347125053 561.7740036835894 468946.80371949635 2880.1602586302906 1765.1567268064246
leaf_count=97587 1151 1628 41352 7354 20731 3133 44661 18914 7002 3833 23285 2530 1420 3161 722 1589 1426 69632 31473 1854 565 113919 619 1770 1860 27309 4221 959334 8067 4528
internal_value=-3.43954e-05 -0.00407718 -0.00710326 0.00418037 0.0123819 0.0218003 -0.0089896 -0.0134918 -0.00496471 0.0153461 0.00322979 0.00660603 0.00513282 0.0307597 0.0495151 0.0722358 0.0994699 0.00246115 -0.00670703 -0.0164612 0.00596293 -0.0160937 0.000513881 0.0289207 -0.00780336 0.000468571 -0.0118079 0.000354854 0.00359282 0.0182123
internal_weight=595648 71126.1 50296.7 7202.29 4810.97 3247.07 43094.4 20329.9 22764.6 1792.36 20829.4 15952 15549.9 1458.14 1043.5 726.154 525.443 14091.7 20972.2 5855.2 1196.82 17464.9 524522 825.142 4877.44 523697 4350.41 518060 49113.1 4645.32
internal_count=1506630 407416 295942 72570 31218 23864 223372 177494 45878 4984 111474 82108 80480 8318 5157 4435 3015 72162 40894 9421 2419 158580 1099214 2389 29366 1096825 27506 1069516 110182 12595
is_linear=0
shrinkage=0.03


Tree=141
num_leaves=31
num_cat=0
split_feature=53 72 112 70 45 55 70 116 124 70 51 35 74 74 113 116 34 100 47 93 51 55 127 112 127 124 100 77 103 51
split_gain=1247.53 1861.4 1275.7 1567.29 1534.15 1071.14 1027.69 931.68 1181.54 957.098 1225.28 760.467 723.159 1044.8 706.827 1125.85 687.922 678.071 695.2 1146.74 674.13 649.209 692.346 623.241 695.654 1216.04 662.225 643.177 621.711 664.02
threshold=4254.5000000000009 1191.5000000000002 0.93301269412040722 20.500000000000004 1.9378634095191958 -1.0000000180025095e-35 51.500000000000007 136.50000000000003 17.500000000000004 9.5000000000000018 1500.5000000000002 12.500000000000002 0.022232519462704662 0.014281465671956541 -0.25000000000000006 526.50000000000011 1.5000000000000002 -3346.2053222656245 0.074999999254941954 3806.5000000000005 64.500000000000014 1.0000000180025095e-35 1.0000000180025095e-35 0.25000000000000011 1.5000000000000002 15.500000000000002 -4951.0427246093741 23.405881881713871 1.0000000180025095e-35 3720.0000000000005
decision_type=2 2 2 2 8 10 2 10 2 2 2 2 2 2 2 10 2 8 8 2 2 10 2 2 2 2 8 8 2 2
left_child=16 14 4 5 23 7 28 8 9 10 -4 -5 13 -9 20 -16 17 21 19 -19 -2 22 -1 24 26 27 -3 -26 29 -6
right_child=1 2 3 11 6 -7 -8 12 -10 -11 -12 -13 -14 -15 15 -17 -18 18 -20 -21 -22 -23 -24 -25 25 -27 -28 -29 -30 -31
leaf_value=0.078475462163250687 0.046876194222793453 0.046530983575034511 0.00095026477131748192 -0.020378923823365435 -0.019003721694175055 -0.021424800564480487 -0.0034438173729274585 0.00043180648466068422 0.1187062545196253 0.10339771455975229 0.091488853491332067 0.054638905411838141 -0.029330731109198732 0.089300517021508333 0.0023566085548086951 0.067417646505022591 0.0055868511682160881 -0.021675685326012297 9.6514782224334586e-05 0.04864162904327328 -0.013667012459265906 -0.028092733850182461 0.0059301944893336532 -0.0062893779378113473 0.048130136085916972 0.015519056164493788 -0.0066609596428035094 0.16720145141372547 0.0025588123867935336 0.010967069357373184
leaf_weight=267.10861695092171 738.79751084721647 301.34950480889529 585.17485298682004 1508.1259554759599 16415.764763273299 382.15648288000375 8220.8985625468194 368.36118964315392 184.7045132489875 148.69191516307183 164.77009468432516 122.64325802773237 282.78738789679483 165.99728768016212 4947.4999529193155 241.60104154981673 21033.338039964437 2352.3674503583461 533262.90819560457 219.54209344647825 207.54194139316678 122.9282249789685 209.78929739585146 901.14919371530414 87.524280136451125 284.09140675887465 645.03925521345809 90.946063805837184 1464.0256254659034 687.22786134295166
leaf_count=1822 3401 2173 3491 12676 165940 1755 84012 2351 1687 1347 1306 927 1810 1426 22730 1543 66883 40226 1053133 2236 1214 1720 1347 10013 1203 2187 7695 1122 3820 5913
internal_value=-9.75314e-05 -0.00527364 -0.00809389 0.00797171 -0.0102566 0.0239752 -0.01228 0.0331687 0.0512888 0.0362779 0.0217846 -0.0144385 0.00881629 0.029172 0.0098891 0.00550965 0.000266036 5.73095e-05 2.13272e-05 -0.0155081 0.0335944 0.0316735 0.0473397 0.0131589 0.0255544 0.0553075 0.0105859 0.114459 -0.0161884 -0.0177937
internal_weight=596615 39146.9 33011.4 3913.41 29098 2282.64 26787.9 1900.49 1083.34 898.637 749.945 1630.77 817.146 534.358 6135.44 5189.1 557468 536435 535835 2571.91 946.339 599.826 476.898 2310.1 1408.95 462.562 946.389 178.47 18567 17103
internal_count=1509109 341742 312854 28776 284078 15173 259685 13418 7831 6144 4797 13603 5587 3777 28888 24273 1167367 1100484 1095595 42462 4615 4889 3169 24393 14380 4512 9868 2325 175673 171853
is_linear=0
shrinkage=0.03


Tree=142
num_leaves=31
num_cat=3
split_feature=114 114 52 49 116 100 112 70 51 131 121 78 116 116 74 100 54 123 59 114 56 121 66 51 74 131 68 116 116 116
split_gain=3908.83 871.654 1636.66 1223.6 1803.82 1197.54 1211.8 1696.27 1462.28 1402.95 1171.24 959.153 942.089 1241 1021.4 926.479 904.998 889.906 1146.18 1750.29 1152.07 1246.2 896.987 1207.37 1193.78 876.596 858.355 1144.12 1698.63 1861.46
threshold=0 1 8118.5000000000009 3.395272016525269 96.500000000000014 897.04168701171886 0.68301269412040722 6.5000000000000009 1437.5000000000002 166.50000000000003 5.5000000000000009 0.055001724511384971 149.50000000000003 478.50000000000006 0.013337039388716223 3090.381469726563 3914.5000000000005 1.0000000180025095e-35 1.0000000180025095e-35 2 1.0000000180025095e-35 1.0000000180025095e-35 2.5000000000000004 1255.5000000000002 0.18893263489007953 13.500000000000002 4.5000000000000009 124.50000000000001 149.50000000000003 307.50000000000006
decision_type=9 9 2 10 8 8 2 2 2 2 2 8 8 8 2 10 2 2 2 9 8 2 2 2 2 2 2 8 8 8
left_child=-1 2 11 4 -4 -3 7 -7 9 -8 -6 -2 -11 14 -14 17 -10 18 20 -20 -13 22 23 -22 -24 -25 27 -21 -29 -30
right_child=1 5 3 -5 10 6 8 -9 16 12 -12 15 13 -15 -16 -17 -18 -19 19 26 21 -23 24 25 -26 -27 -28 28 29 -31
leaf_value=-0.025388905694128241 -0.013575549570861729 -0.00030013225981115923 0.064419562614722758 -0.0094183582568667153 0.0048510209224747842 -0.018611887754007104 -0.007029032725065912 -0.0022372326175239803 0.10929966076898651 -0.0056949718632531964 0.032292566485251417 -0.007316270417725348 0.002108154393662044 0.00027536080181201272 0.070418749396585975 0.021810899031149685 0.012415085311630861 0.0026554728422737619 -0.0077119893810232336 -0.001559080995964287 -0.0010383297784001366 -0.0022723312497543334 0.017630543391136535 0.024171561378308063 -0.0018888965193757672 0.0041897866486671608 -0.001033658395100473 0.020974744958357605 -0.0046330974698648702 0.0096611318567208209
leaf_weight=5430.7048428901471 4317.7149391751736 90119.919837149791 701.78387992829084 1668.1859911754727 4213.6251158900559 12008.208884002641 7912.8088318884838 10825.291720083682 167.05476782377809 951.24031207058579 2089.5282039390877 26759.327746618539 267.80123790027574 684.66664005164057 741.80152056459337 1838.4095215536654 175.85667141899467 127280.31816795003 13277.704287037253 14548.778296194039 41645.61827473063 138857.52854967397 7413.7682937011123 3055.6545854955912 4544.1980995461345 5574.136053211987 22455.42193672061 7670.5903513580561 11477.871110469103 28650.492487642914
leaf_count=100042 74943 179604 3166 15302 15654 67694 37928 62914 1330 4184 9118 46009 906 2978 3772 5852 754 272180 24268 29761 71080 236850 17755 7589 9078 10685 52507 35163 22748 88040
internal_value=-0.000100133 0.000132746 0.000724979 0.0136282 0.0191222 -0.00210503 -0.0069258 -0.0108531 0.00130264 -0.000704565 0.0139848 0.000481084 0.0181674 0.0315196 0.0524975 0.000614755 0.0613736 0.000528296 -0.000302451 0.00240894 -0.00146966 -0.000691318 0.0028361 0.00107876 0.0102175 0.0112848 0.00399475 0.00580631 0.00804801 0.00557243
internal_weight=597326 591895 468041 8673.12 7004.94 123855 33734.7 22833.5 10901.2 10558.3 6303.15 459368 2645.51 1694.27 1009.6 455050 342.911 453211 325931 98080.9 227850 201091 62233.4 50275.4 11958 8629.79 84803.2 62347.7 47799 40128.4
internal_count=1509854 1409812 1047748 43240 27938 362064 182460 130608 51852 49768 24772 1004508 11840 7656 4678 929565 2084 923713 651533 252487 399046 353037 116187 89354 26833 18274 228219 175712 145951 110788
cat_boundaries=0 1 2 3
cat_threshold=657408 361860 263168
is_linear=0
shrinkage=0.03


Tree=143
num_leaves=31
num_cat=5
split_feature=114 55 35 66 114 116 97 128 54 71 116 128 128 113 73 57 52 54 54 54 113 126 128 114 52 120 103 54 130 57
split_gain=3761.44 769.355 685.899 974.204 856.897 985.624 1273.61 710.027 710.092 754.815 730.249 1613.5 699.078 1074.82 685.233 672.587 824.954 589.987 2589.24 585.5 912.763 578.957 1082.98 1558.84 2121.89 1068.67 921.812 913.441 911.987 880.668
threshold=0 12.500000000000002 13.500000000000002 133.50000000000003 1 8.5000000000000018 1396.0000000000002 6.5000000000000009 207.50000000000003 72.500000000000014 289.00000000000006 3.5000000000000004 1.0000000180025095e-35 0.25000000000000011 0.22567318379879001 2 533.50000000000011 3463.5000000000005 2792.5000000000005 447.50000000000006 -0.93301269412040699 1.0000000180025095e-35 8.5000000000000018 3 961.50000000000011 5.5000000000000009 1.0000000180025095e-35 4463.5000000000009 65.500000000000014 4
decision_type=9 10 2 2 9 10 10 2 2 2 10 2 2 2 2 9 2 2 2 2 2 2 2 9 2 2 2 2 2 9
left_child=-1 2 4 14 5 6 -2 8 10 -10 12 -12 13 -7 -4 16 -6 18 -11 20 -3 22 26 24 -24 -26 29 -28 -29 -17
right_child=1 19 3 -5 15 7 -8 -9 9 17 11 -13 -14 -15 -16 21 -18 -19 -20 -21 -22 -23 23 -25 25 -27 27 28 -30 -31
leaf_value=-0.025249321698338018 0.00027720203150748655 0.069090479891359205 0.0057093440065091889 -0.025176100193459814 0.00071041023699756553 0.086085256772342397 0.053851337876073622 -0.020196511521872181 -0.013784075769984673 0.0027304269391364867 0.0075812502056599052 0.11327777176268737 -0.020280366371428632 -0.029034883324866284 0.024113056635988749 0.028023495560938812 0.060961823502089819 -0.01409553018573162 0.12233146688103608 -0.020162655057778804 -0.0085201427444108659 0.0026892108376214757 -0.018516911991469417 -0.0013993040028746537 -0.0054508188928433553 0.029198197552729684 0.0014234948217071676 0.0070721321962119868 0.048349465370443295 -0.00080011969253478078
leaf_weight=5276.4005637995433 2011.644152758643 168.05656139552593 10829.620885329321 796.45728605613112 461.37630869820714 154.41603881213814 488.32092346064746 4005.2706035352312 6789.6517635718919 1464.7707333746366 455.94669409980997 172.72488681296818 663.65011978475377 124.27583359042183 2181.7561714425683 938.28055320307612 357.71252591907978 895.68113150214776 173.36529055703431 2769.6410094788298 575.5313926152885 74834.621411552653 10835.707761771977 90424.54780717846 1916.208295635879 1363.577924631536 137651.46706446633 21581.427959945053 483.12086372822523 215434.30453123758
leaf_count=99903 8126 1241 41452 2417 1285 1480 2024 20620 53402 8067 2977 1363 5340 888 11958 4614 1774 4636 1620 23745 5066 175392 18150 189959 2966 3977 287174 50477 1905 474866
internal_value=-8.00458e-05 0.00014551 0.000229331 0.00683418 7.02436e-05 -0.0064817 0.0109148 -0.00941028 -0.00542992 -0.00857504 0.0131715 0.0379399 -0.00357724 0.0355227 0.00881144 0.000275403 0.0271143 0.00538248 0.0160533 -0.0138316 0.00970451 0.000234852 -0.000147339 -0.00284822 -0.0121129 0.00899955 0.000603472 0.00233212 0.00799743 -0.000672581
internal_weight=596280 591003 587490 13807.8 573682 17399.7 2499.97 14899.8 10894.5 9323.47 1571.01 628.672 942.342 278.692 13011.4 556282 819.089 2533.82 1638.14 3513.23 743.588 555463 480629 104540 14115.5 3279.79 376089 159716 22064.5 216373
internal_count=1508864 1408961 1378909 55827 1323082 110543 10150 100393 79773 67725 12048 4340 7708 2368 53410 1212539 3059 14323 9687 30052 6307 1209480 1034088 215052 25093 6943 819036 339556 52382 479480
cat_boundaries=0 1 2 3 4 5
cat_threshold=657408 8728 65664 1056 294928
is_linear=0
shrinkage=0.03


Tree=144
num_leaves=31
num_cat=0
split_feature=98 112 49 131 131 73 112 51 128 54 124 97 51 131 49 97 52 103 52 54 54 128 68 124 51 51 51 112 8 127
split_gain=1112.49 1574.1 1221.14 994.827 931.017 1132.68 1162.43 1223.97 1047.98 1026.05 1060.99 1536.5 1431.69 924.649 830.74 714.86 1687.44 689.049 683.03 742.483 1014.54 1620.78 680.875 806.832 679.264 631.286 992.523 1081.71 627.657 607.359
threshold=2055.327026367188 0.68301269412040722 4.5611286163330087 2111.5000000000005 288.50000000000006 0.017917135730385784 0.93301269412040722 1500.5000000000002 9.5000000000000018 1227.5000000000002 17.500000000000004 5128.0000000000009 206.50000000000003 378.50000000000006 2.0230027437210087 3759.5000000000005 204.50000000000003 4.5000000000000009 2893.5000000000005 5203.5000000000009 5730.5000000000009 1.5000000000000002 2.5000000000000004 2.5000000000000004 783.50000000000011 1310.5000000000002 1500.5000000000002 -0.93301269412040699 0.11499999836087228 1.0000000180025095e-35
decision_type=8 2 8 2 2 2 2 2 2 2 2 10 2 2 10 10 2 2 2 2 2 2 2 2 2 2 2 2 10 2
left_child=15 2 14 4 5 6 -3 9 22 10 11 -8 -12 -6 -2 17 -17 -1 25 24 21 -21 23 -7 -20 29 -27 -28 -16 -4
right_child=1 3 18 -5 13 8 7 -9 -10 -11 12 -13 -14 -15 28 16 -18 -19 19 20 -22 -23 -24 -25 -26 26 27 -29 -30 -31
leaf_value=0.00019394444644340008 -0.0040728557198073312 -0.0081859468209778199 -0.015299511876396749 -0.023336015299708184 0.052344642474784327 0.0059040986943252006 -0.0020710983533519878 0.046191402684834716 -0.02556020206259715 -0.013590637448124668 0.01844801086032918 0.078674974238301748 0.13340982270163432 0.011775795561347717 0.0086798455245676465 -0.018699486517363254 0.065055816417907766 0.005918245606911148 -0.013438110925754958 0.13034172816022002 -0.0066265317052334599 -0.016927756027082873 0.06055780695527873 0.048318257019252735 -0.029263790431476741 0.034181791062195287 0.026414119485463562 -0.012483170700295615 0.072513881243808809 -0.0020051418107701656
leaf_weight=504445.37380674295 13041.275681579253 8583.0409338972531 6779.1817137431353 1174.0363131654449 616.38591514551081 1286.6517089549452 1836.1150216313545 710.75656959228218 385.23123575747013 1759.8519583998714 284.80115383886732 229.72736697737128 141.45240625739098 2676.0678171901964 4546.1258309704717 385.91120730340481 473.00105307996273 19653.263251077384 8602.71819810546 120.52547725825571 2626.8768730869051 134.58854414289817 441.53790212422609 580.44541456736624 3421.4409118178301 793.52661998197436 845.52481563389301 2586.5527655854821 133.27702417131513 5686.9064231263474
leaf_count=1037921 83426 45532 14776 12515 3978 2724 8328 3276 840 8909 1816 1235 1196 17599 43701 513 1933 59780 76178 1588 18948 934 1713 2016 31929 2661 2373 3931 2417 13924
internal_value=-2.00128e-05 -0.00357158 -0.00648564 0.003369 0.00498531 0.00203111 -0.00150652 0.0100388 0.0197594 0.00390136 0.0162587 0.00724383 0.0587817 0.0195063 -0.000181602 0.000453794 0.0276423 0.00040871 -0.0100199 -0.0146863 -0.00100553 0.05494 0.0273993 0.019277 -0.0179618 -0.00584633 0.00416722 -0.00285156 0.0106487 -0.00924122
internal_weight=594982 70024.6 49318.5 20706.1 19532.1 16239.6 13545.7 4962.7 2693.87 4251.95 2492.1 2065.84 426.254 3292.45 17720.7 524958 858.912 524099 31597.8 14906.2 2881.99 255.114 2308.64 1867.1 12024.2 16691.7 4225.6 3432.08 4679.4 12466.1
internal_count=1508610 408463 296786 111677 99162 77585 70292 24760 7293 21484 12575 9563 3012 21577 129544 1100147 2446 1097701 167242 129577 21470 2522 6453 4740 108107 37665 8965 6304 46118 28700
is_linear=0
shrinkage=0.03


Tree=145
num_leaves=31
num_cat=0
split_feature=100 20 112 102 128 116 71 35 69 92 120 75 131 113 131 69 128 120 131 128 131 131 100 116 73 71 120 103 103 120
split_gain=967.823 1053.59 1117.85 1253.85 1034.59 849.16 846.213 844.272 812.724 782.291 731.018 1377.14 806.874 759.152 1002.36 888.608 702.063 1243.93 1252.92 777.185 1031.54 906.024 816.195 2037.98 789.222 839.408 758.222 739.428 713.877 772.734
threshold=398.44479370117193 19.500000000000004 0.68301269412040722 1.0000000180025095e-35 1.5000000000000002 2.5000000000000004 3621.0000000000005 5.5000000000000009 80.500000000000014 3663.5000000000005 1.5000000000000002 2.5309861898422246 20.500000000000004 0.68301269412040722 15.500000000000002 3.5000000000000004 19.500000000000004 13.500000000000002 2006.5000000000002 33.500000000000007 1819.5000000000002 521.50000000000011 -903.83502197265614 436.50000000000006 0.1536245793104172 362.50000000000006 15.500000000000002 4.5000000000000009 1.5000000000000002 22.500000000000004
decision_type=8 2 2 2 2 8 2 2 2 2 2 2 2 2 2 2 2 2 2 2 2 2 10 8 2 2 2 2 2 2
left_child=8 2 3 5 -5 -2 -7 10 9 -1 11 -6 13 15 -15 -12 17 27 -19 22 21 -21 23 -18 28 -26 -22 -11 29 -24
right_child=1 -3 -4 4 7 6 -8 -9 -10 16 12 -13 -14 14 -16 -17 19 18 -20 20 26 -23 24 -25 25 -27 -28 -29 -30 -31
leaf_value=-0.022130318980261882 0.023585666781910427 0.0033667910238933283 0.0013020851599967207 0.0025116355231908374 -0.013269546276071688 -0.014278834744168179 0.038959221065695111 0.019977294889710968 -0.0041960813150725921 0.00098951941975980538 -0.012649369673092204 0.0060182356138292767 -0.0047730033549268575 0.0089293936942910906 0.061311637239458504 0.025496528856285627 -0.00011502363695468047 0.015899537261050648 -0.01814327250074068 0.0044595287350342634 0.039883143210236151 -0.023984518140880172 -0.015114637868449554 0.079957599112007449 0.018952876510599938 -0.029146153838741487 0.0058987058156614062 0.007532484312311803 0.0027577046297808045 0.00051187193593211111
leaf_weight=1288.5410021450371 568.76268478715792 27387.721858197823 36719.12263695756 20600.327761348337 19204.240119315684 16408.842551701702 263.83270108839497 1144.3341779839247 27627.618821531534 351122.10185267543 1684.0554703641683 4024.3505637627095 24898.401233810931 963.73776605352759 492.38241682946682 803.56300774589181 2024.3820996023715 8707.0768014430068 1086.8570834305137 4616.6297203702852 1092.8604437476024 1278.6168774552643 13266.865126078948 323.14479877054691 1737.8981840386987 392.21719428896904 1281.5747804781422 16255.439048588276 3713.2950907126069 3625.0309215560555
leaf_count=19447 4217 126589 115125 38716 30313 161155 1174 2812 63629 744150 2096 7327 41938 1857 1795 2042 6260 23862 2376 10671 3872 1599 17556 1605 6246 645 3328 52921 7209 6730
internal_value=6.48507e-05 -0.00197193 -0.00311641 -0.00489814 -0.00319586 -0.01218 -0.0134135 -0.00540537 0.000784054 0.00111825 -0.00596692 -0.00992679 -0.00277542 0.0098163 0.0269397 -0.000274542 0.00119176 0.0015607 0.0121071 -0.00297965 0.00499172 -0.00173985 -0.00560871 0.0111996 -0.00734842 0.0100016 0.0216421 0.00127922 -0.009146 -0.0117628
internal_weight=594604 155164 127776 91056.8 73815.4 17241.4 16672.7 53215.1 439440 411813 52070.7 23228.6 28842.1 3943.74 1456.12 2487.62 410524 377171 9793.93 33352.5 8269.68 5895.25 25082.8 2347.53 22735.3 2130.12 2374.44 367378 20605.2 16891.9
internal_count=1509262 537156 410567 295442 128896 166546 162329 90180 972106 908477 87368 37640 49728 7790 3652 4138 889030 823309 26238 65721 19470 12270 46251 7865 38386 6891 7200 797071 31495 24286
is_linear=0
shrinkage=0.03


Tree=146
num_leaves=31
num_cat=3
split_feature=114 114 53 97 123 49 116 75 114 60 116 49 96 97 71 121 69 116 116 66 97 51 124 74 124 54 113 113 53 65
split_gain=3555 713.85 1629.56 1118.57 999.329 953.089 1702.98 911.579 1867.82 2444.92 2642.14 1623.58 967.12 965.312 998.425 898.973 855.894 968.96 1362.17 834.388 828.969 971.303 1212.98 1041.47 1020.29 1027.69 896.483 1169.97 929.77 819.146
threshold=0 1 8116.5000000000009 8616.5000000000018 1.0000000180025095e-35 3.395272016525269 96.500000000000014 0.016230027657002214 2 1.5000000000000002 193.50000000000003 2.7302392721176152 0.015000000596046449 341.50000000000006 326.50000000000006 5.5000000000000009 5.5000000000000009 156.00000000000003 107.50000000000001 133.50000000000003 5128.0000000000009 1272.5000000000002 1.0000000180025095e-35 0.28902274370193487 56.500000000000007 930.50000000000011 1.0000000180025095e-35 0.25000000000000011 1522.5000000000002 17.500000000000004
decision_type=9 9 2 10 2 10 8 2 9 2 8 10 8 10 2 2 2 10 8 2 8 2 2 2 2 2 2 2 2 2
left_child=-1 2 3 4 7 6 -4 8 9 -2 16 -10 29 14 -12 -8 17 18 -11 -6 -3 23 26 24 -22 -26 28 -28 -23 -9
right_child=1 20 5 -5 19 -7 15 12 11 10 13 -13 -14 -15 -16 -17 -18 -19 -20 -21 21 22 -24 -25 25 -27 27 -29 -30 -31
leaf_value=-0.025013823421026673 -0.0054650668951291672 -0.00060283568912649569 0.061710978855732068 0.037398081445391515 0.0028476225748754573 -0.0074277889264138218 0.0051761242211909968 -0.0052446739558625671 -0.0022760900549153823 -0.0094818315550860115 0.030880067917574586 0.034389811707752273 -0.00045671149915016434 -0.032044764309979865 -0.025757945755007713 0.029008043974328931 -0.027762741663358702 -0.018846645630027168 0.034036694867517391 -0.028893247087270469 -0.011579011028402499 0.066381246696534002 -0.019899622858175203 0.011032716816525925 0.04230623245112386 -0.029285755539401739 0.12572383413840188 0.028644425682688896 -0.019147306381183369 -0.054004039406197787
leaf_weight=5065.199111610651 5891.3629996329546 97763.204252733849 720.68889048695564 727.03933018445969 127090.85988219921 1578.2561203949153 4190.5624565659091 36905.293267520145 33165.912253558636 1137.8319766670465 8260.7502947747707 1113.7275079041719 238783.66226405744 231.96860282123089 282.74049358069897 2152.651563115418 853.89319261908531 1047.547589763999 1480.9431708306074 739.83950631320477 20604.092690796824 156.67394967377186 533.11324273888022 2283.8340939562768 611.27709077415057 246.13108438136987 170.42501553334296 315.35065752640367 355.50816237879917 302.85343126952648
leaf_count=99852 9546 195190 3192 2829 286769 15226 15543 123136 59803 2409 41468 3490 461384 481 378 9055 1060 2174 7581 1038 141944 696 3106 8928 3855 1495 1161 2478 3390 366
internal_value=-3.78342e-05 0.000177538 0.000713507 0.000469858 0.000410329 0.0136118 0.0183164 -0.000463251 0.00312168 0.0106109 0.0177409 -0.00107484 -0.00115783 0.0273301 0.0289778 0.0132967 -0.000894447 0.00542172 0.0151642 0.00266167 -0.00185504 -0.00669687 0.0163918 -0.00819187 -0.0102419 0.0216541 0.035784 0.0645518 0.00778565 -0.00565595
internal_weight=594763 589698 466658 458016 457289 8642.16 7063.9 329458 53466.7 19187 13295.7 34279.6 275992 8775.46 8543.49 6343.21 4520.22 3666.32 2618.78 127831 123040 25276.4 1531.07 23745.3 21461.5 857.408 997.958 485.776 512.182 37208.1
internal_count=1509023 1409171 1046928 1003912 1001083 43016 27790 713276 128390 65097 55551 63293 584886 42327 41846 24598 13224 12164 9990 287807 362243 167053 10831 156222 147294 5350 7725 3639 4086 123502
cat_boundaries=0 1 2 3
cat_threshold=657408 361860 128
is_linear=0
shrinkage=0.03


Tree=147
num_leaves=31
num_cat=7
split_feature=114 72 99 114 121 114 77 114 100 128 120 114 75 120 128 51 121 121 131 53 114 71 120 121 121 97 97 20 114 42
split_gain=3475.19 754.88 964.17 2704.25 1112.47 1095.98 867.709 787.062 786.32 774.207 1340.98 1525.94 1020.8 981.287 1218.81 1202.56 1404.04 1114.87 896.452 855.164 992.251 950.216 878.103 817.999 904.865 1038.19 872.911 981.923 1137.21 855.393
threshold=0 1410.5000000000002 17.404474258422855 1 4.5000000000000009 2 9.0555553436279315 3 -7968.9999999999991 9.5000000000000018 4.5000000000000009 4 0.036094209179282195 7.5000000000000009 36.500000000000007 730.50000000000011 110.50000000000001 54.500000000000007 8.5000000000000018 8116.5000000000009 5 682.50000000000011 1.5000000000000002 34.500000000000007 18.500000000000004 71.500000000000014 335.50000000000006 33.500000000000007 6 3.5000000000000004
decision_type=9 2 8 9 2 9 8 9 10 2 2 9 2 2 2 2 2 2 2 2 9 2 2 2 2 10 10 2 9 2
left_child=-1 7 9 4 -4 8 -7 -2 -5 19 11 -11 -13 14 -12 -15 17 -17 -14 21 22 23 -21 24 25 29 -27 -28 -29 -3
right_child=1 2 3 5 -6 6 -8 -9 -10 10 13 12 18 15 -16 16 -18 -19 -20 20 -22 -23 -24 -25 -26 26 27 28 -30 -31
leaf_value=-0.025064252570656028 -0.014741451669285238 0.0042334882073848008 0.061569793840676255 0.002612974059105808 0.0038132167527780755 0.038778981932996184 -0.014307946924804528 0.0052076905558484984 -0.018305149059589767 -0.019145330544359931 0.0056900483838295051 -0.0074649956056130444 -0.010730242182978226 -0.0025275318716364219 0.049412598589401779 0.01644888676375264 -0.020937197983921678 0.065993343882478933 0.0036989723230830434 0.021964227112611711 -0.012426042301702073 -0.0079612071298181489 0.081326488614049147 0.010285109797216464 -0.0071176873606729283 -0.0018318793695437862 0.0012327119878376583 0.065635689323972415 0.011046192627482894 0.029161035993336148
leaf_weight=4928.0262524944264 1852.1891823112965 54790.789874825627 719.50013732165098 9739.372327637393 512.32528503239155 273.34677380835637 13993.185601104051 36666.595906633884 1929.0040704747662 6263.5958695597947 16770.227413840592 27630.117342540063 4792.350234284997 43450.496436161455 584.41501731984317 2315.0944027956575 739.82846657931805 489.79228460416198 20061.022197403479 1166.8165277112275 590.27987134503201 11010.296684033237 271.96225654706359 8296.8412756342441 12648.009741645306 106957.03127336502 199688.5358350426 366.52864971011877 3306.6190893510357 1257.9824461229146
leaf_count=99669 2625 135397 2808 51913 965 1130 120549 92403 27003 10967 39736 43787 8480 91868 2092 5711 782 1951 54274 3918 2949 65209 1454 20801 21155 215974 365323 1560 9660 6590
internal_value=-2.74773e-05 0.000182796 -0.000101264 -0.00561072 0.0374708 -0.00768209 -0.0132551 0.00424238 -0.000857168 0.000184776 -0.00189583 -0.00517254 -0.00349732 0.00109592 0.00719001 -0.00115559 0.0156212 0.0253041 0.000913463 0.000824536 0.0202032 0.000725316 0.0334382 0.000972451 0.000768326 0.00104076 0.000361992 0.00151588 0.0168651 0.00479807
internal_weight=594062 589134 550615 27166.7 1231.83 25934.9 14266.5 38518.8 11668.4 523449 123097 58747.1 52483.5 64349.9 17354.6 46995.2 3544.72 2804.89 24853.4 400352 2029.06 398323 1438.78 387312 379015 366367 310319 203362 3673.15 56048.8
internal_count=1508703 1409034 1314006 204368 3773 200595 121679 95028 78916 1109638 259648 117508 106541 142140 41828 100312 8444 7662 62754 849990 8321 841669 5372 776460 755659 734504 592517 376543 11220 141987
cat_boundaries=0 1 2 3 4 5 6 7
cat_threshold=657408 33824 327948 32 1056 65668 263200
is_linear=0
shrinkage=0.03


Tree=148
num_leaves=31
num_cat=0
split_feature=98 72 71 121 112 56 69 75 54 54 54 54 121 51 112 131 51 99 112 112 72 78 100 131 131 67 45 121 69 69
split_gain=870.798 1931.95 1310.29 1500.18 2234.43 1773.21 1177.29 1132.71 1052.76 1403.42 1447.05 936.797 891.513 835.795 1033.17 1427.16 1022.03 953.652 818.212 799.162 1002.64 683.748 638.006 842.577 687.57 638.489 611.946 600.215 918.173 1283.56
threshold=2055.327026367188 2159.5000000000005 248.50000000000003 14.500000000000002 0.93301269412040722 -6.4999999999999991 2.5000000000000004 0.062815506011247649 3096.5000000000005 2658.5000000000005 1212.5000000000002 6164.5000000000009 5.5000000000000009 1364.5000000000002 -0.93301269412040699 113.50000000000001 1527.5000000000002 1.0852783322334292 -1.0000000180025095e-35 0.68301269412040722 193.50000000000003 8.6904764175415057 3090.381469726563 11.500000000000002 180.50000000000003 3.5000000000000004 1.3400272727012636 1.0000000180025095e-35 69.500000000000014 52.500000000000007
decision_type=8 2 2 2 2 10 2 2 2 2 2 2 2 2 2 2 2 10 2 2 2 8 10 2 2 2 8 2 2 2
left_child=27 19 3 4 7 6 8 -3 9 10 12 -10 -6 21 15 -15 18 -18 -16 -2 -21 -9 25 -24 -25 -4 -5 28 29 -1
right_child=1 2 22 26 5 -7 -8 13 11 -11 -12 -13 -14 14 16 -17 17 -19 -20 20 -22 -23 23 24 -26 -27 -28 -29 -30 -31
leaf_value=0.0025463883951066181 -0.00026441768627853446 0.041633573548595933 0.0020051371455513563 0.029559372500772434 0.043468913958976264 -0.026512354980295763 -0.00065509189285920943 0.009323219505277756 -0.022703801911886694 0.14064956367400039 -0.016430796446905205 0.054012349762815305 0.13292780236725998 0.0032071614586735788 -0.016474589970037562 0.077591199127239233 -0.020415033233578798 0.016171368440422686 0.041887751204330116 0.03388027438778396 0.0064608548080728008 -0.015170305418169489 0.066289775882031332 -0.01022331259406295 0.029763774259730581 -0.016561286714831893 -0.024940718272810556 -0.00025744347933368748 -0.0063826570372494422 0.025910250538561587
leaf_weight=102971.89343339344 14606.966818014393 371.12822055444121 9158.8102165348828 183.27746557863429 288.9606820284389 585.55220161052421 663.34553148038685 1084.2721960060298 281.96105132787488 182.51717345812358 214.81717865285464 272.77643500943668 158.02383918431588 786.74944584397599 326.65259045409039 319.86273776553571 3253.4116263864562 790.01525887101889 604.77715410618111 1465.107085224241 6482.7253267515916 17204.388380724238 264.31473390385509 794.0349509222433 738.07622837089002 2027.5305878436193 5987.221564027248 410608.15795048163 10233.232676174492 2150.8323227986693
leaf_count=211672 42274 1484 76239 1154 1656 1955 3598 3036 1739 1358 1141 1850 1307 2835 1652 2117 18117 2085 3223 4799 25578 141135 1109 2462 3470 16298 44390 861581 21187 6839
internal_value=-0.000136254 -0.00330226 -0.00679386 -0.00992387 -0.00690821 0.0192359 0.03229 -0.00971295 0.0478042 0.0687262 0.0470922 0.0153076 0.0773123 -0.0105117 -0.000875018 0.02521 -0.00671632 -0.0132444 0.0214625 0.00390257 0.0115516 -0.0137139 0.00129846 0.0178418 0.00910808 -0.00137182 -0.0232767 0.000279728 0.00219164 0.00302684
internal_weight=595061 69097.3 46542.5 33559.7 27389.2 2647.95 2062.4 24741.3 1399.06 844.319 661.802 554.737 446.985 24370.1 6081.47 1106.61 4974.86 4043.43 931.43 22554.8 7947.83 18288.7 12982.8 1796.43 1532.11 11186.3 6170.5 525964 115356 105123
internal_count=1509340 408061 335410 235832 190288 14604 12649 175684 9051 5462 4104 3589 2963 174200 30029 4952 25077 20202 4875 72651 30377 144171 99578 7041 5932 92537 45544 1101279 239698 218511
is_linear=0
shrinkage=0.03


Tree=149
num_leaves=31
num_cat=5
split_feature=114 35 72 49 114 53 114 128 131 131 131 53 98 53 116 74 116 128 114 55 54 114 113 70 123 54 54 54 53 66
split_gain=3359.06 714.846 1032.08 1035.43 695.866 1897.63 932.451 1566.93 1229.89 1479.55 1168.86 1369.12 1124.99 819.846 898.701 796.099 878.779 758.541 723.659 715.17 705.742 1383.02 1699.6 1411.74 1526.8 1157.95 1695.04 1111.42 990.785 958.999
threshold=0 13.500000000000002 697.50000000000011 1.4303324222564699 1 960.50000000000011 2 5.5000000000000009 48.500000000000007 92.500000000000014 22.500000000000004 1351.5000000000002 2201.2631835937505 2381.5000000000005 572.00000000000011 0.37786526978015905 8.5000000000000018 3.5000000000000004 3 12.500000000000002 1012.5000000000001 4 0.25000000000000011 2.5000000000000004 1.0000000180025095e-35 3845.5000000000005 4281.5000000000009 1312.5000000000002 532.50000000000011 1.5000000000000002
decision_type=9 2 2 10 9 2 9 2 2 2 2 2 8 2 10 2 10 2 9 10 2 9 2 2 2 2 2 2 2 2
left_child=-1 4 -3 -4 5 18 7 10 -9 -10 -7 -12 13 14 -13 16 -8 -14 -2 20 29 22 23 -22 -25 27 -27 28 -24 -6
right_child=1 2 3 -5 19 6 15 8 9 -11 11 12 17 -15 -16 -17 -18 -19 -20 -21 21 -23 25 24 -26 26 -28 -29 -30 -31
leaf_value=-0.024950972479384343 0.00029396053365807694 0.034625867287286366 0.021666956420526597 0.0001923327227415183 -0.0023216143997293434 0.016367897867444938 0.013111863419461654 -0.0033441581356953979 0.048951400435950483 0.012787619432904905 -0.022847394071967252 -0.012473752917097942 0.048498084582854525 0.0234238011245817 0.010864998847823258 0.023046479667916384 -0.010783411299597855 -0.0028321082180703676 -0.017917738117066907 -0.013374678171757621 0.0096113214248958866 0.0006320997823996788 0.0059368833755388453 -0.01343540510342453 0.0069975457371066023 0.07787719344674679 0.020410841657521394 0.0037801065469684004 0.0360310188841075 0.0010430240758592746
leaf_weight=4779.3816247638315 2516.8898444073275 1111.258109706454 2527.8723930059932 9917.8106004456058 135085.78183367057 2717.93678676337 1566.86783984676 2092.5376055091619 1485.4863527491689 3224.7120207622647 3029.2189349196851 5827.5949960313737 666.59620756655931 908.33803331851959 1982.9101403281093 784.09854506142437 11457.368417329621 418.20434202998877 9026.7805232135579 3359.3330648127012 11108.416423602495 172048.69286155887 1762.8888532370329 7800.2201585178263 5680.0335420407355 525.97979063354433 3464.3567526764236 8928.4997964259237 2233.5623952648602 174990.82363259699
leaf_count=99852 5654 5109 9002 41588 293606 5891 7988 3333 4946 7590 3513 7657 2351 2264 3933 3689 91865 709 17331 29994 21881 403247 4229 12015 18095 2219 9508 19031 6530 364379
internal_value=4.51618e-05 0.000249089 0.00705553 0.00456799 8.84108e-05 -0.00338043 5.30087e-07 0.00378571 0.015785 0.0242724 -0.00146776 -0.00525507 0.000198511 -0.0033971 -0.00654226 -0.00612369 -0.00790086 0.0288645 -0.0139654 0.000402542 0.000491191 0.00181828 0.00673232 0.00169706 -0.00482698 0.0140504 0.0281614 0.00967547 0.022804 -0.000422818
internal_weight=593030 588251 13556.9 12445.7 574694 47705.5 36161.9 22353.5 6802.74 4710.2 15550.8 12832.9 9803.64 8718.84 7810.51 13808.3 13024.2 1084.8 11543.7 526989 523629 213553 41504 24588.7 13480.3 16915.3 3990.34 12925 3996.45 310077
internal_count=1508999 1409147 55699 50590 1353448 168714 145729 42187 15869 12536 26318 20427 16914 13854 11590 103542 99853 3060 22985 1184734 1154740 496755 93508 51991 30110 41517 11727 29790 10759 657985
cat_boundaries=0 1 2 3 4 5
cat_threshold=657408 8760 32 520 262208
is_linear=0
shrinkage=0.03


Tree=150
num_leaves=31
num_cat=8
split_feature=114 102 55 72 49 114 116 32 57 114 116 131 73 116 114 113 114 116 72 113 73 50 121 50 57 131 116 128 114 66
split_gain=3165.71 717.507 666.285 630.701 807.045 1145.08 1555.77 773.963 712.728 700.019 861.14 694.989 656.916 1163.86 925.871 889.366 776.108 630.613 617.658 646.699 690.409 617.429 1212.37 614.43 749.674 579.897 1095.6 575.279 1518.25 1259.32
threshold=0 11.500000000000002 10.500000000000002 1759.5000000000002 1.5258668661117556 1 524.00000000000011 1.0000000180025095e-35 2 3 21.500000000000004 557.50000000000011 0.022625501267611984 534.00000000000011 4 1.0000000180025095e-35 5 56.500000000000007 1608.5000000000002 1.0000000180025095e-35 0.016123616136610511 -0.9837706685066222 8.5000000000000018 0.29373782873153692 6 1.5000000000000002 203.50000000000003 8.5000000000000018 7 1.0000000180025095e-35
decision_type=9 2 10 2 8 9 8 2 9 9 10 2 2 10 9 2 9 10 2 2 2 8 2 8 9 2 8 2 9 2
left_child=-1 2 3 4 5 6 11 -8 -6 10 -5 -2 13 16 17 -15 -10 -14 19 20 -18 22 -21 -16 -25 26 -23 -11 29 -29
right_child=1 -3 -4 9 8 -7 7 -9 12 27 -12 -13 14 15 23 -17 18 -19 -20 21 -22 25 -24 24 -26 -27 -28 28 -30 -31
leaf_value=-0.024620383134814669 0.0015266823611969733 0.015891216925216035 -0.011739157286676035 0.009637016429951779 -0.030778658951878275 -0.013202634505836666 0.064571371174560868 0.016976723548304148 0.033993265703121285 0.00063635615143724136 -0.013029795976727791 -0.027736113527753219 0.015689585650396985 0.011575519867577256 0.018850512983609322 0.075724674920121277 0.051218390397041735 -0.013977679534379906 0.03491095139441696 0.0060308234735085495 -0.0057476331090298739 0.058702989226594386 0.12606358165244336 0.035967748305418393 0.0034069720729819615 -0.0098570465350117185 -0.013604450045334003 0.0020884735758199074 9.0046538433961193e-05 -0.011133911784159249
leaf_weight=4651.5612806777935 2506.1426353799179 2592.312271155417 4234.6342225833796 1895.759616909083 456.08636339846998 5540.8551048231311 354.28228732943535 2073.3886276781559 1014.5120824868791 385616.50834196946 7257.0203548776917 1020.3710866048932 777.07628850545734 347.30956404283643 3080.6321998024359 444.58072330849245 456.94515740871429 3584.445907862857 585.11239365721121 351.36498304829001 321.44717813748866 333.08348892908543 86.935173689387739 638.48460686206818 19465.521382863633 3593.9557588910684 412.22226935997605 9059.5804130164906 107681.368416538 22757.302013888955
leaf_count=99610 5642 17378 34214 10083 690 9896 1428 6515 3787 855979 68829 1181 1920 889 10933 2128 1968 5251 2699 5919 628 1581 809 1832 38962 10189 698 26650 237349 42537
internal_value=-2.18503e-05 0.000173396 0.000103591 0.000190002 0.00350448 -0.00341274 0.00571696 0.0241588 0.00571662 -0.000104394 -0.00832048 -0.00699478 0.00620103 0.0137963 0.00400773 0.0480852 0.0099398 -0.00864839 0.00585255 0.00274563 0.027919 -0.00140554 0.0321198 0.00639229 0.00447802 -0.00485794 0.0190597 3.91259e-05 -0.00161173 -0.00736716
internal_weight=593191 588539 585947 581712 47444.8 11495 5954.18 2427.67 35949.7 534268 9152.78 3526.51 35493.6 7947.47 27546.2 791.89 7155.58 4361.52 6141.07 5555.95 778.392 4777.56 438.3 23184.6 20104 4339.26 745.306 525115 139498 31816.9
internal_count=1508174 1408564 1391186 1356972 115545 24662 14766 7943 90883 1241427 78912 6823 90193 31295 58898 3017 28278 7171 24491 21792 2596 19196 6728 51727 40794 12468 2279 1162515 306536 69187
cat_boundaries=0 1 2 3 4 5 6 8 9
cat_threshold=657408 311364 2315255808 8720 9252 270592 36872 1 1320
is_linear=0
shrinkage=0.03


Tree=151
num_leaves=31
num_cat=0
split_feature=103 121 52 130 51 53 115 98 121 113 100 113 120 54 121 51 54 116 113 71 100 70 121 98 116 70 74 121 130 107
split_gain=831.574 1000.56 1023.68 1105.68 1091.45 1404.93 1603.15 1493.96 1482.06 2412.51 1450.9 1237.63 1290.85 983.107 923.738 899.496 1050.4 864.574 1155.39 1069.67 1681.58 1178.12 1555.75 821.226 1005.46 806.818 860.293 1005.58 1227.8 1219.94
threshold=1.0000000180025095e-35 403.50000000000006 1911.5000000000002 201.50000000000003 92.500000000000014 1108.5000000000002 1.0000000180025095e-35 1568.8520507812502 38.500000000000007 -0.68301269412040699 -228.76658630371091 0.68301269412040722 6.5000000000000009 3160.5000000000005 3.5000000000000004 1683.5000000000002 1486.5000000000002 737.50000000000011 0.68301269412040722 25.500000000000004 252.6158142089844 12.500000000000002 20.500000000000004 177.4136657714844 19.000000000000004 112.50000000000001 1.5891463756561282 6.5000000000000009 41.500000000000007 0.0037315511144697671
decision_type=2 2 2 2 2 2 2 10 2 2 10 2 2 2 2 2 2 8 2 2 10 2 2 10 10 2 2 2 2 2
left_child=1 2 4 25 -1 6 13 11 14 -10 -11 15 -13 17 -8 16 -7 19 -19 20 21 22 -6 -16 -25 -4 27 29 -29 -27
right_child=-2 -3 3 -5 5 7 8 -9 9 10 -12 12 -14 -15 23 -17 -18 18 -20 -21 -22 -23 -24 24 -26 26 -28 28 -30 -31
leaf_value=0.0021048371705070157 0.0013963863390938755 -0.026374012871272286 -0.0048550943602837064 -0.018596948062072877 0.017083696492247519 0.011599350094698053 -0.0042176450560768956 -0.012327626580367013 -0.017844336436033385 0.073303472193005995 0.016785884797611152 -0.012666245810440385 0.026452106590477521 0.0082400126168553564 -0.02433955363765955 0.026973538722365506 -0.00010070349088508306 -0.0020478725052727382 -0.014276729986245284 -0.0016167738892733277 -0.0059919380429279421 -0.0098194187178124621 0.062009776089332544 0.015242509496831787 -0.011736494435862036 -0.0057354452777204478 -0.011262604714510125 0.037214528573881384 -0.016069929195150757 0.060813568072388524
leaf_weight=119509.15987019055 231320.18948628288 1373.1488292922731 42869.215755630052 4629.9843866352458 5444.5549579225481 15826.48394857347 22902.718035070226 4828.2674397146329 1709.2726311869919 501.50190852582455 2088.0695301108062 5174.2681124582887 879.89187176525593 10150.39504314214 4372.1052572987974 2065.0875199735165 12245.876352857798 30130.015466570854 9031.3953800424933 30893.957232251763 4248.8447807207704 1175.1483810991049 788.20141293480992 1316.8003803379834 20089.570534855127 2688.5206540452782 1915.5431171962991 1918.115863309009 481.49864834384061 262.99129170458764
leaf_count=286444 492947 2968 264566 63678 12602 32045 37644 7984 2288 2115 5209 6211 2375 22641 5669 5720 20662 52400 11264 51489 5959 1605 2820 3029 31897 28779 14411 22037 7268 1897
internal_value=-8.20289e-06 -0.000906973 -0.000809141 -0.00458558 -0.000131741 -0.00156989 -0.00295791 0.00333077 -0.00711336 0.00975518 0.0279711 0.00542256 -0.00694667 -0.000560814 -0.00860466 0.00790883 0.00649727 -0.00165494 -0.00487101 0.00130541 0.00904485 0.0176657 0.0228553 -0.0124991 -0.0100706 -0.00328819 0.0059496 0.0121206 0.0265003 0.000379656
internal_weight=592831 361511 360137 54765.9 305372 185862 144843 41019.9 52980 4298.84 2589.57 36191.6 6054.16 91862.5 48681.2 30137.4 28072.4 81712.1 39161.4 42550.7 11656.7 7407.9 6232.76 25778.5 21406.4 50135.9 7266.67 5351.13 2399.61 2951.51
internal_count=1508623 1015676 1012708 402636 610072 323628 248631 74997 87851 9612 7324 67013 8586 160780 78239 58427 52707 138139 63664 74475 22986 17027 15422 40595 34926 338958 74392 59981 29305 30676
is_linear=0
shrinkage=0.03


Tree=152
num_leaves=31
num_cat=6
split_feature=114 112 51 114 103 69 100 114 121 54 97 97 67 114 120 114 128 97 119 103 114 113 116 99 69 67 75 69 128 100
split_gain=3041.55 884.84 1060.3 951.409 880 1008.48 1136.71 1208.14 995.911 1048.59 857.794 1681.78 949.527 835.042 768.839 1715.94 1040.87 979.444 804.773 749.899 748.912 746.463 1129.02 1407.14 901.259 1002.03 977.136 931.219 893.706 805.521
threshold=0 -1.0000000180025095e-35 1683.5000000000002 1 3.5000000000000004 4.5000000000000009 -748.86715698242176 2 12.500000000000002 5057.5000000000009 1512.5000000000002 2303.5000000000005 1.0000000180025095e-35 3 30.500000000000004 4 26.500000000000004 317.50000000000006 1.0000000180025095e-35 8.5000000000000018 5 0.25000000000000011 630.00000000000011 1.7390131354331972 67.500000000000014 81.500000000000014 0.99454328417778026 52.500000000000007 1.5000000000000002 607.03961181640636
decision_type=9 2 2 9 2 2 8 9 2 2 10 10 2 9 2 9 2 10 2 2 9 2 10 8 2 2 2 2 2 10
left_child=-1 2 13 10 5 14 7 -7 -6 19 -4 12 -12 -2 16 17 18 -16 -3 -10 -18 22 -15 28 27 26 -26 29 -24 -23
right_child=1 4 3 -5 8 6 -8 -9 9 -11 11 -13 -14 21 15 -17 20 -19 -20 -21 -22 24 23 -25 25 -27 -28 -29 -30 -31
leaf_value=-0.024482533544722834 -0.015848692997921441 0.0013839245018861396 0.034140572513753728 -0.0085261401356627985 0.011856656769891758 0.015214237808359328 -0.00028588832440196404 -0.012431780712810469 0.00060870191208757323 -0.023535994734818731 0.028419640958011624 0.037977346135274009 -0.013564064576804471 -0.0018561929134827679 0.014613041870777242 -0.0090603972187437223 0.0014299504702992745 0.047672667692044472 0.0076087207527289627 0.034941054635999121 -0.02913724958397608 0.0024749473477757478 -0.026295374285316767 0.0098490126269314467 -0.014024889813512102 -0.047948753118800626 0.013436183257059862 0.029543517219435933 -0.0083846619048870506 -0.0063753449379655358
leaf_weight=4516.038694007555 3610.0667504796293 159028.06103750016 1651.8562767952681 1891.6107337996364 13846.171006543562 1589.8442144952714 121189.82652051956 12468.686769489665 6126.6609601899981 1540.6380610819906 612.37661744654179 1202.6150768995285 2185.8995496034622 130126.66010053735 2626.3812078675255 2074.3298298362643 1278.5112116253003 1163.7860378231853 21173.523209421895 621.65554691106081 1644.3019179592375 69919.425930927508 4368.7453601658344 2311.7682705633342 4134.5605481602252 562.3697652220726 1613.7990532182157 1054.8433313518763 5900.6237224070355 10657.780601304956
leaf_count=99845 34526 401391 5152 4723 42951 3905 255575 32052 15026 2121 1813 3718 2817 291612 8603 3761 2769 4530 60645 3494 4952 159211 4350 7309 7038 362 5016 3425 12456 24376
internal_value=-1.09429e-05 0.000177777 -0.00121483 0.00984761 0.00114998 0.000754775 -0.00122295 -0.00929479 0.00693598 -0.00128808 0.0159871 0.00846552 -0.00430784 -0.0015715 0.0021701 0.0128535 0.00182729 0.0247976 0.00211571 0.00381842 -0.0159016 -0.00134662 -0.00268636 -0.0112644 0.000827334 -0.0100865 -0.0063055 0.00167218 -0.0160223 0.00130369
internal_weight=592693 588177 241805 7544.36 346372 324237 135248 14058.5 22135.1 8288.95 5652.75 4000.89 2798.28 234261 188989 5864.5 183124 3790.17 180202 6748.32 2922.81 230651 142708 12581.1 87942.8 6310.73 5748.36 81632 10269.4 80577.2
internal_count=1509524 1409679 567904 18223 841775 778183 291532 35957 63592 20641 13500 8348 4630 549681 486651 16894 469757 13133 462036 18520 7721 515155 315727 24115 199428 12416 12054 187012 16806 183587
cat_boundaries=0 1 2 3 4 5 6
cat_threshold=657408 263456 263480 8720 279428 49928
is_linear=0
shrinkage=0.03


Tree=153
num_leaves=31
num_cat=4
split_feature=114 55 57 114 96 52 116 55 121 97 74 69 43 116 69 69 52 97 103 69 69 67 97 100 114 116 74 71 130 97
split_gain=2939.78 669.757 630.819 623.167 939.967 923.667 678.253 1102.99 1078.2 896.861 776.433 635.426 966.862 748.576 718.44 1346.61 743.065 647.462 622.133 575.474 661.608 1279.15 1180.45 1124.94 1455.79 936.216 851.59 850.965 995.451 812.933
threshold=0 10.500000000000002 1 2 0.030000000260770324 8759.0000000000018 299.50000000000006 6.5000000000000009 5.5000000000000009 4173.0000000000009 0.25570955872535711 80.500000000000014 5.5000000000000009 209.00000000000003 52.500000000000007 42.500000000000007 273.50000000000006 57.500000000000007 1.0000000180025095e-35 35.500000000000007 9.5000000000000018 29.500000000000004 116.50000000000001 -903.83502197265614 3 303.00000000000006 0.011704463046044113 242.50000000000003 930.50000000000011 49.500000000000007
decision_type=9 10 9 9 10 2 8 10 2 8 2 2 2 8 2 2 2 8 2 2 2 2 8 8 9 10 2 2 2 10
left_child=-1 2 -2 5 -5 11 7 10 9 -8 -7 12 14 -14 15 19 17 -16 -19 20 23 27 29 24 26 -26 -4 28 -22 -23
right_child=1 -3 3 4 -6 6 8 -9 -10 -11 -12 -13 13 -15 16 -17 -18 18 -20 -21 21 22 -24 -25 25 -27 -28 -29 -30 -31
leaf_value=-0.024463829782032896 0.018153384092981444 -0.011830196727498327 0.012694335348457191 -0.0019190471354453382 0.031256895283909777 0.076129056353393912 0.038233298908487208 -0.0077733040098007878 0.034758804103865774 -0.0065847181959204576 0.011896872965422753 -0.0034046707838624414 0.011549466678180825 0.0025431345127374778 0.025172892767745054 -0.015423100878203264 0.019405248299852969 0.0069266648895805801 -0.016868033781307173 0.015073912047720212 -0.0045404795225143808 0.015033020753657268 0.019708050803696916 0.00034956135563589684 -0.0013990229411662944 0.032688840230064131 0.036865597047097465 -0.028002938497980051 0.032407377597037851 -0.013776460462878564
leaf_weight=4402.5232154824771 1730.8434688709676 4203.9000433520414 5599.9740425944328 128296.10722306767 763.27382503915578 491.23230529949069 454.18587832152843 386.87452103942633 994.8372745634988 2982.4009211985394 262.20856972038746 34751.126834597439 11985.722735119984 27028.70585677959 836.46622674912214 4919.1680355742574 3559.6488305330276 2204.095454659313 1777.9667899236083 2367.7882949784398 44039.264507170767 1358.2518385946751 4025.5156543143094 286847.07988088112 10062.369752023369 771.40021215751767 1712.0623052716255 1359.3718435317278 656.3178599178791 2469.1347047388554
leaf_count=99835 6030 34210 12096 447203 5220 2186 1657 1429 3643 6898 698 70967 37084 67433 2595 6120 8390 4711 2650 5463 71227 4536 10648 565272 16681 2084 4937 1426 1853 4421
internal_value=-9.58794e-05 8.71187e-05 0.000173006 0.000118997 -0.0017203 0.000642022 0.0127706 0.0333054 0.00742334 -0.000567738 0.0542239 0.000491024 0.000818435 0.00531224 0.000350235 0.000151379 0.00903113 0.00134302 -0.00371317 0.000363868 0.000266404 -0.00279704 0.00838716 0.000807945 0.00804984 0.00105508 0.0183714 -0.00470548 -0.0039908 -0.0035401
internal_weight=593300 588897 584693 582963 129059 453903 5571.74 1140.32 4431.42 3436.59 753.441 448331 413580 39014.4 374566 366188 8378.18 4818.53 3982.06 361269 358901 53907.9 7852.9 304993 18145.8 10833.8 7312.04 46055 44695.6 3827.39
internal_count=1509603 1409768 1375558 1369528 452423 917105 16511 4313 12198 8555 2884 900594 829627 104517 725110 706764 18346 9956 7361 700644 695181 94111 19605 601070 35798 18765 17033 74506 73080 8957
cat_boundaries=0 1 2 3 4
cat_threshold=657408 69271560 361920 263424
is_linear=0
shrinkage=0.03


Tree=154
num_leaves=31
num_cat=5
split_feature=114 34 55 114 96 97 97 114 71 52 53 114 49 97 52 55 71 52 97 98 97 97 114 97 49 52 98 98 98 49
split_gain=2792.88 660.272 638.681 595.975 871.288 746.993 1164 1592.81 1586.61 2250.48 1063.17 1937.52 1559.25 1480.54 1085.24 923.892 1564.4 1422.32 2119.15 991.804 976.34 1219.37 822.562 1188.69 1072.4 995.98 1808.55 1325.76 891.156 836.266
threshold=0 1.5000000000000002 12.500000000000002 1 0.030000000260770324 2033.0000000000002 1827.5000000000002 2 9.5000000000000018 196.50000000000003 1153.5000000000002 3 1.6485939025878908 1563.5000000000002 1482.5000000000002 4.5000000000000009 17.500000000000004 1590.5000000000002 1726.5000000000002 1417.2082519531252 1487.5000000000002 1418.5000000000002 4 286.50000000000006 0.20730955898761752 887.50000000000011 1505.2513427734377 910.51000976562511 656.84545898437511 -0.73948517441749562
decision_type=9 2 10 9 10 10 10 9 2 2 2 9 10 8 2 10 2 2 10 10 8 10 9 8 8 2 10 10 10 10
left_child=-1 2 3 5 -5 6 10 -8 -9 -10 22 13 15 -12 -15 16 17 18 19 20 21 -13 23 -2 29 -26 27 28 -27 -25
right_child=1 -3 -4 4 -6 -7 7 8 9 -11 11 12 -14 14 -16 -17 -18 -19 -20 -21 -22 -23 -24 24 25 26 -28 -29 -30 -31
leaf_value=-0.02406877058902452 -0.018915171781402933 0.0052447851180774645 -0.013268115698287303 -0.0020098657876462703 0.029389761162072862 -0.0050617167931472275 -0.0057402332383337173 0.016986108673804397 0.01891947439851302 0.13030659503266201 -0.0055201579007531183 0.0017481438200691573 0.044798678570666613 0.051776356796541946 0.0076591489265436363 -0.0041440633524835076 0.024836594400629925 0.015547428042107205 0.045133631716300443 -0.020964760696839502 0.016035592387908061 -0.026760265781031363 0.00039903039009682478 0.0038929642782829441 -0.0082866723805810373 0.003253495614301989 0.051438102688640935 -0.0072675062497743652 0.047380392262318126 0.063040630577914772
leaf_weight=4291.9200439758133 4621.4589063227177 22140.746849646326 3253.6002545999363 122093.88692353899 790.59273402951658 20298.548751842231 1519.8560354299843 1457.6738651506603 340.87389711290598 310.5004230607301 22852.533503618091 17118.815424524248 982.69920124392956 568.2716399282217 3839.6008651219308 6040.9407907938585 4621.738910716027 10545.93452197127 994.17767915129662 1759.8319324851036 3876.1702632531524 1455.8627870380878 314986.61952735856 482.13717072829604 13700.659400520846 888.88914075493813 686.20854217931628 4893.1304652318358 760.15620254725218 380.54820200428367
leaf_count=99882 5228 80600 29867 417341 5255 36060 2145 3454 836 1879 41874 29926 3843 1976 9816 13008 11401 25733 3121 1700 8838 1202 635836 923 23565 1567 2268 6765 2343 1453
internal_value=-1.26002e-05 0.000163724 -3.50797e-05 4.16468e-05 -0.00180533 0.000557553 0.000829462 0.0177231 0.0344434 0.0731835 0.000681691 0.00392442 0.00758818 -0.00244789 0.0134511 0.00679248 0.00842954 0.00630214 0.0024292 0.00065769 0.00236117 -0.000499511 -2.75157e-05 -0.00511067 -0.00217811 -0.00353516 0.00546986 0.000577107 0.0237575 0.0304076
internal_weight=592555 588263 566122 562868 122884 439984 419685 3628.9 2109.05 651.374 416056 74656.6 47396.2 27260.4 4407.87 46413.5 40372.5 35750.8 25204.9 24210.7 22450.8 18574.7 341400 26413.2 21791.7 20929 7228.38 6542.18 1649.05 862.685
internal_count=1509705 1409823 1329223 1299356 422596 876760 840700 8314 6169 2715 832386 152438 98772 53666 11792 94929 81921 70520 44787 41666 39966 31128 679948 44112 38884 36508 12943 10675 3910 2376
cat_boundaries=0 1 2 3 4 5
cat_threshold=657408 361920 262272 98304 1024
is_linear=0
shrinkage=0.03


Tree=155
num_leaves=31
num_cat=4
split_feature=114 112 114 100 103 78 45 100 128 97 57 55 46 114 100 53 97 113 53 53 131 113 131 97 131 99 113 112 75 67
split_gain=2716.18 776.045 908.975 858.849 847.843 794.148 773.021 1103.89 1046.39 751.072 750.211 718.377 692.162 672.338 783.853 892.193 1158.89 1432.54 999.555 856.933 728.741 721.884 746.322 696.003 787.289 690.18 755.164 649.993 701.633 788.965
threshold=0 -1.0000000180025095e-35 1 -311.96209716796869 8.5000000000000018 7.0454545021057138 1.5513111352920534 1224.4231567382815 1.0000000180025095e-35 5631.5000000000009 2 10.500000000000002 0.17500000447034839 3 -1583.3583374023435 1568.5000000000002 1512.5000000000002 0.25000000000000011 2199.5000000000005 1998.5000000000002 33.500000000000007 -0.25000000000000006 22966.500000000004 95.500000000000014 18.500000000000004 4.3687024116516122 0.25000000000000011 -0.93301269412040699 0.013736129738390447 9.5000000000000018
decision_type=9 2 9 8 2 10 10 10 2 10 9 10 8 9 10 2 10 2 2 2 2 2 2 10 2 10 2 2 2 2
left_child=-1 2 -2 13 5 10 -5 8 -8 -9 -3 12 -10 14 25 -16 17 19 -18 -17 -20 -15 23 24 -23 -4 -27 -26 -29 -30
right_child=1 4 3 6 -6 -7 7 9 11 -11 -12 -13 -14 21 15 16 18 -19 20 -21 -22 22 -24 -25 27 26 -28 28 29 -31
leaf_value=-0.024107111681993663 -0.015939265132533628 0.015195629038187266 -0.021570357231314001 -0.002161744114619724 0.018220147877281451 -0.015428241593083517 0.12214799416713762 -0.023336725709763785 0.0063436632274350103 0.033374174489491773 0.00087789677066048516 -0.013077713857368811 0.070427167720088668 -0.0050787050668288387 0.0042505732620044786 0.051027667049117854 -0.0187683504035819 0.0062651015609453322 -0.0049437506734963952 -0.0039215973218905235 0.055141731203008235 -0.0067681498764018437 -0.036624716293326434 0.0014245340732903405 0.0046358192040311993 -0.0096070241744045642 0.041928748751232946 0.0031108847743758776 0.028691322330693908 0.076501318786339048
leaf_weight=4178.3457144589629 3686.13531784527 3306.1654622494243 1493.435773467645 180785.27973888349 2549.6680499427021 2653.3188906498253 109.59552014386281 681.71741001866758 256.98910395801067 292.15946203656495 338487.70608621044 274.78374675102532 367.91599612496793 15106.376067259349 10574.396271072328 1937.5096490085125 1087.9868286550045 1548.5683701224625 343.65926445648074 292.40869380161166 371.8275343850255 1134.3452541641891 399.60921507142484 16520.542535936926 1220.2336950572208 671.30636771768332 400.76070611551404 554.04317976534367 1117.5187625335529 433.85644904803485
leaf_count=99587 35759 9981 3275 378530 10387 15930 1164 5170 4863 1469 806270 2885 1738 37808 19572 7265 1325 3320 602 581 1496 2782 2638 37679 5361 1650 1590 945 6840 1982
internal_value=-6.24625e-05 0.000109022 -0.00119619 -0.000966454 0.00101804 0.000890176 -0.001957 0.0166244 0.0384518 -0.00615737 0.0010173 0.0270256 0.0445881 0.00231236 0.00693057 0.00938023 0.0190728 0.0284957 -0.000717503 0.0438368 0.0266114 -6.04493e-05 0.00348594 0.004267 0.0147692 -0.00844584 0.00986755 0.0221136 0.0321734 0.0424662
internal_weight=592838 588660 241663 237977 346997 344447 182768 1983.16 1009.28 973.877 341794 899.689 624.905 55208.4 18721.9 16156.4 5581.96 3778.49 1803.47 2229.92 715.487 36486.5 21380.1 20980.5 4460 2565.5 1072.07 3325.65 2105.42 1551.38
internal_count=1510444 1410857 568289 532530 842568 832181 395819 17289 10650 6639 816251 9486 6601 136711 40676 34161 14589 11166 3423 7846 2098 96035 58227 55589 17910 6515 3240 15128 9767 8822
cat_boundaries=0 1 2 3 4
cat_threshold=657408 8720 77692936 328736
is_linear=0
shrinkage=0.03


Tree=156
num_leaves=31
num_cat=2
split_feature=57 66 113 72 97 70 113 121 53 57 69 128 121 72 52 26 121 100 121 124 69 52 54 121 54 99 123 52 128 99
split_gain=882.7 759.437 982.01 2311.35 1458.34 1750.45 1782.88 1801.38 1827.48 1461.73 1306.38 1183.26 1827.24 1109.03 1465.88 1098.18 1135.01 987.558 1218.9 965.341 947.365 930.357 1073.57 1069.5 918.38 961.304 916.044 864.596 1351.69 859.091
threshold=0 1.5000000000000002 -0.25000000000000006 193.50000000000003 2033.0000000000002 3.5000000000000004 -0.93301269412040699 16.500000000000004 1322.5000000000002 1 6.5000000000000009 7.5000000000000009 47.500000000000007 1373.5000000000002 1212.5000000000002 5.5000000000000009 7.5000000000000009 -1089.0573730468748 3.5000000000000004 8.5000000000000018 6.5000000000000009 1548.5000000000002 1123.5000000000002 4.5000000000000009 3914.5000000000005 5.5123801231384286 13.500000000000002 524.50000000000011 11.500000000000002 1.138419568538666
decision_type=9 2 2 2 8 2 2 2 2 9 2 2 2 2 2 2 2 8 2 2 2 2 2 2 2 10 2 2 2 10
left_child=-1 2 3 -2 5 6 9 19 20 -5 26 -4 -13 14 -14 17 -17 18 -6 21 27 22 -8 -23 25 -24 -7 28 -9 -21
right_child=1 -3 11 4 15 10 7 8 -10 -11 -12 12 13 -15 -16 16 -18 -19 -20 29 -22 23 24 -25 -26 -27 -28 -29 -30 -31
leaf_value=-0.013451512957048514 0.039146970827270401 0.001213861894466241 0.0018638147479649956 0.016407478656593928 -0.012579216918953315 -0.0028783572982497277 -0.012308857971265946 0.055743445267582598 0.037427830828662002 -0.011871851713413793 -0.011047914521587418 -0.006661503163986328 0.087498414209531472 0.006180891158307892 -0.0093416754146442849 0.029233380775909465 -0.015432633719486836 -0.012934704765323147 0.056643615599694511 -0.005754631753879704 0.03793597638089221 -0.005239867549836328 0.0040752495069131004 -0.028831849540676545 -0.007809383995439575 0.043734059501471717 0.018216823864108521 -0.010816541845761637 -0.0081674358156765565 0.012279677119349897
leaf_weight=4368.8628836562857 1157.1031367387623 272064.95088088606 137103.32813502476 10176.954579300247 499.08460082067177 20442.684414343908 7869.30423078686 512.48848579265177 2001.5744544779882 1948.933017609641 23852.558931480628 35815.670449333265 344.31685551255941 7099.9395481054671 230.37596470164135 1239.4642974112649 859.24358373065479 22072.357868534978 408.44945872109383 3967.6210728138685 606.26223291456699 4066.5571797876619 11028.745242519304 3006.2874387614429 6816.1169619634748 569.18434703350067 2027.201667904621 2898.4010191485286 687.61111640185118 5903.570866631344
leaf_count=31283 4070 613184 376714 23421 1528 63702 9545 1788 6505 2537 49923 91296 1583 21271 954 4694 5042 124972 2180 6030 1684 6906 19446 2860 9534 1777 4947 3977 1329 13403
internal_value=-4.74956e-05 5.2675e-05 -0.000949573 -0.00288892 -0.00325628 -0.00174735 0.00154651 -0.000959878 0.0134949 0.01186 -0.00615962 0.000496133 -0.00381493 0.00946075 0.0491825 -0.00977411 0.01096 -0.0116717 0.0188534 -0.00320501 0.00325515 -0.00564353 -0.00304173 -0.0152941 0.000923139 0.00605756 -0.000967923 -0.00195478 0.0193601 0.00503249
internal_weight=591645 587276 315211 134618 133461 108382 62059.6 49933.7 6706.34 12125.9 46322.4 180594 43490.3 7674.63 574.693 25078.6 2098.71 22979.9 907.534 43227.4 4704.76 33356.2 26283.4 7072.84 18414 11597.9 22469.9 4098.5 1200.1 9871.19
internal_count=1508085 1476802 863618 371800 367730 229314 110742 84784 15283 25958 118572 491818 115104 23808 2537 138416 9736 128680 3708 69501 8778 50068 40302 9766 30757 21223 68649 7094 3117 19433
cat_boundaries=0 1 2
cat_threshold=2186019330 131072
is_linear=0
shrinkage=0.03


Tree=157
num_leaves=31
num_cat=2
split_feature=57 42 47 45 73 97 99 60 32 51 97 97 128 32 97 97 113 113 107 116 130 116 130 65 57 51 116 112 99 112
split_gain=701.547 645.888 959.852 709.949 685.668 625.526 1025.21 1961.36 1206.38 1060.67 1024.66 1002.8 900.256 908.08 994.176 1050.43 851.048 964.828 1271.18 1262.85 1005.43 1123.46 1043.49 882.617 850.089 872.743 954.596 1534.72 1023.78 1321.67
threshold=0 2.5000000000000004 0.17500000447034839 1.241876006126404 0.23336035758256915 305.50000000000006 0.612429440021515 1.5000000000000002 7.5000000000000009 497.50000000000006 969.50000000000011 70.500000000000014 13.500000000000002 1.0000000180025095e-35 350.50000000000006 333.50000000000006 -0.25000000000000006 -0.93301269412040699 0.0022034522844478492 175.50000000000003 8.5000000000000018 526.50000000000011 201.50000000000003 1.0000000180025095e-35 1 1112.5000000000002 518.50000000000011 -0.68301269412040699 4.3687024116516122 0.93301269412040722
decision_type=9 2 8 8 2 10 10 2 2 2 10 8 2 2 10 10 2 2 2 8 2 10 2 2 9 2 10 2 10 2
left_child=-1 3 -3 -2 -4 11 8 16 9 -7 -11 -5 13 14 15 -9 17 18 19 23 -21 22 -22 -8 -13 -26 28 -28 -27 -30
right_child=1 2 4 5 -6 6 7 12 -10 10 -12 24 -14 -15 -16 -17 -18 -19 -20 20 21 -23 -24 -25 25 26 27 -29 29 -31
leaf_value=-0.012906039572822695 0.0096499389682808776 -0.0093568586187318357 0.0054109536227125409 0.0013411852858059949 0.025358470445974522 -0.0010088306451985791 0.029444888195377474 0.008965167075585383 0.020811862059625263 0.019724213053242474 -0.01427533369790005 0.027395448742348425 -0.012368681505146249 -0.0038672734398379842 -0.00061005064887640172 0.038937550833331322 0.0034619864220812912 -0.0027560083076982951 -0.016472443307877272 0.030884747406636198 0.035643611327420312 -0.022249409910703493 -0.01033203094700908 -0.0057827554827221943 -0.003245896692714263 -0.0019761401505253538 0.10084914354856085 0.011822853370338336 0.030087177979813931 -0.021213666691812436
leaf_weight=3796.6221059090458 6473.7334242518991 3820.0019741104916 21280.917908675969 86399.213137990097 1664.1065374463797 103221.35840940289 737.9069259497337 1500.3408589661121 2133.0543122068048 866.26458438113332 9034.4575307052583 829.47399303503335 870.79268851876259 1222.2301118969917 1165.203608840704 3572.6191564053297 84449.882704542484 55633.359613796696 1876.7034498685971 3222.9669830189086 1213.6375783318654 852.90925194276497 691.78125906921923 4430.8357999287546 176972.7542345121 9849.7652538092807 221.73171223630197 716.53673669323325 2076.2995601594448 569.20502986386418
leaf_count=30647 22054 93720 100782 204003 10381 181952 2313 4023 5388 2022 16596 3119 1237 2170 2469 18664 155066 92150 2637 9006 3495 825 990 6796 480183 41605 2218 4466 6104 551
internal_value=-8.55659e-05 -2.28766e-06 0.00454977 -0.000219617 0.00686808 -0.00033505 0.000674412 0.0022173 -0.00148676 -0.00190903 -0.0112836 -0.00134109 0.016384 0.0197522 0.0243787 0.0301082 0.00144542 -0.00103504 0.00631119 0.0101573 0.0195307 0.00620043 0.0189849 -0.000706394 -0.00255293 -0.00268612 0.00468323 0.0337032 0.00247892 0.019011
internal_weight=591367 587570 26765 560805 22945 554331 276696 161441 115255 113122 9900.72 277635 8331.19 7460.39 6238.16 5072.96 153110 68660.1 13026.7 11150 5981.3 2758.33 1905.42 5168.74 191236 190406 13433.5 938.268 12495.3 2645.5
internal_count=1507632 1476985 204883 1272102 111163 1250048 507799 301841 205958 200570 18618 742249 28563 27326 25156 22687 273278 118212 26062 23425 14316 5310 4485 9109 538246 535127 54944 6684 48260 6655
cat_boundaries=0 1 2
cat_threshold=2181300738 78118920
is_linear=0
shrinkage=0.03


Tree=158
num_leaves=31
num_cat=5
split_feature=114 112 114 112 121 54 114 67 131 131 54 20 121 124 131 100 124 66 121 54 53 53 114 131 99 54 100 114 54 99
split_gain=2609.75 687.482 846.222 781.416 1497.86 1093.47 1910.38 2212.43 1266.17 2566.41 1311.44 1099.95 1047.4 1180.61 1109.32 1004.01 973.472 967.595 950.493 929.505 873.874 1192.67 1718.91 1275.49 1163.65 1670.64 1089.05 1482.28 1027.06 889.52
threshold=0 -1.0000000180025095e-35 1 -0.68301269412040699 5.5000000000000009 3705.5000000000005 2 4.5000000000000009 130.50000000000003 425.50000000000006 735.50000000000011 2.5000000000000004 4.5000000000000009 14.500000000000002 288.50000000000006 2183.780883789063 1.0000000180025095e-35 48.500000000000007 10.500000000000002 1787.5000000000002 5012.5000000000009 1609.5000000000002 3 25.500000000000004 2.4412295818328862 688.50000000000011 1175.4234619140627 4 7162.0000000000009 4.6899003982543954
decision_type=9 2 9 2 2 2 9 2 2 2 2 2 2 2 2 10 2 2 2 2 2 2 9 2 8 2 10 9 2 8
left_child=-1 2 -2 12 15 8 7 16 -6 11 18 19 13 14 17 -5 -7 20 -11 -10 21 23 -23 24 28 -26 -25 -28 -4 -24
right_child=1 -3 3 4 5 6 -8 -9 9 10 -12 -13 -14 -15 -16 -17 -18 -19 -20 -21 -22 22 29 26 25 -27 27 -29 -30 -31
leaf_value=-0.023943671312816193 -0.015497264516383462 0.0010119381466737131 0.0026363538460194361 -0.0075196181743384773 -0.0056190020099027935 0.12418975398393128 0.004083242642870015 0.0073184892016035057 0.033056405216084592 0.016055159938197561 0.016777615571880844 0.0066537538310321356 -0.0019518781437930345 0.018081478943903058 -0.0083640422824309019 0.031888752619055577 0.042021992320950975 -0.039888196719760773 -0.015070275041247808 -0.012153097889141639 -0.014856549186672986 -0.0085012340514861416 0.021269645484581101 -0.0064988065409227018 0.057546982861225254 0.01005891439971426 -0.013913546252700809 0.073651243737319225 0.023456007161368638 0.070325594120559026
leaf_weight=4052.3918659561314 3586.9064798632171 346030.76611994067 28144.362833309919 43660.0327995345 23496.552215679549 315.62009464297444 4498.9353800704703 603.07972636073828 3635.536628562957 1004.8303241869435 1875.4677847558632 4636.0503094252199 75097.15066754166 4449.255185445305 7959.6511360104196 580.0179658154957 240.4443967891857 447.46414697077125 6863.0230671754107 455.91899514850229 2138.3686951780692 1914.4301019529812 5067.214708215557 13490.751870265231 898.11277786642313 2530.8281629029661 326.89836993347853 345.21330393105745 2297.7602334059775 348.86149405315518
leaf_count=99850 35661 841488 57210 86759 47476 2091 14166 1518 10324 3036 7511 11054 169004 13410 19209 2109 1141 879 12859 779 11731 4010 14608 21657 3420 5347 693 1580 6604 2079
internal_value=-1.07931e-05 0.000155256 -0.00107523 -0.000855919 -0.00302192 0.000670224 0.0130382 0.0470253 -0.000999947 0.00487577 -0.0057059 0.0166821 0.000512113 0.00314193 0.00213085 -0.00699586 0.0900301 0.00357355 -0.0110798 0.0280013 0.00391863 0.00464634 0.0159093 0.00292453 0.00608519 0.0226282 -0.00463329 0.0323581 0.004215 0.0245081
internal_weight=590992 586940 240909 237322 91865.5 47625.5 5658.08 1159.14 41967.4 18470.8 9743.32 8727.51 145456 70359.2 65909.9 44240.1 556.064 57950.3 7867.85 4091.46 57502.8 55364.4 7330.51 48033.9 33871.1 3428.94 14162.9 672.112 30442.1 5416.08
internal_count=1509263 1409413 567925 532264 200823 111955 18916 4750 93039 45563 23406 22157 331441 162437 149027 88868 3232 129818 15895 11103 128939 117208 20697 96511 72581 8767 23930 2273 63814 16687
cat_boundaries=0 1 2 3 4 5
cat_threshold=657408 8720 327744 32968 278604
is_linear=0
shrinkage=0.03


Tree=159
num_leaves=31
num_cat=2
split_feature=114 34 42 114 100 124 116 74 98 98 99 100 124 53 121 53 100 98 100 74 43 124 55 53 116 78 91 53 116 55
split_gain=2496.56 628.631 609.538 605.103 859.811 852.517 925.014 832.013 810.962 1575.26 1219.04 976.922 1406.4 990.501 1381.83 918.682 743.311 687.013 1062.51 685.095 661.668 1340.82 659.227 896.52 791.579 847.332 631.783 618.678 705.821 556.254
threshold=0 1.5000000000000002 2.5000000000000004 1 897.04168701171886 56.500000000000007 167.50000000000003 0.16250202059745791 1461.3860473632815 1539.2076416015627 0.57684054970741283 645.01043701171886 1.0000000180025095e-35 2199.5000000000005 14.500000000000002 6874.5000000000009 4115.3156738281259 2055.327026367188 -4951.0427246093741 0.38903903961181646 1.0000000180025095e-35 169.50000000000003 12.500000000000002 8116.5000000000009 62.500000000000007 0.0049999996554106483 7390.5000000000009 2381.5000000000005 372.00000000000006 0.054999999701976783
decision_type=9 2 2 9 8 2 8 2 10 10 10 10 2 2 2 2 10 10 10 2 2 2 10 2 8 10 2 2 8 8
left_child=-1 3 -3 16 8 7 -7 -6 19 10 -10 13 -13 -11 15 27 17 22 -19 -5 21 -8 23 29 25 -25 -20 -15 -29 -2
right_child=1 2 -4 4 5 6 20 -9 9 11 -12 12 -14 14 -16 -17 -18 18 26 -21 -22 -23 -24 24 -26 -27 -28 28 -30 -31
leaf_value=-0.029864961725685694 -0.011489943156703184 0.001647465851119919 0.012419570690619264 -0.0014663860861597331 -0.010133024380344656 -0.008731165775303952 0.12244152645840375 0.0077021516400402074 -0.024364405483325451 -0.0096193897505681396 0.032264392205874959 0.0050189517248995143 0.080106503792892331 0.013980346980278205 -0.022695833768542104 -0.023258041810932103 0.025776886198266572 0.022393329703899092 -0.0097259702682263704 -0.019542153656504305 0.016974198005368424 -0.014643612166774836 -0.013713746721018796 0.076594850008645299 0.0070339892705946049 0.01412819170247636 0.032696589849916254 0.06523879397444568 0.007209265307722426 0.0004472960866965072
leaf_weight=2505.7721975292079 3532.1354519119486 15251.264853239525 6843.9281650285702 64985.169512489811 22297.806635683868 795.9337874527555 171.30579012515955 2624.4606791497208 385.02591184899211 6115.2207421697676 2657.7040729895234 753.08714362420142 310.74947277270257 890.90026721358299 767.1395016759634 308.8204277115874 1018.5604901835322 1063.6224600467831 12622.246068723034 1933.6799263618886 544.63159309886396 96.402520863106474 2927.7324118255638 304.72147775255144 8190.5155672966503 531.22548265103251 314.49278745613992 669.85586776584387 264.82611402962357 430827.94787325291
leaf_count=74981 42324 44143 36313 114846 137990 4047 1704 12681 683 8712 7423 1998 1484 2082 1148 1533 4055 4815 60679 2454 2844 1140 27058 1430 39939 3593 2009 2965 848 863082
internal_value=-0.000102618 2.47947e-05 0.00498821 -0.000168398 -0.0022056 -0.00688515 0.0142244 -0.00825254 -0.000654137 0.00616193 0.0250423 0.000443911 0.027494 -0.00277449 0.0116351 0.0240226 0.000302295 0.000245374 -0.00629599 -0.00199154 0.036549 0.0743271 0.000450705 0.000544542 0.00989712 0.037535 -0.00867022 0.0321038 0.0490475 0.000349962
internal_weight=592507 590001 22095.2 567906 106573 26530.5 1608.27 24922.3 80042.2 13123.3 3042.73 10080.6 1063.84 9016.76 2901.54 2134.4 461333 460315 14000.4 66918.8 812.34 267.708 446314 443387 9026.46 835.947 12936.7 1825.58 934.682 434360
internal_count=1511003 1436022 80456 1355566 306582 160406 9735 150671 146176 28876 8106 20770 3482 17288 8576 7428 1048984 1044929 67503 117300 5688 2844 977426 950368 44962 5023 62688 5895 3813 905406
cat_boundaries=0 1 2
cat_threshold=133120 361924
is_linear=0
shrinkage=0.03


Tree=160
num_leaves=31
num_cat=4
split_feature=114 29 119 128 120 57 127 124 113 67 20 113 114 131 128 72 116 120 128 114 113 20 98 55 102 98 112 120 75 112
split_gain=2454.13 657.418 620.456 627.732 1555.88 892.225 1166.07 966.457 1388.79 900.455 798.242 882.136 1047.11 789.693 870.031 845.509 1029.43 1240.08 1417.6 802.106 1269.17 1168.27 776.933 753.271 736.91 708.675 1173.6 1281.51 884.716 688.801
threshold=0 4.5000000000000009 2.5000000000000004 9.5000000000000018 1.5000000000000002 1 8.5000000000000018 173.50000000000003 -0.68301269412040699 137.50000000000003 1.0000000180025095e-35 -0.25000000000000006 2 11.500000000000002 23.500000000000004 2098.5000000000005 19.000000000000004 4.5000000000000009 15.500000000000002 3 0.25000000000000011 1.5000000000000002 436.05072021484381 13.500000000000002 2.5000000000000004 160.94318389892581 0.68301269412040722 9.5000000000000018 3.1166883707046513 0.68301269412040722
decision_type=9 2 2 2 2 9 2 2 2 2 2 2 9 2 2 2 10 2 2 9 2 2 10 10 2 10 2 2 2 2
left_child=-1 2 3 23 10 6 9 -7 24 13 11 12 22 -6 15 19 -17 -18 25 20 -15 -22 -5 29 -9 -19 28 -28 -27 -2
right_child=1 -3 -4 4 5 7 -8 8 -10 -11 -12 -13 -14 14 -16 16 17 18 -20 -21 21 -23 -24 -25 -26 26 27 -29 -30 -31
leaf_value=-0.029851223086115049 -0.00018396043718112417 0.016438455307061194 0.0042377327154125158 -0.0013296184718193773 -0.015899506278888247 0.0057342588620694374 -0.013590201005895352 0.044803141084042507 -0.014001579886780236 -0.029681671618564665 -0.0022483277673201931 -0.017200205933836799 -0.014359171224578143 -0.014920879697931466 -0.009273299645933963 0.0081285542291614065 -0.013833470717995369 -0.012321902232545352 -0.012322488034485548 0.0051189645261476699 0.088954347634504355 0.0247974275366563 0.030410576666807739 -0.0160047891355578 0.0045480582843459459 0.017858101242414472 0.0036118295234475028 0.074876833963996081 -0.020936135253818294 0.0025599589180797721
leaf_weight=2437.6703978525475 324039.28491306864 2222.523141272366 31281.87832116941 2041.924933925271 2605.3373504914343 31418.834039532114 7559.2647275030613 487.81113225594163 5789.079907538835 932.4474351387471 13218.771896164631 11023.371119285468 3583.330173460301 348.60173237323761 5939.05578473676 11432.85282964725 6338.9648330926429 783.09393739071675 3001.3716294965707 2104.5260804225691 421.350601606071 654.66913661919534 1040.877127289772 2489.0166007806547 2318.0113127678633 2577.2289515268058 368.48362517543137 586.31916907709092 656.10628178715706 110374.499866514
leaf_count=75002 780984 13462 81226 3556 3670 80262 13542 1601 7529 1009 37298 17221 6639 451 11875 34327 11837 2959 5893 5401 1918 2040 2667 22301 4475 6707 717 2738 778 270196
internal_value=6.46774e-05 0.000189786 0.000127822 -0.000104262 -0.00205343 1.48584e-05 -0.00281965 0.00329513 -0.00561364 -0.00071634 -0.00782806 -0.011994 -0.00337191 5.49318e-06 0.00118646 0.00331099 0.00142036 -0.00394045 0.0039329 0.0170598 0.0342664 0.0505079 0.00942036 0.000418782 0.0116809 0.0137521 0.0186451 0.0476963 0.00994572 0.000513249
internal_weight=590077 587639 585416 554134 117232 86323.4 46309.7 40013.7 8594.9 38750.4 30908.3 17689.5 6666.13 37818 35212.6 29273.6 25744.4 14311.6 7972.6 3529.15 1424.62 1076.02 3082.8 436903 2805.82 4971.23 4188.14 954.803 3233.34 434414
internal_count=1510281 1435279 1421817 1340591 267110 199729 105862 93867 13605 92320 67381 30083 12862 91311 87641 75766 65956 31629 19792 9810 4409 3958 6223 1073481 6076 13899 10940 3455 7485 1051180
cat_boundaries=0 1 2 3 4
cat_threshold=133120 705570176 98688 17672
is_linear=0
shrinkage=0.03


Tree=161
num_leaves=31
num_cat=5
split_feature=114 119 52 114 103 114 49 53 120 114 100 113 116 98 71 113 57 41 75 56 116 116 98 127 52 116 112 51 113 112
split_gain=2360.13 727.915 821.756 1333.76 713.714 893.122 928.374 1523.82 2205.18 1571.98 2613.91 1460.67 1125.47 820.864 804.395 789.986 962.031 760.147 756.098 1100.5 1171.03 989.969 1055.48 899.604 682.499 1455.92 2058.2 1059.5 2163.9 777.539
threshold=0 1.0000000180025095e-35 25.500000000000004 1 1.0000000180025095e-35 2 1.8544312715530398 886.50000000000011 1.0000000180025095e-35 3 -867.90591430664051 -0.93301269412040699 71.500000000000014 120.23044586181642 49.500000000000007 0.25000000000000011 4 1.0000000180025095e-35 0.013736129738390447 -1.4999999999999998 158.00000000000003 524.00000000000011 1444.9443359375002 5.5000000000000009 1570.5000000000002 755.00000000000011 -0.93301269412040699 386.50000000000006 0.25000000000000011 -0.93301269412040699
decision_type=9 2 2 9 2 9 8 2 2 9 10 2 8 8 2 2 9 2 2 10 8 8 10 2 2 8 2 2 2 2
left_child=-1 2 3 -2 5 -4 -7 8 17 10 14 12 -12 -11 -9 16 -6 -8 19 -18 -21 22 -20 -24 27 26 -26 28 -13 -29
right_child=1 -3 4 -5 15 6 7 9 -10 13 11 24 -14 -15 -16 -17 18 -19 21 20 -22 -23 23 -25 25 -27 -28 29 -30 -31
leaf_value=-0.029845713516472874 -0.0021851217580566265 0.00264587374882271 0.00037622170945590975 0.012535665996975153 0.031581866959364428 0.0012385726463610678 -0.012692962829709654 0.015585394373004435 -0.0006540596152924457 -0.028228070838665797 -0.0047300209766392466 -0.0037599865453633715 0.034347891345248703 -0.0057282686205844119 0.055562618213943794 0.0031464492423945562 0.0019182722242507277 0.0042943330119320803 -0.00090921153851315328 -0.0174887041700004 0.03683946831876616 -0.0057463145781894492 0.016291184993568686 -0.027852916309273106 0.036811743193170231 0.028529802911671748 -0.010877653840648505 -0.023319958623831686 0.064806611609097745 -0.005087478430840931
leaf_weight=2369.4975469254423 10956.983044162393 82327.09989966359 122684.39662113227 11177.77033964172 799.62473240401596 36929.389172470663 38650.045204469934 7420.2931919619441 27278.50827540271 1558.4018372604623 1058.4873320609331 1461.4966152086854 1756.868744276464 21194.90363156097 474.70830289274454 76082.755947180092 15419.190795980394 2521.0033452203497 50487.083539739251 449.54567417502403 1634.9796487390995 39224.23604131816 5185.456905531697 442.58043614588678 981.15624985843897 1811.5326184183359 4560.3293880112469 2329.191345859319 567.54982898011804 21169.846321690828
leaf_count=75101 25222 211708 258657 40615 2896 108618 58501 16463 54860 20442 1673 2250 5053 182123 1639 159309 36565 5501 94477 976 10707 70728 13763 636 2982 5233 6122 1970 2185 31751
internal_value=-9.09507e-05 2.98441e-05 -0.000395606 0.00525567 -0.000654088 -0.00157874 -0.00297521 -0.00412988 -0.00726984 -0.000889707 0.0024467 -0.00100911 0.0196911 -0.00727783 0.0180564 0.000780759 -0.000803187 -0.011652 -0.00103816 0.00469122 0.0250956 -0.00209053 0.000465423 0.0127765 -0.00278695 0.00526139 -0.00238283 -0.00510632 0.0156427 -0.00690381
internal_weight=590965 588595 506268 22134.8 484134 294408 171724 134794 68449.6 66344.8 43591.5 35696.5 2815.36 22753.3 7895 189725 113643 41171 112843 17503.7 2084.53 95339.4 56115.1 5628.04 32881.1 7353.02 5541.49 25528.1 2029.05 23499
internal_count=1508726 1433625 1221917 65837 1156080 766023 507366 398748 118862 279886 77321 59219 6726 202565 18102 390057 230748 64002 227852 48248 11683 179604 108876 14399 52493 14337 9104 38156 4435 33721
cat_boundaries=0 1 2 3 4 6
cat_threshold=133120 49792 98440 263456 8454144 1
is_linear=0
shrinkage=0.03


Tree=162
num_leaves=31
num_cat=1
split_feature=57 112 51 112 116 116 51 100 71 128 100 131 128 113 103 65 69 100 74 116 67 67 69 51 113 116 131 51 112 127
split_gain=703.867 610.829 934.071 1055.19 1037.08 825.8 791.234 1612.82 944.275 1166.44 2190.86 787.87 844.441 858.967 758.615 833.335 802.324 1243.37 967.693 905.986 843.211 1063.5 809.172 1185.45 756.478 1035.89 1205.67 1225.76 1072.28 1444.81
threshold=0 -1.0000000180025095e-35 1683.5000000000002 -0.93301269412040699 518.50000000000011 755.00000000000011 422.50000000000006 432.01087951660162 3.5000000000000004 10.500000000000002 -1199.8526611328123 67.500000000000014 3.5000000000000004 0.25000000000000011 3.5000000000000004 11.500000000000002 4.5000000000000009 -748.86715698242176 0.06393748521804811 124.50000000000001 5.5000000000000009 7.5000000000000009 58.500000000000007 365.50000000000006 0.25000000000000011 383.00000000000006 173.50000000000003 602.50000000000011 -0.68301269412040699 1.0000000180025095e-35
decision_type=9 2 2 2 10 8 2 8 2 2 10 2 2 2 2 2 2 8 2 8 2 2 2 2 2 10 2 2 2 2
left_child=-1 2 6 4 -4 11 8 24 9 10 -2 -5 -13 -14 16 -16 18 -18 -3 -20 22 -22 -19 -24 -8 28 27 -27 29 -26
right_child=1 14 3 5 -6 -7 7 -9 -10 -11 -12 12 13 -15 15 -17 17 20 19 -21 21 -23 23 -25 25 26 -28 -29 -30 -31
leaf_value=-0.01275565923087712 -0.0014403878476335868 0.0012389775901965106 0.016486368741394836 -0.020072883705466338 0.068746577349539748 0.01953431418035325 -0.0050209801972954261 -0.015573512008155302 -0.00051665110613556878 -0.019990101743431639 0.11474081975372324 -0.012693244537091451 0.0023156161363483497 0.057483578073523153 0.0021750633404549469 0.014609759827601751 -0.0097353214719375324 -0.006085155243467354 -0.0066982440272073474 0.0163444565719091 0.010535763052596419 0.00016571854506365375 0.0002713043803729116 0.03488063330878232 0.015952364382646841 -0.0077626316527922038 -0.0086507751544697749 0.037841090973111363 -0.0081694320933762658 -0.0080988645167421863
leaf_weight=3886.8658646377735 300.52189874998294 180600.09542987426 1969.9431387707591 1824.0074923448265 406.56690157833509 1638.7913166619837 36297.163165111095 9616.2785337122623 163374.89275583229 268.42401192802936 273.79484540177509 986.59406677633524 593.74055063351989 435.07251619361341 15015.42380371131 7158.3209805265069 14104.977722702082 32064.004708046559 1958.2654365140479 7027.2790644515771 10235.111615370959 67825.600711623207 9454.381598650245 973.3802733309567 5521.7263686358929 702.46656979620457 1267.2766410037875 2118.9433431699872 9421.4929257892072 3778.5769890286028
leaf_count=30653 1809 492868 6035 4388 1878 4737 54601 40441 437226 558 1566 2990 1435 2077 30987 32662 35869 73384 4098 20048 21975 140013 25695 2911 12103 950 1705 6166 12974 5265
internal_value=-6.4173e-05 2.02669e-05 -0.00114024 0.00902845 0.0256775 0.00177227 -0.0014835 -0.004186 -0.000352335 0.0311347 0.0549626 -0.00584022 0.0070763 0.0259743 0.000826952 0.00619412 0.000459732 -0.00131092 0.00171738 0.0113208 -0.00032452 0.00152659 -0.00372471 0.00353224 -0.00233103 0.00194967 0.0156102 0.0264995 -0.00104042 0.0061825
internal_weight=591100 587213 240796 7854.72 2376.51 5478.21 232942 68723.9 164218 842.741 574.317 3839.41 2015.41 1028.81 346417 22173.7 324243 134657 189586 8985.54 120552 78060.7 42491.8 10427.8 59107.6 22810.5 4088.69 2821.41 18721.8 9300.3
internal_count=1510067 1479414 598904 23540 7913 15627 575364 134205 441159 3933 3375 10890 6502 3512 880510 63649 816861 299847 517014 24146 263978 161988 101990 28606 93764 39163 8821 7116 30342 17368
cat_boundaries=0 1
cat_threshold=2185495042
is_linear=0
shrinkage=0.03


Tree=163
num_leaves=31
num_cat=7
split_feature=114 112 114 112 114 54 114 54 66 45 107 99 99 26 114 99 114 54 114 49 106 49 97 55 52 97 64 97 53 59
split_gain=2291.36 551.218 782.708 742.873 1123.5 1452.4 1883.59 1959.07 891.761 922.366 1146.93 869.824 869.056 814.259 1452.93 766.025 1593.3 1146.02 976.569 906.143 855.975 1056.62 781.047 747.281 739.241 719.823 715.316 711.526 1063.71 685.623
threshold=0 -1.0000000180025095e-35 1 -0.68301269412040699 2 3778.5000000000005 3 4863.5000000000009 25.500000000000004 0.54128924012184154 0.017301245592534546 7.2501780986785898 30.743420600891117 18.500000000000004 4 0.75584769248962413 5 847.50000000000011 6 1.2789052724838259 0.41815476119518286 2.0230027437210087 171.50000000000003 6.5000000000000009 2704.5000000000005 385.50000000000006 3.5000000000000004 68.500000000000014 1108.5000000000002 1.5000000000000002
decision_type=9 2 9 2 9 2 9 2 2 10 2 10 10 2 9 10 9 2 9 10 2 10 10 8 2 10 2 10 2 2
left_child=-1 2 -2 8 -5 11 7 -7 9 13 26 -6 24 15 -15 18 17 22 20 -19 -4 -22 -17 -24 -13 -9 27 28 -11 -3
right_child=1 29 3 4 5 6 -8 25 -10 10 -12 12 -14 14 -16 16 -18 19 -20 -21 21 -23 23 -25 -26 -27 -28 -29 -30 -31
leaf_value=-0.029834366264218357 -0.015097606409473132 0.00047009989919387797 -0.0017399657703156787 0.0042612329807118678 -0.0067412991150981854 0.084461546881152053 0.00047507591395897847 -0.0022541624653569141 -0.013996796750131676 0.10279241865433054 0.07521871630297583 0.01239215903696321 -0.025201351958913928 0.064821868510673383 0.0047519301837821411 0.0075694631414503699 -0.00068171473316004519 0.0058709617623201116 -0.0065157462374891952 -0.032476731218958541 0.012213124898722488 -0.022624786553070091 -0.0018984526279464255 0.034217512008215371 0.07297831227472161 0.053197745311515922 -0.049187272908264856 0.0043446909934043076 0.020213082370141574 0.0052489440734840914
leaf_weight=2288.6602870656643 3469.1632852216717 317166.6554727247 24993.713937662775 16214.421564327553 61964.677180685336 494.82000489765778 10876.963864447549 787.09025792311877 3686.7239713594317 168.11590413097292 267.95699056005105 443.73477904684842 260.97912362683564 465.40207767486572 1461.6683690450154 2922.5372306853533 51505.684864328476 17008.123733617365 26671.321187644266 563.41164345294237 8351.6404846534133 855.34575751423836 615.79461017251015 3127.6534446105361 302.50224013719708 277.32099900022149 156.2950591892004 1840.4120688107796 699.92835634527728 29526.333439216018
leaf_count=74925 35560 760649 51776 35822 128788 2461 27605 2870 8732 1054 1816 1586 3802 2059 5142 7746 97583 38844 60832 858 21986 1133 1526 8721 1523 1001 74 17983 10442 93480
internal_value=-5.55559e-06 0.000111728 -0.000991987 -0.000784199 -0.00289972 -0.00443982 0.00492543 0.03554 0.000549283 0.000928768 0.0170001 -0.00629054 0.021234 0.000564164 0.0198782 0.000290289 0.00230402 0.0086432 -0.00221537 0.00462361 0.00114077 0.00895558 0.019229 0.0282872 0.0375922 0.0125539 0.0113118 0.0149711 0.0371949 0.000877233
internal_weight=589435 587146 240453 236984 91622.5 75408.1 12436.2 1559.23 145362 141675 3132.71 62971.9 1007.22 138542 1927.07 136615 75743.2 24237.5 60872 17571.5 34200.7 9206.99 6665.99 3743.45 746.237 1064.41 2864.75 2708.46 868.044 346693
internal_count=1508379 1433454 579325 543765 205458 169636 33937 6332 338307 329575 31369 135699 6911 298206 7201 291005 155278 57695 135727 39702 74895 23119 17993 10247 3109 3871 29553 29479 11496 854129
cat_boundaries=0 1 2 3 4 5 6 7
cat_threshold=133120 8720 32776 262208 33792 262304 835844
is_linear=0
shrinkage=0.03


Tree=164
num_leaves=31
num_cat=6
split_feature=114 119 34 114 103 114 74 116 65 53 53 112 54 112 51 114 131 114 131 99 97 114 97 67 116 53 113 99 131 112
split_gain=2208.79 518.603 766.607 1679.4 647.35 780.459 1055.5 728.092 658.626 629.507 855.187 1204.16 1216.56 1136.2 1056.3 1014.12 903.152 1243.04 1609.61 1126.4 812.838 762.739 753.75 708.836 652.665 1327.31 635.228 900.866 715.943 670.543
threshold=0 1.0000000180025095e-35 1.0000000180025095e-35 1 1.0000000180025095e-35 2 0.19893731176853183 20.500000000000004 37.500000000000007 96.500000000000014 699.50000000000011 0.93301269412040722 5479.5000000000009 0.25000000000000011 1759.5000000000002 3 25.500000000000004 4 62.500000000000007 0.95064699649810802 1342.5000000000002 5 144.50000000000003 7.5000000000000009 518.50000000000011 1429.5000000000002 -0.93301269412040699 4.3687024116516122 94.500000000000014 -0.68301269412040699
decision_type=9 2 2 9 2 9 2 8 2 2 2 2 2 2 2 9 2 9 2 10 10 9 8 2 10 2 2 10 2 2
left_child=-1 2 4 -4 5 7 9 -2 -9 -7 13 12 15 21 16 22 -13 20 19 -19 -18 -11 23 -12 -14 -26 28 29 -24 -28
right_child=1 -3 3 -5 -6 6 -8 8 -10 10 11 14 24 -15 -16 -17 17 18 -20 -21 -22 -23 26 -25 25 -27 27 -29 -30 -31
leaf_value=-0.029821192311570006 0.0082497438513798888 0.0022016316174822892 -0.00059143633511327706 0.016900311008699157 0.00074926232658559765 0.0042632109212740535 0.0090083981080159754 -0.00084144737421029128 -0.032512337183731137 -0.0021189031737943137 -0.020219001582694966 -0.012892132455977945 0.003833673736029098 -0.01794330567045405 0.078491045013006161 -0.020460846612064598 -0.0064230980760616738 0.15350561778714816 0.0079494323360327461 0.039259750125518592 0.055628240823102616 -0.025551751925575569 0.027499679274089847 0.0049623614578768278 -0.016108616342386362 0.098755137099608647 0.0033803970749421456 0.043536579222722305 -0.0094329742078741747 -0.0093789946277459176
leaf_weight=2223.9623671153095 8064.0225893501192 82699.093810179504 15364.744986720383 7261.913466328755 189984.32250816235 5901.9189923554659 5109.5706809337717 208933.56415839074 582.6482627093792 11669.450527395122 4531.2666366985068 1035.5266323485412 7356.9892793879844 10366.621324587613 205.61286597698927 4640.6261059017852 1081.4687527404167 169.63874986302108 324.20372790237889 152.90742791444063 220.11333352327347 1381.3527253959328 1246.9507952379063 1287.9678086200729 165.78740593791008 183.2485814653337 5518.7728307743091 338.78113501798362 750.31110432231799 11254.271367902169
leaf_count=75173 20411 211642 52833 29455 390482 13569 25070 431236 903 23909 38242 3837 38021 15119 1487 52524 7315 1673 1277 451 1243 3295 4615 7084 229 1928 18500 1180 2665 33400
internal_value=-0.000113859 -4.44685e-07 -0.000361034 0.00503464 -0.000614184 -0.00149984 -0.00414085 -0.000590417 -0.000931069 -0.00510538 -0.00597146 -0.00332953 -0.00484441 -0.0105332 0.0143345 -0.00761078 0.00966616 0.0216604 0.0549351 0.102155 0.00438126 -0.00463799 -0.00520109 -0.0146467 0.0057666 0.0452673 -0.00232122 -0.00419192 0.0136473 -0.00518131
internal_weight=590008 587784 505085 22626.7 482458 292474 74893.4 217580 209516 69783.8 63881.9 40464.4 37275 23417.4 3189.47 29568.9 2983.86 1948.33 646.75 322.546 1301.58 13050.8 24928.3 5819.23 7706.03 349.036 19109.1 17111.8 1997.26 16773
internal_count=1508768 1433595 1221953 82288 1139665 749183 296633 452550 432139 271563 257994 215671 198388 42323 17283 158210 15796 11959 3401 2124 8558 27204 105686 45326 40178 2157 60360 53080 7280 51900
cat_boundaries=0 1 2 3 4 5 6
cat_threshold=133120 123528 378056 308 524836 772
is_linear=0
shrinkage=0.03


Tree=165
num_leaves=31
num_cat=4
split_feature=114 57 114 99 43 112 121 114 51 131 97 97 98 54 121 99 97 97 70 98 131 51 116 121 69 112 54 20 67 97
split_gain=2166.32 627.661 586.075 1095.69 1314.41 1224.44 1193.28 1396.89 1079.2 1232.17 847.925 829.881 1568.18 1366.81 1208.98 1014.05 1386.57 1040.14 976.391 868.85 801.531 792.455 3192.13 771.983 709.674 674.995 667.981 1155.89 666.416 787.088
threshold=0 1 2 0.53283846378326427 1.5000000000000002 0.93301269412040722 17.500000000000004 3 334.50000000000006 29.500000000000004 8616.5000000000018 1295.5000000000002 1595.816101074219 1108.5000000000002 10.500000000000002 1.1061368584632876 350.50000000000006 1246.5000000000002 2.5000000000000004 1417.2082519531252 48.500000000000007 3720.0000000000005 511.50000000000006 9.5000000000000018 4.5000000000000009 -0.93301269412040699 1212.5000000000002 1.5000000000000002 81.500000000000014 70.500000000000014
decision_type=9 9 9 10 2 2 2 9 2 2 10 10 10 2 2 10 10 10 2 10 2 2 10 2 2 2 2 2 2 10
left_child=-1 -2 10 4 5 21 7 -7 -9 -10 28 15 13 14 24 18 -17 26 -5 -15 -11 -4 -23 -20 -13 -14 27 -18 29 -3
right_child=1 2 3 11 -6 6 -8 8 9 20 -12 12 25 19 -16 16 17 -19 23 -21 -22 22 -24 -25 -26 -27 -28 -29 -30 -31
leaf_value=-0.029811092874228111 0.012566646876412377 0.0028372201202141356 -0.014526081954367599 -0.027080454002742987 0.0027103900627349141 -0.016626044821111553 -0.02835702992206764 0.0068711384540646762 0.019263161038594313 0.14070926437823997 0.032163209551299143 0.037064801900684008 0.021108088540988851 -0.0056407740946149074 0.070143544273375449 -0.0081461733430137889 0.05909660970119985 -0.013746340899823519 0.02576075069824579 0.019884529268508058 0.052654529027998415 -0.028100185151246477 0.23669750835299136 -0.013933909230141813 -0.0056138861077979331 -0.004557985803931382 0.010622465231514177 0.0034709285848764219 -0.0061010310266321512 -7.7065112320950387e-05
leaf_weight=2160.6069867321057 3618.9583348412998 105265.09479519678 17768.829231757205 2730.0898826709017 9047.7607764017303 700.98840113356709 638.08547435468063 681.89817300718278 384.94058330357075 179.8168713748455 745.10835348442197 937.60519607178867 1018.4295586934313 2287.2970228698105 656.84526922181249 6061.4266228408087 852.00532574858516 956.43598010390997 699.68968389183283 2507.1014587339014 221.50012048333883 142.44115248322487 46.566093429690227 1154.4940960779786 552.8936008727178 8923.060244997032 2095.9730816734955 553.33745796699077 14015.027021218091 401522.22138281912
leaf_count=74941 10691 297419 116790 2526 54063 4401 2146 2518 1841 1290 2766 2739 3457 3705 2647 22699 3200 1228 2089 6219 1129 2949 1340 2315 921 20548 5702 2911 35840 816918
internal_value=3.5103e-05 0.000145978 6.84942e-05 -0.00269344 -0.00683053 -0.010987 0.00741703 0.0180223 0.0344456 0.0584061 0.000395853 0.00116259 0.0057314 0.0166621 0.0364975 -0.00394503 0.00118943 0.0138733 -0.0157036 0.0077206 0.0945707 -0.0138665 0.0457543 0.00110299 0.0213014 -0.00191012 0.0214357 0.0373739 0.000349795 0.000528307
internal_weight=589127 586966 583347 61799.5 29812.8 20765.1 2807.23 2169.14 1468.16 786.258 521547 31986.7 16883.2 6941.74 2147.34 15103.5 10519.2 4457.75 4584.27 4794.4 401.317 17957.8 189.007 1854.18 1490.5 9941.49 3501.32 1405.34 520802 506787
internal_count=1509948 1435007 1424316 271373 188467 134404 13325 11179 6778 4260 1152943 82906 40236 16231 6307 42670 35740 13041 6930 9924 2419 121079 4289 4404 3660 24005 11813 6111 1150177 1114337
cat_boundaries=0 1 2 3 4
cat_threshold=133120 69304328 378244 524368
is_linear=0
shrinkage=0.03


Tree=166
num_leaves=31
num_cat=5
split_feature=114 51 124 55 102 97 55 52 49 97 66 35 97 32 67 114 97 52 114 114 45 103 114 51 66 127 121 103 128 98
split_gain=2100.84 607.679 1548.01 559.186 551.906 519.641 1211.75 1284.35 1234.7 994.617 864.879 1508.46 859.363 845.642 787.828 744.513 740.392 1000.84 844.521 772.337 720.443 710.195 696.776 1096.47 683.554 671.623 1185.26 961.029 841.168 1110.68
threshold=0 3720.0000000000005 21.500000000000004 10.500000000000002 11.500000000000002 305.50000000000006 0.095000002533197417 8118.5000000000009 3.4445140361785893 70.500000000000014 19.500000000000004 20.500000000000004 310.50000000000006 9.5000000000000018 17.500000000000004 1 63.500000000000007 95.500000000000014 2 3 6.179532766342164 1.0000000180025095e-35 4 1029.5000000000002 27.500000000000004 10.500000000000002 51.500000000000007 1.0000000180025095e-35 33.500000000000007 1081.3341064453127
decision_type=9 2 2 10 2 8 8 2 8 10 2 2 8 2 2 9 10 2 9 9 10 2 9 2 2 2 2 2 2 8
left_child=1 -1 -3 4 5 6 7 -2 -9 16 11 22 -7 20 -15 -12 18 19 -8 -18 25 -17 23 -11 -22 28 -27 -28 -14 -30
right_child=3 2 -4 -5 -6 12 9 8 -10 10 15 -13 13 14 -16 21 17 -19 -20 -21 24 -23 -24 -25 -26 26 27 -29 29 -31
leaf_value=-0.026768065980226206 -0.020857061016309252 -0.019277627594130358 0.14846622147785146 -0.011074855321647514 0.014151649245319283 0.023077388574366024 0.041197947365991625 0.059209958103401877 -0.0061189660805293488 -0.018575180274600329 -0.028048989971089542 0.045739458763106138 0.00067904596568125228 -0.0077775073691053898 0.033506656606648574 0.00056941981183948761 -0.018562428486232536 0.023301990991104225 0.0010320540825889011 0.019356484723117285 0.044493623484938349 -0.018453322128396087 -0.001216838072452745 0.0097792012884209065 -0.007000123864054391 -0.021334492434524746 -0.0032851550298475698 0.040492034460154681 0.038786737031135145 -0.010684856818591278
leaf_weight=3237.0789321111515 4938.8937710532919 203.712457658723 54.686218804679811 3995.191957004834 2521.0205681696534 1555.5264414548874 453.78778062388301 360.08201232179999 872.97341813985258 4783.1383073418401 1812.5334470383823 596.77314665354788 313472.5841934653 601.0859245210886 1317.8260039389133 4639.4499124661088 1215.200683504343 3193.9477280601859 84820.866712572519 775.10229045152664 635.84401857666671 2841.6828079968691 140368.73461301625 1642.836682937108 358.29197598062456 3348.7430584004615 2598.6574920376297 535.87609814107418 1146.0729858651757 625.99216078780591
leaf_count=94547 72843 3838 1247 34168 17398 4065 2041 1972 2384 10412 3002 2343 714032 1068 4043 9729 2252 10267 199033 2739 4186 4510 284084 4035 1147 5677 5061 1804 3523 1524
internal_value=-4.2391e-05 -0.0231645 0.0204317 9.63115e-05 0.000173183 0.00011213 -0.000907262 -0.0140263 0.0132815 -0.000579085 -0.0020251 -0.00146503 0.000903768 0.000796815 0.0206014 -0.0108964 0.00192552 0.0129221 0.00125555 -0.0037684 0.000678422 -0.0066624 -0.00166003 -0.0113047 0.0260501 0.000599216 -0.0089513 0.00430391 0.000795909 0.0213487
internal_weight=589524 3495.48 258.399 586029 582034 579513 253316 6171.95 1233.06 247144 156685 147391 326197 324641 1918.91 9293.67 90458.9 5184.25 85274.7 1990.3 322722 7481.13 146795 6425.97 994.136 321728 6483.28 3134.53 315245 1772.07
internal_count=1508974 99632 5085 1409342 1375174 1357776 611646 77199 4356 534447 318115 300874 746130 742065 5111 17241 216332 15258 201074 4991 736954 14239 298531 14447 5333 731621 12542 6865 719079 5047
cat_boundaries=0 1 2 3 4 5
cat_threshold=657408 328320 516 98432 1544
is_linear=0
shrinkage=0.03


Tree=167
num_leaves=31
num_cat=4
split_feature=114 57 114 113 51 113 52 51 131 71 100 97 55 114 68 97 97 100 43 97 52 97 100 51 68 51 127 51 112 66
split_gain=2038.91 622.023 636.598 1164.85 905.631 1326.2 1263.11 2223.01 1258.18 1025 1322.38 846.475 744.763 682.429 731.293 913.568 1658.75 1021.26 662.597 612.683 611.741 607.48 1044.14 631.872 595.73 732.783 889.59 795.605 595.005 587.831
threshold=0 1 2 -0.25000000000000006 1437.5000000000002 0.25000000000000011 8759.0000000000018 1859.5000000000002 208.50000000000003 28.500000000000004 736.48214721679699 8616.5000000000018 4.5000000000000009 3 1.5000000000000002 1529.0000000000002 1766.5000000000002 -130.04248046874997 3.5000000000000004 1176.5000000000002 1703.5000000000002 2303.5000000000005 8.2941856384277362 1557.5000000000002 1.0000000180025095e-35 1172.5000000000002 2.5000000000000004 1527.5000000000002 0.25000000000000011 1.5000000000000002
decision_type=9 9 9 2 2 2 2 2 2 2 8 10 8 9 2 10 10 10 2 10 2 10 8 2 2 2 2 2 2 2
left_child=-1 -2 11 24 9 6 -6 -8 21 10 12 -3 -5 14 15 17 -17 20 28 -16 -14 22 -7 -24 25 -4 27 -27 -12 -13
right_child=1 2 3 4 5 8 7 -9 -10 -11 18 29 13 -15 19 16 -18 -19 -20 -21 -22 -23 23 -25 -26 26 -28 -29 -30 -31
leaf_value=-0.029793126544023722 0.012481050193680992 0.00033469942211000308 -0.016064715081910225 0.039369877352934027 0.019939135529038914 0.019720388613286899 0.015121947024469201 0.16594690126071324 -0.036241850527602641 0.0059044701088491634 -0.02277723601581582 0.059597812305706772 0.027445209054343476 -0.024681809080272229 0.0077596802232284086 0.034005976290279738 -0.010769375005354336 -0.024082753242405115 0.025671109211045318 0.051793126951546038 -0.011007872799474815 0.051053831927340414 0.034625982595936668 -0.031866771217821034 -0.0014194496647784445 0.0033424629897520655 0.0162747278579864 -0.020252858020570329 -0.0079417637891180618 0.0061684251320676831
leaf_weight=2038.4603117944207 3619.0005321896169 520245.83370657684 10198.591123566031 466.76474387943745 1704.1514148563147 1520.6346421688795 201.99791542999446 148.8956543575041 667.2545652911067 11108.752594042337 4276.9434157710057 354.05552491918206 745.0061427205801 829.67429085634649 725.2788533102721 1501.321902859956 1460.635263023898 2074.9268977390602 378.11316854902543 462.45784078165889 726.5563877793029 273.31596337258816 145.9986911918968 755.70116577297449 8932.4233107080217 2386.4199075088836 1585.2107542094309 2773.3156771459617 5666.6171525414102 382.75647085905075
leaf_count=74905 10784 1149354 53193 1368 4770 3872 1426 2120 1153 57922 28455 1291 1919 2716 1460 4426 2150 2226 2017 1625 2495 1055 1049 5630 40786 7865 4724 8904 26094 1498
internal_value=1.17736e-05 0.000116409 3.91897e-05 -0.00284129 0.000660446 0.0119489 0.0308723 0.0819468 0.0003277 -0.00135315 -0.00552831 0.000380514 0.00288061 0.000839149 0.00364615 -0.000313149 0.0119639 -0.0105715 -0.0128502 0.0251938 0.00851357 0.00948026 0.00459883 -0.0208389 -0.00769104 -0.0109946 -0.00331587 -0.00935447 -0.0143393 0.0322968
internal_weight=588357 586319 582700 61717 35841 5417.95 2055.04 350.894 3362.91 30423 19314.3 520983 8992.62 8525.86 7696.18 6508.45 2961.96 3546.49 10321.7 1187.74 1471.56 2695.65 2422.33 901.7 25876 16943.5 6744.95 5159.74 9943.56 736.812
internal_count=1509252 1434347 1423563 271420 155948 21075 8316 3546 12759 134873 76951 1152143 20385 19017 16301 13216 6576 6640 56566 3085 4414 11606 10551 6679 115472 74686 21493 16769 54549 2789
cat_boundaries=0 1 2 3 4
cat_threshold=133120 69304328 378244 552
is_linear=0
shrinkage=0.03


Tree=168
num_leaves=31
num_cat=2
split_feature=103 51 57 71 100 120 71 75 95 116 74 99 116 57 67 45 116 73 97 66 128 97 100 106 66 49 71 120 53 71
split_gain=617.308 841.256 1191.18 1177.85 1052.93 1022.43 1045.21 754.297 1304.78 1205.86 914.691 972.129 786.047 910.844 896.706 811.494 747.635 806.646 1262.19 1029.45 938.19 848.285 886.458 922.398 723.401 716.158 711.486 964.798 874.01 711.46
threshold=1.0000000180025095e-35 351.50000000000006 0 45.500000000000007 589.97369384765636 5.5000000000000009 16.500000000000004 0.011909390334039928 -1.7450000047683714 158.00000000000003 0.75632664561271679 3.1385066509246831 271.00000000000006 1 13.500000000000002 0.92821893095970165 220.00000000000003 0.14436650276184085 506.50000000000006 5.5000000000000009 32.500000000000007 1875.0000000000002 589.97369384765636 0.019261687062680725 5.5000000000000009 0.20730955898761752 35.500000000000007 4.5000000000000009 2143.5000000000005 33.500000000000007
decision_type=2 2 9 2 10 2 2 2 10 8 2 10 8 9 2 8 10 2 10 2 2 10 10 2 2 10 2 2 2 2
left_child=1 2 -1 4 5 -3 -7 8 10 -10 11 29 15 -14 -15 -9 17 18 20 21 24 26 -23 -24 -17 -26 28 -28 -20 -2
right_child=7 3 -4 -5 -6 6 -8 12 9 -11 -12 -13 13 14 -16 16 -18 -19 19 -21 -22 22 23 -25 25 -27 27 -29 -30 -31
leaf_value=-0.019670104722055777 0.014781242840066124 -0.001725910392947826 0.00045493046773084091 -0.0096311249422509123 -0.011728609043404364 0.0034761060270503 0.027554072759527259 0.033438519444645862 -0.017975797532051797 0.031776457922162271 -0.016397482359064068 0.016569950095162895 0.0005347931667014765 -0.001919803807851624 -0.012833733038188092 -0.00074026758028462392 0.0093111413301882121 0.010325559571295032 0.0072013640202707773 0.043501282464553509 -0.03830848854267728 -0.013856046917796601 0.01812833885975473 -0.015009292294245446 -0.024644374865528895 -0.0049277612960521898 -0.0093544471104394077 0.017044398054990299 0.037045531731116715 -0.0021578528277941002
leaf_weight=2657.4636987227714 2788.1298863887787 85282.699877432548 232362.64257468993 19340.644040611107 8421.4613547436893 7841.3028497688938 2037.235844951123 750.02365610189736 515.17545482516289 2731.1369709819555 1894.0517772808671 5118.8882537037134 79816.584866544232 20305.961794256698 10161.34397867322 28993.450076847803 12005.204079901334 8052.1186623871326 21995.651682969183 580.51083125919104 676.83387903124094 4505.3668478932232 2155.2103307954967 1152.4823783710599 2397.8435225784779 5346.6444967482239 4972.0002746880054 1651.7041537314653 910.94784097187221 11012.926440477371
leaf_count=33054 11028 205521 698635 34290 19480 18879 5627 2396 1731 17773 3118 13621 158406 40663 21527 51645 27813 33597 41520 2104 318 5683 5579 1669 2300 11661 7131 3599 2991 24923
internal_value=-4.63993e-05 -0.000826118 0.000225724 -0.00283701 -0.00156763 -0.00066728 0.00846451 0.00116446 0.00619024 0.02385 0.00342575 0.00541784 0.000578413 -0.00115004 -0.00556097 0.00256095 0.0023147 0.00130647 0.000341282 0.00419765 -0.00356764 0.00357518 -0.00521043 0.00657193 -0.00291734 -0.0110563 0.00590064 -0.00275579 0.00840385 0.00127246
internal_weight=588434 357943 235020 122923 103583 95161.2 9878.54 230490 24060.3 3246.31 20814 18919.9 206430 110284 30467.3 96146 95396 83390.8 75338.6 37923.9 37414.8 37343.4 7813.06 3307.69 36737.9 7744.49 29530.3 6623.7 22906.6 13801.1
internal_count=1508282 1015486 731689 283797 249507 230027 24506 492796 72194 19504 52690 49572 420602 220596 62190 200006 197610 169797 136200 70276 65924 68172 12931 7248 65606 13961 55241 10730 44511 35951
cat_boundaries=0 1 3
cat_threshold=172230400 546242624 1
is_linear=0
shrinkage=0.03


Tree=169
num_leaves=31
num_cat=6
split_feature=103 51 57 53 72 98 112 57 112 51 72 128 51 115 67 131 57 112 57 98 74 75 74 98 57 127 57 67 97 99
split_gain=691.99 842.802 1160.82 970.476 1375.97 1291.72 1505.77 1547.95 873.543 1593.75 798.168 793.383 936.472 1021.53 950.995 826.258 777.217 727.243 929.433 1185.59 800.814 883.642 800.54 726.503 875.575 1056.99 789.653 1366.72 703.171 964.216
threshold=1.0000000180025095e-35 325.50000000000006 0 1078.5000000000002 2146.5000000000005 2055.327026367188 0.93301269412040722 1 -0.93301269412040699 1995.5000000000002 1608.5000000000002 8.5000000000000018 1347.5000000000002 1.0000000180025095e-35 21.500000000000004 5784.5000000000009 2 -1.0000000180025095e-35 3 656.84545898437511 0.74489304423332225 0.0066314931027591237 0.57804548740386974 201.65166473388675 4 1.0000000180025095e-35 5 4.5000000000000009 216.50000000000003 0.69066995382308971
decision_type=2 2 9 2 2 8 2 9 2 2 2 2 2 2 2 2 9 2 9 8 2 2 2 8 9 2 9 2 10 10
left_child=1 2 -1 23 10 -6 8 -8 9 -7 -5 17 13 15 -15 -13 -10 20 -19 28 21 -2 -23 -3 -25 -26 27 -27 -20 -30
right_child=11 3 -4 4 5 6 7 -9 16 -11 -12 12 -14 14 -16 -17 -18 18 19 -21 -22 22 -24 24 25 26 -28 -29 29 -31
leaf_value=-0.020072407244666277 0.022076813284090259 -0.012475173067905973 0.00041757259754851458 0.0081294729659526742 0.0010571947786713761 -0.016663915388465077 0.073963081289760285 -0.00031876460938130266 -0.0041127815216315568 0.052913609534682542 0.036020547493457469 0.00010968257253289827 0.02104085242504523 -0.014283532994851331 0.0089184206367331313 -0.033621437601590837 -0.022927256035303656 0.0060297891760192754 -0.0010793199943754392 -0.0092215978579722729 -0.012780668993746516 -0.00020973055809280476 0.036984992856706096 0.0067051372925204713 -0.0082404884547003145 0.044730821872922683 -0.0020064984408899728 0.00052522258823415084 0.0016851977555116557 0.017762412070037828
leaf_weight=2495.9395670127124 1678.8570894822478 10563.394633002579 227480.56801305583 3615.4395621288568 42409.350237474777 775.04909711237997 336.27392584085464 875.80968740768731 2901.7957385620102 466.41407004185021 1234.4323400901631 41806.272067232057 1545.3427384980023 9662.5748938010074 1895.5659620687366 653.95568189769983 6325.6134284711443 64260.18519192189 17049.840776652098 9221.8735814327374 4238.9013964980841 63831.581244498491 515.07378756999969 6212.6874292567372 34886.689759233966 934.17234226316214 15343.696450542659 1889.1796303838491 8585.0936296805739 5505.9772141091526
leaf_count=32070 7103 13267 687388 11446 76526 7244 2171 4916 18202 2525 5203 85962 4375 13714 7251 1036 59319 142853 41967 14311 7212 131380 1832 11562 52175 2762 26325 2929 17296 16865
internal_value=-7.06015e-05 -0.00089461 0.000193477 -0.00283774 -2.85474e-06 -0.00137645 -0.0102055 0.0213288 -0.0138734 0.00969009 0.0152881 0.00121213 -0.00191052 -0.00257088 -0.0104739 -0.000417625 -0.0170507 0.00220428 0.00378955 0.000220783 -0.000156371 0.000655933 9.37016e-05 -0.00523019 -0.00393699 -0.00518452 0.000682392 0.0152043 0.00301912 0.00797539
internal_weight=589198 358747 229977 128770 58940.2 54090.3 11681 1212.08 10468.9 1241.46 4849.87 230451 55563.7 54018.4 11558.1 42460.2 9227.41 174887 104623 40362.8 70264.4 66025.5 64346.7 69829.8 59266.4 53053.7 18167 2823.35 31140.9 14091.1
internal_count=1509187 1016030 719458 296572 187552 170903 94377 7087 87290 9769 16649 493157 112338 107963 20965 86998 77521 380819 233292 90439 147527 140315 133212 109020 95753 84191 32016 5691 76128 34161
cat_boundaries=0 1 2 3 4 6 7
cat_threshold=172230400 134222080 75764129 545398793 25527432 1 33558592
is_linear=0
shrinkage=0.03


Tree=170
num_leaves=31
num_cat=6
split_feature=114 58 67 98 65 113 114 114 64 98 52 97 98 97 67 23 64 65 119 128 114 57 51 116 52 114 71 49 71 113
split_gain=1934.92 543.493 507.857 1123.12 660.388 964.954 985.876 617.557 1095.64 660.323 853.88 707.592 1089.65 644.805 619.567 799.179 573.483 704.191 523.094 678.129 1727.27 981.041 755.599 1299.34 1058.76 802.578 690.595 679.911 637.869 772.78
threshold=0 5.5000000000000009 80.500000000000014 630.81204223632824 21.500000000000004 0.25000000000000011 1 2 11.500000000000002 561.14462280273449 961.50000000000011 255.50000000000003 364.94111633300787 153.50000000000003 165.50000000000003 5.5000000000000009 2.5000000000000004 8.5000000000000018 2.5000000000000004 8.5000000000000018 3 4 972.50000000000011 123.50000000000001 1703.5000000000002 5 682.50000000000011 4.2685351371765146 386.50000000000006 -0.68301269412040699
decision_type=9 2 2 10 2 2 9 9 2 10 2 10 10 10 2 2 2 2 2 2 9 9 2 10 2 9 2 10 2 2
left_child=-1 2 4 7 18 6 -6 9 -9 10 11 13 -13 14 16 -16 17 -4 19 21 -21 -2 25 -24 -25 27 28 -22 29 -23
right_child=1 -3 3 -5 5 -7 -8 8 -10 -11 -12 12 -14 -15 15 -17 -18 -19 -20 20 22 26 23 24 -26 -27 -28 -29 -30 -31
leaf_value=-0.02977380760599346 0.028818910867072053 0.021553975558176376 0.030637954302743024 0.031245447902222119 -0.030902590331845628 0.025914029663075731 0.0074459741262428818 -0.031391987221099663 0.019185081119233786 -0.032467895570806579 0.037420872822077032 0.034138851905232075 -0.010469233353585636 -0.021201127581162143 0.043473405602592878 -0.0097439513732285182 -0.012825454920314354 -0.014001724691843982 0.0038538986048528307 -8.0903334942468015e-05 -0.0065648724265746873 -0.0020521471750108559 -0.0066402199418623938 0.055187613013931228 -0.002633091071248836 -0.015429818596660193 -0.0068382054361673626 0.024524694920710723 0.0074186370589225878 0.001104903643421257
leaf_weight=1945.7754911395023 1071.4941427407321 1044.8705350682139 688.45067325234413 703.43974262848496 688.70663011074066 2163.093299485743 4041.2427219450474 1910.2695300541818 475.064980648458 702.77188758552074 448.39492450654507 975.01233157515526 979.15412111580372 2420.4081000387669 529.88423388451338 473.84528890997171 3904.5873969644308 575.76096259057522 30451.377330473857 96784.367629596032 14623.611141349655 92085.274641586468 2972.9780130125582 662.79476287961006 492.99169388413429 12739.214201911353 11706.231198508292 652.02517860662192 11803.15226725908 287986.76627149526
leaf_count=74832 4312 7232 1814 3241 1315 13426 19168 3115 2624 620 1249 3044 1267 3461 2683 2190 8605 798 78556 213449 35270 205275 5406 2632 1649 28629 99278 5386 34412 644399
internal_value=-5.99143e-05 3.96339e-05 8.87157e-07 -0.00548628 0.000143099 0.00936582 0.00175931 -0.00734181 -0.0211925 -0.00447997 -0.00266732 -0.00440545 0.011848 -0.00811122 -0.00295233 0.018502 -0.00714624 0.0103573 3.02242e-05 -0.00018806 -0.00208269 0.000415632 -0.00810563 0.00386538 0.0307136 -0.00987353 0.000338787 -0.00521925 0.000553359 0.000339968
internal_weight=588703 586757 585712 14787 570925 6893.04 4729.95 14083.6 2385.33 11698.3 10995.5 10547.1 1954.17 8592.94 6172.53 1003.73 5168.8 1264.21 564032 533581 128928 404653 32143.6 4128.76 1155.79 28014.9 403581 15275.6 391875 380072
internal_count=1509337 1434505 1427273 34711 1392562 33909 20483 31470 5739 25731 25111 23862 4311 19551 16090 4873 11217 2612 1358653 1280097 292421 987676 78972 9687 4281 69285 983364 40656 884086 849674
cat_boundaries=0 1 2 3 4 5 6
cat_threshold=133120 66560 33184 377028 67469312 776
is_linear=0
shrinkage=0.03


Tree=171
num_leaves=31
num_cat=8
split_feature=114 102 97 98 97 57 51 114 51 67 57 57 99 114 64 128 67 66 114 68 106 98 57 70 98 67 52 98 98 97
split_gain=1897.98 663.703 596.071 942.918 1175.85 1449.18 888.505 1363.18 1291.31 978.719 928.001 863.285 845.564 2291 1716.69 1298.48 1208.18 1132.42 1101.29 973.741 953.116 948.926 1049.95 905.504 872.965 1065.9 985.528 910.336 896.556 839.939
threshold=0 11.500000000000002 305.50000000000006 809.56234741210949 244.50000000000003 1 1112.5000000000002 2 293.50000000000006 7.5000000000000009 3 4 0.612429440021515 5 1.5000000000000002 9.5000000000000018 7.5000000000000009 4.5000000000000009 6 8.5000000000000018 0.10795740038156511 1318.1143798828127 7 2.5000000000000004 1684.8836059570315 1.5000000000000002 137.50000000000003 1637.491882324219 2106.8603515625005 143.50000000000003
decision_type=9 2 10 10 10 9 2 9 2 2 9 9 10 9 2 2 2 2 9 2 2 10 9 2 10 2 2 10 10 8
left_child=-1 2 3 6 5 -5 8 9 11 29 -10 -2 13 17 -14 16 -16 18 23 20 -18 -15 24 -4 27 28 -27 -23 -26 -8
right_child=1 -3 12 4 -6 -7 7 -9 10 -11 -12 -13 14 21 15 -17 19 -19 -20 -21 -22 22 -24 -25 25 26 -28 -29 -30 -31
leaf_value=-0.029764815030374311 -0.018670732622463937 0.015695264251129461 0.0013468057654576428 0.042236567835622095 -0.020836106605574917 -0.0049675032366308103 -0.00055087684496234602 -0.0047395595933185063 0.018793408094815164 0.041914950799042845 -0.0050650174498175667 0.00063809581371791367 0.0016577827912633264 0.0009598758605745294 0.048828446630078702 -0.0057073624997584895 0.023688100836580107 0.0075805669671601883 -0.018789874903172476 -0.023522399915595581 -0.0076678873375962252 0.016857905399508197 0.0030705786431225669 -0.0080983789871519902 0.043249648586978849 0.029255389666407557 0.092565250531856089 -0.026909095493603239 -0.014698648722566553 0.01978442113784927
leaf_weight=1896.4469769250136 2086.6735920701176 2448.0264523848891 13218.95541809313 585.05100980773568 4298.5693227984011 18095.436588933226 3293.5255926847458 5394.5463742101565 1484.0469427257776 1025.1764225661755 61808.856615357101 193214.53576786467 155338.47189520858 53515.601816192269 1117.5812859907746 2261.9220083355904 5289.5615673810244 5400.3169352058321 6103.5805096672848 529.0190996080637 1039.4052125364542 3467.2584697715938 8899.2994917612523 29540.419696016237 464.0963678099215 480.32527128607035 423.42628049664199 478.59437457472086 479.61523322667927 4096.9228777759708
leaf_count=75112 9022 17406 24942 2045 5995 75061 5632 25097 3374 3155 140827 567936 294993 95310 4157 3971 22704 11528 14792 601 1702 7831 26507 44827 1445 1854 2046 412 1340 18671
internal_value=4.16221e-05 0.000139115 7.35776e-05 -0.000873331 -0.00670784 -0.00344738 -0.000380923 0.00703031 -0.000776976 0.01456 -0.00450055 0.000429924 0.0010446 -0.000845287 0.00244245 0.0143354 0.0200197 -0.00544443 -0.00688632 0.0152608 0.0185345 0.00281423 0.00956508 -0.00517758 0.0194802 0.0364867 0.0596058 0.0114948 0.0139537 0.0107336
internal_weight=587775 585879 583431 295383 22979.1 18680.5 272404 13810.2 258594 8415.62 63292.9 195301 288047 122471 165576 10237.5 7975.57 54263.3 48863 6857.99 6328.97 68208.2 14692.6 42759.4 5793.32 1847.46 903.752 3945.85 943.712 7390.45
internal_count=1510295 1435183 1417777 856815 83101 77106 773714 52555 721159 27458 144201 576958 560962 232834 328128 33135 29164 96089 84561 25007 24406 136745 41435 69769 14928 6685 3900 8243 2785 24303
cat_boundaries=0 1 3 4 6 7 8 9 11
cat_threshold=133120 19398792 1 288560 37890 1 168035586 271536 263296 131136 1
is_linear=0
shrinkage=0.03


Tree=172
num_leaves=31
num_cat=0
split_feature=121 121 97 66 97 68 116 131 69 131 69 121 71 106 121 97 71 71 97 54 70 51 131 71 52 20 131 52 116 82
split_gain=655.569 933.002 642.581 1045.54 902.347 883.054 827.883 995.545 877.5 803.392 831.985 794.425 957.547 792.957 842.367 847.139 773.346 809.835 745.46 981.498 790.272 697.748 935.331 795.738 1511.21 761.248 771.837 668.716 675.902 690.16
threshold=517.50000000000011 407.50000000000006 335.50000000000006 6.5000000000000009 70.500000000000014 64.500000000000014 130.50000000000003 418.50000000000006 30.500000000000004 3.5000000000000004 162.50000000000003 122.50000000000001 163.50000000000003 0.0075235140975564727 7.5000000000000009 197.50000000000003 1767.5000000000002 12.500000000000002 754.50000000000011 5333.5000000000009 17.500000000000004 1557.5000000000002 1.0000000180025095e-35 233.50000000000003 6085.5000000000009 66.500000000000014 49.500000000000007 7166.5000000000009 177.50000000000003 0.008868213742971422
decision_type=2 2 10 2 8 2 8 2 2 2 2 2 2 2 2 10 2 2 10 2 2 2 2 2 2 2 2 2 10 10
left_child=1 2 4 -4 5 16 7 21 -8 -7 -11 -9 -13 14 -10 -16 17 -1 -5 20 -20 23 -23 -6 -25 26 -26 -18 -29 -30
right_child=-2 -3 3 18 6 9 8 11 13 10 -12 12 -14 -15 15 -17 27 -19 19 -21 -22 22 -24 24 25 -27 -28 28 29 -31
leaf_value=-0.0060047407994653149 0.038286329754213359 -0.023030465288404283 0.00064673066334785536 0.0059347881093604815 -0.0056988472820822958 -0.045298933295136484 -3.3481068855792873e-05 -0.018565543087931909 -0.010043580644851294 -0.022459210172279809 0.01368007761490328 0.038741902562577396 -0.021611767820983056 -0.015332821316509716 0.011738536958889254 -0.0084667693008041115 -0.02597771001797353 0.0033581509305273985 -0.0021714040759686663 -0.0091411295354225791 0.046245565430816871 0.064606648214518281 0.0053140082971533179 -0.0010249045951780953 0.08032352825207667 0.00071267018003788693 0.017881572027722722 -0.0074062143269203531 0.13787110722366491 0.001895718080442429
leaf_weight=9264.6953059723601 390.37377115187701 1584.7218747965526 265258.32167807454 7491.4449030794203 42568.971143599018 603.48801828920841 136316.348039623 6898.0359209849266 7427.6948270089924 1297.9018215611577 1011.8510622382164 500.40473206818569 432.12440394260921 6451.2043340895325 4879.0336308127735 3012.8363566361368 1532.6549614109099 80331.246663639089 384.00505427923054 565.50772582087666 1420.0792805161327 276.51488039735705 1471.437441682443 5163.0869830595329 430.04252785863355 342.71015564119443 311.37713891663589 345.11398658994585 59.064457574859262 65.964654358103871
leaf_count=16050 1553 3413 510792 16379 133592 497 445742 35650 16326 2308 2818 1812 995 11447 20890 7432 22031 209726 621 1742 5813 1671 7638 19594 2933 2939 2417 1836 974 1231
internal_value=-8.87909e-05 -0.000114932 -5.25818e-05 0.00100351 -0.000986851 0.00145872 -0.00205456 -0.00510675 -0.000926883 -0.0147733 -0.00663667 -0.0150541 0.0108421 -0.00651828 -0.00279882 0.00402391 0.00197653 0.00238942 0.0105904 0.0252222 0.0359847 -0.0035636 0.0150079 -0.00423152 0.00576006 0.037787 0.0546865 -0.0164143 0.0146539 0.0715846
internal_weight=588088 587698 586113 275119 310994 94512 216482 58394.7 158087 2913.24 2309.75 7830.57 932.529 21770.8 15319.6 7891.87 91598.7 89595.9 9861.04 2369.59 1804.08 50564.1 1747.95 48816.2 6247.22 1084.13 741.42 2002.8 470.143 125.029
internal_count=1508862 1507309 1503896 535347 968549 257471 711078 209241 501837 5623 5126 38457 2807 56095 44648 28322 251848 225776 24555 8176 6434 170784 9309 161475 27883 8289 5350 26072 4041 2205
is_linear=0
shrinkage=0.03


Tree=173
num_leaves=31
num_cat=0
split_feature=29 121 121 131 71 67 72 71 121 113 70 131 131 55 131 131 131 128 116 55 70 116 96 116 75 131 70 131 74 121
split_gain=589.259 550.666 909.865 500.991 917.23 846.2 538.52 813.911 811.763 659.774 982.388 859.971 1098.62 985.159 924.321 651.37 1223.77 759.24 605.673 583.913 574.342 735.472 796.241 623.278 1070.37 830.633 682.444 655.88 613.204 709.169
threshold=4.5000000000000009 525.50000000000011 407.50000000000006 4438.0000000000009 116.50000000000001 3.5000000000000004 1410.5000000000002 1195.5000000000002 396.50000000000006 -0.93301269412040699 2.5000000000000004 124.50000000000001 204.50000000000003 4.5000000000000009 2111.5000000000005 10.500000000000002 30.500000000000004 10.500000000000002 13.000000000000002 10.500000000000002 7.5000000000000009 686.50000000000011 -1.0000000180025095e-35 203.50000000000003 0.02556555345654488 2529.5000000000005 96.500000000000014 494.50000000000006 0.33351872861385351 108.50000000000001
decision_type=2 2 2 2 2 2 2 2 2 2 2 2 2 10 2 2 2 2 10 10 2 10 10 8 2 2 2 2 2 2
left_child=1 2 3 6 5 -5 7 -1 9 10 11 13 -13 15 18 -8 -17 -18 -14 -11 21 22 -12 28 25 27 -26 -25 29 -22
right_child=-2 -3 -4 4 -6 -7 8 -9 -10 19 20 12 14 -15 -16 16 17 -19 -20 -21 23 -23 -24 24 26 -27 -28 -29 -30 -31
leaf_value=0.0030284355302757772 0.015579641043201253 0.034629890720478763 -0.022344588025363907 -0.012624619178257435 -0.014553691542030546 0.0091931771591481984 0.031634707221392722 0.036852519403457538 0.037804499233102695 -0.00041309164320577654 -0.012883274803006703 -0.025349314752669511 0.050511094467888921 -0.015060220919473412 -0.028371438622556602 -0.0050403766960209258 0.027403982394633989 -0.0059338831543357491 0.0094321839419608065 -0.013440425621544039 0.0087309742234964738 0.027766043076719042 0.014920909890002956 0.01122132755866035 -0.0087606227257681583 -0.028024544368500725 0.0057692237376759329 0.049130643711351313 -0.012969433716570399 0.039714084483952222
leaf_weight=36299.764143531909 2169.8607638254762 401.85408883634955 1636.0156038787682 2461.7163655085023 5900.834583246964 4526.3357860846445 2225.5955610530218 641.8887585029006 497.50520640425384 479026.14557660022 6429.7810005861102 1237.3399889352731 432.9314805258764 909.63875234220177 432.67710383201484 2267.8368074753089 3755.1322712987894 731.00346450216603 1217.6224233513931 3106.7240086998791 8076.2822378664277 517.59663436352275 1074.2346112472005 4236.0503898411989 10426.265918813529 434.18020558357239 4025.8007184567396 446.63622284308076 1040.5572052048519 716.02092827635352
leaf_count=86584 13572 1482 3513 8509 45791 10005 7644 4918 1702 1168568 10911 1619 1524 1385 616 4494 11986 1479 3496 28213 29016 1544 3145 11010 24720 452 14763 1731 2251 2666
internal_value=1.09329e-05 -4.70662e-05 -7.14897e-05 -8.61486e-06 -0.0058552 0.00150025 0.000123641 0.00362597 -0.000119044 -0.000155167 0.00310223 0.0101323 -0.00307049 0.0145642 0.01022 0.0175786 0.0129068 0.0219706 0.0204463 -0.000497313 0.000618679 -0.00649165 -0.00888842 0.00256012 -0.00053688 0.0112414 -0.00471196 0.0149341 0.00871792 0.0112964
internal_weight=587302 585132 584730 583094 12888.9 6988.05 570205 36941.7 533264 532766 50633.2 13209.8 3320.57 9889.21 2083.23 8979.57 6753.97 4486.14 1650.55 482133 37423.4 8021.61 7504.02 29401.8 19568.9 5116.87 14452.1 4682.69 9832.86 8792.3
internal_count=1509309 1495737 1494255 1490742 64305 18514 1426437 91502 1334935 1333233 136452 34243 7255 26988 5636 25603 17959 13465 5020 1196781 102209 15600 14056 86609 52676 13193 39483 12741 33933 31682
is_linear=0
shrinkage=0.03


Tree=174
num_leaves=31
num_cat=5
split_feature=114 35 97 50 114 57 66 120 43 121 114 112 121 70 100 114 97 100 128 112 128 97 131 121 131 131 131 131 131 68
split_gain=1823.72 544.969 833.418 1057.42 832.093 789.277 688.267 652.957 709.029 719.748 602.474 1355.99 1568.58 1059.76 1019.67 1169.3 884.016 1420.02 1844.19 942.344 827.07 1586.72 1166.45 1186.16 906.988 733.586 660.493 1594.2 898.69 651.907
threshold=0 9.5000000000000018 185.50000000000003 -0.78407853841781605 1 2 128.50000000000003 6.5000000000000009 3.5000000000000004 4.5000000000000009 3 0.93301269412040722 16.500000000000004 18.500000000000004 -112.33721923828124 4 1295.5000000000002 897.04168701171886 3.5000000000000004 -0.93301269412040699 15.500000000000002 1512.5000000000002 90.500000000000014 20.500000000000004 63.500000000000007 222.50000000000003 52.500000000000007 33.500000000000007 5.5000000000000009 4.5000000000000009
decision_type=9 2 10 8 9 9 2 2 2 2 9 2 2 2 10 9 10 10 2 2 2 10 2 2 2 2 2 2 2 2
left_child=-1 10 3 -3 7 -5 -7 8 -4 -10 11 16 13 14 15 -13 -2 18 19 -18 21 22 23 -20 -23 26 27 28 -17 -12
right_child=1 2 4 5 -6 6 -8 -9 9 -11 29 12 -14 -15 -16 25 17 -19 20 -21 -22 24 -24 -25 -26 -27 -28 -29 -30 -31
leaf_value=-0.029750913140051176 -0.009066649353471519 0.014475274078291711 0.050443189555992925 -0.037625599062139671 0.029302109118438096 0.0003751909107820512 -0.034695739726531373 -0.017896662374347755 -0.032148980426916635 0.019880607132177212 0.00070060371541931618 -0.00066625109675518218 -0.017332107440222174 -0.021014905368617966 0.00047937978506024944 0.071488425502756983 0.0191521174291014 -0.015975697373150428 0.087053827750646573 -0.0092624283046820986 -0.025226075983124693 -0.006512093343355548 -0.0011405378593764765 0.020828726837736608 0.020295151847945427 0.097846781795714224 0.0090720644446011748 0.11142151293593472 0.0033042485198158207 -0.002028173088047831
leaf_weight=1832.1675390987657 22789.818684692262 4051.5720744398423 374.82878968119621 559.87386903911829 2222.7952764816582 9053.7949919905514 523.27462134510279 814.88314089085907 345.33105797786266 723.01269806176424 423178.82217806159 519.12066003493965 1215.7196941231377 440.19818135420792 849.41477371752262 275.94547273498029 1213.174311991781 4115.7585311178118 647.20283266343176 7445.5427747978829 407.57353907916695 1807.5579379289411 346.94227666966617 399.13742271251976 3029.1929248464294 255.40414039976895 392.65172577602789 305.78792706364766 446.91682412615046 96811.044479885139
leaf_count=75095 128242 22801 1485 743 6702 28642 1032 3246 999 5540 962514 3641 3566 1530 1770 1531 3104 12190 2980 12279 724 3106 673 1099 7973 1501 1381 1860 1526 209465
internal_value=-2.9131e-05 6.4879e-05 0.00510669 0.00154048 0.0163704 -0.00363851 -0.00157357 0.00342333 0.0155255 0.00292041 -0.000101248 -0.00335689 0.0119093 0.0221291 0.028414 0.0391689 -0.00506071 -0.00035548 0.00385512 -0.00526376 0.0157407 0.0184569 0.0465528 0.0622279 0.0102842 0.0511338 0.0424718 0.0550109 0.0299532 0.000192531
internal_weight=587394 585562 18669.4 14188.5 4480.85 10136.9 9577.07 2258.06 1443.17 1068.34 566893 46903.1 4701.16 3485.44 3045.24 2195.83 42201.9 19412.1 15296.3 8658.72 6637.61 6230.03 1393.28 1046.34 4836.75 1676.71 1421.3 1028.65 722.862 519990
internal_count=1508940 1433845 71190 53218 17972 30417 29674 11270 8024 6539 1362655 190676 18306 14740 13210 11440 172370 44128 31938 15383 16555 15831 4752 4079 11079 7799 6298 4917 3057 1171979
cat_boundaries=0 1 2 3 4 5
cat_threshold=133120 17928 50594816 533048 524304
is_linear=0
shrinkage=0.03


Tree=175
num_leaves=31
num_cat=2
split_feature=29 57 118 66 131 131 49 73 98 54 100 74 107 57 52 68 121 49 102 74 131 54 103 127 100 67 95 54 123 73
split_gain=633.144 588.56 558.256 526.136 1678.51 852.517 1451.31 1129.31 804.682 737.034 713.724 672.561 736.193 658.737 1653.62 1975.26 1133.21 1070.79 901.918 964.782 815.234 876.16 805.951 791.488 780.631 719.244 923.903 698.199 681.122 655.962
threshold=5.5000000000000009 0 1.0000000180025095e-35 1.5000000000000002 2111.5000000000005 1028.5000000000002 2.3430931568145756 0.017247577197849754 1169.603942871094 1532.5000000000002 360.01818847656256 1.8782356381416323 0.26717399060726171 1 166.50000000000003 3.5000000000000004 1.0000000180025095e-35 0.87428912520408641 6.5000000000000009 0.18737808614969256 10.500000000000002 2136.5000000000005 2.5000000000000004 5.5000000000000009 -219.51324462890622 14.500000000000002 -1.0000000180025095e-35 249.50000000000003 1.0000000180025095e-35 0.14436650276184085
decision_type=2 9 2 2 2 2 10 2 8 2 10 2 2 9 2 2 2 10 2 2 2 2 2 2 10 2 10 2 2 2
left_child=1 -1 3 4 -3 8 -7 -8 13 11 -6 12 -10 16 20 18 24 -18 19 23 -15 -22 -19 -16 -5 -20 29 -21 -26 -27
right_child=-2 2 -4 5 10 6 7 -9 9 -11 -12 -13 -14 14 15 -17 17 22 25 27 21 -23 -24 -25 28 26 -28 -29 -30 -31
leaf_value=-0.011439465543772145 0.023511148817758329 -0.00048050355452121905 0.0044744192845829469 0.029617086661492674 -0.0141548639154928 0.0086171346808973214 0.041925741308400565 -0.018202527161622704 0.01621049319800167 -0.002976932013606179 0.0063827546345946937 0.047546518475473844 -0.0055443500839117924 -0.0051646203797432932 0.0036785566440212156 -0.0016524272398316874 -0.0059664963110323361 -0.0013957432155246386 0.027842188722625425 -0.0016673783630419354 0.00014394490100066255 0.018840807310004131 0.010382989517783329 0.032950001403948458 0.0067935536694030988 -0.013665601259716839 0.027429718711701148 0.03320841927154939 -0.0097797619921445849 0.016290736098392933
leaf_weight=3993.8478295127861 1023.4533199667931 286845.12659894477 24979.220282442984 1112.6672355029732 11432.212873560027 23268.061294372194 300.62313582003117 2999.6521593630314 5688.7843846958131 3783.655856564641 1750.8308076187968 469.97189086675644 1850.2967375665903 32724.320842765272 20155.89410070423 21948.966229612008 51692.698084384203 25733.315765041858 3931.0646382346749 699.47090455144644 29191.578152574599 2434.6585897449404 6550.7333201020956 857.43000372871757 11726.886539503932 1531.2983885854483 1686.1909764632583 1956.3480862081051 2746.5100699067116 1137.8141393512487
leaf_count=31099 7333 757923 73792 3070 58934 62126 1857 9223 15711 10465 6098 1673 3303 69474 42747 39806 80849 59097 21239 1198 59277 7010 24308 2392 30191 3725 9323 5427 4375 4391
internal_value=5.02834e-05 8.85035e-06 8.79127e-05 -0.00010916 -0.000961741 0.000889352 0.00597592 -0.0126153 0.000300548 0.00792983 -0.0114245 0.0130797 0.010871 -0.000112848 0.00140086 0.00527658 -0.00191065 -0.00328975 0.0100349 0.00704753 -0.00184581 0.00158877 0.000996746 0.00488806 0.00551596 0.0185491 0.0101166 0.0240513 0.00364398 -0.000882394
internal_weight=586204 585180 581186 556207 300028 256179 26568.3 3300.28 229611 11792.7 13183 8009.05 7539.08 217818 118255 53904.5 99562.8 83976.7 31955.5 23669.1 64350.6 31626.2 32284 21013.3 15586.1 8286.37 4355.3 2655.82 14473.4 2669.11
internal_count=1507436 1500103 1469004 1395212 822955 572257 73206 11080 499051 31152 65032 20687 19014 467899 266009 130248 201890 164254 90442 51764 135761 66287 83405 45139 37636 38678 17439 6625 34566 8116
cat_boundaries=0 1 3
cat_threshold=2186019328 132098 1
is_linear=0
shrinkage=0.03


Tree=176
num_leaves=31
num_cat=4
split_feature=57 72 98 71 116 73 71 53 53 49 116 127 57 100 72 54 43 57 131 57 127 100 98 116 113 53 96 116 54 98
split_gain=497.71 522.67 906.124 894.63 762.597 847.517 819.654 825.643 1060.73 728.934 965.708 809.956 851.954 1066.84 957.597 941.581 836.881 1423.6 1095.35 793.498 707.779 807.257 705.176 670.467 654.068 653.348 645.076 641.338 3812.19 635.593
threshold=0 1465.5000000000002 2055.327026367188 248.50000000000003 8.5000000000000018 0.012192024849355223 3.5000000000000004 1429.5000000000002 1906.5000000000002 1.5258668661117556 350.50000000000006 1.0000000180025095e-35 1 589.97369384765636 647.50000000000011 474.50000000000006 1.0000000180025095e-35 2 1.0000000180025095e-35 3 2.5000000000000004 -521.54479980468739 2366.1892089843755 216.00000000000003 0.68301269412040722 886.50000000000011 -1.4999999999999998 548.00000000000011 4863.5000000000009 2201.2631835937505
decision_type=9 2 8 2 8 2 2 2 2 8 8 2 9 8 2 2 2 9 2 9 2 10 10 8 2 2 10 10 2 8
left_child=-1 9 -3 4 22 6 7 -6 29 10 -2 16 20 -14 15 -15 18 -18 24 -12 26 -22 -4 -19 -11 -20 -13 -10 -29 -9
right_child=1 2 3 -5 5 -7 -8 8 27 11 19 12 13 14 -16 -17 17 23 25 -21 21 -23 -24 -25 -26 -27 -28 28 -30 -31
leaf_value=-0.01104132037834177 -0.013887296565504994 0.00020243358441275971 0.0013943089399375216 0.0022624047427680758 -0.02521814307557381 0.010477881466616079 -0.012489230368841619 0.0074629333622572335 -0.0038132662449929322 -0.002840590973454119 0.01363026843553721 0.019055256476571903 0.012240359974012332 0.058867244797217715 0.088868656354756867 -0.0036109524853868177 -0.0074941188754976294 0.041981774720176578 -0.018947885942109381 -0.010903678076260553 -0.009327034205624439 0.011001755297746578 0.043331686619757906 0.012173847115548883 0.027938177263523416 0.00055368028209171216 -0.017477492431341276 -0.028388802091876403 0.23899296193159633 0.05940425439384759
leaf_weight=3628.5503964815289 4504.0284688404063 497314.37513521803 1710.0946842023404 13507.743900825502 1031.0000737830997 2034.461532285437 21009.387521592202 409.98696652799845 4822.9023463502526 1289.6314293667674 3378.25418384152 4214.4983809355181 2816.9174650348723 440.32887412491255 330.61808442813344 417.0496076408308 2262.8364337548846 1150.8008645832306 4007.4655396621674 1805.9333400935866 3711.997232372174 3321.7934189978987 447.61584846395999 1666.2087677544914 1186.2198159694672 2512.5487084332854 477.1123665352352 165.19571233040188 56.664964836556464 436.51508586853743
leaf_count=30783 8384 1049347 7663 104769 2147 5100 170681 873 27622 2422 9964 12547 7457 1742 1806 1022 9048 4869 4476 3305 7560 9808 1926 4726 3430 7077 2718 2679 1357 1783
internal_value=4.37565e-06 7.3566e-05 -0.000168839 -0.0042143 -0.00693755 -0.00817843 -0.00954056 -0.00058612 0.00376003 0.00340524 -0.00374068 0.00572844 0.0104042 0.0223211 0.0461085 0.0287851 0.000499317 0.0102224 -0.00499645 0.00508448 0.00629402 0.000275474 0.010254 0.0243702 0.0119591 -0.0114434 0.0153108 -0.00147787 0.0472649 0.0346283
internal_weight=586069 582440 542946 45631.6 32123.8 29966.1 27931.7 6922.27 5891.27 39494.2 9688.22 29806 15730.3 4004.91 1188 857.378 14075.7 5079.85 8995.87 5184.19 11725.4 7033.79 2157.71 2817.01 2475.85 6520.01 4691.61 5044.76 221.861 846.502
internal_count=1509091 1478308 1375947 326600 221831 212242 207142 36461 34314 102361 21653 80708 44660 12027 4570 2764 36048 18643 17405 13269 32633 17368 9589 9595 5852 11553 15265 31658 4036 2656
cat_boundaries=0 1 2 4 5
cat_threshold=2185495042 671289617 16777281 1 163905
is_linear=0
shrinkage=0.03


Tree=177
num_leaves=31
num_cat=7
split_feature=114 112 46 114 113 116 52 114 97 97 52 114 97 98 74 112 98 114 52 71 49 131 131 116 112 98 112 114 114 116
split_gain=1735.54 532.26 708.52 643.857 640.545 1387.34 1361.05 1168.9 1103.68 1045.54 890.64 1169.76 1302.85 1078.08 1019.86 1017.41 952.869 928.385 926.499 919.958 866.458 901.086 865.707 878.055 929.276 850.373 1038.55 1674.17 1061.82 4088.19
threshold=0 -1.0000000180025095e-35 0.064999999478459372 1 -0.25000000000000006 526.50000000000011 1611.5000000000002 2 2111.5000000000005 1246.5000000000002 991.50000000000011 3 1511.5000000000002 530.78506469726574 0.16250202059745791 -0.68301269412040699 1568.8520507812502 4 5420.5000000000009 17.500000000000004 1.8349365592002871 72.500000000000014 208.50000000000003 572.00000000000011 -0.93301269412040699 1232.5396728515627 -0.93301269412040699 5 6 514.00000000000011
decision_type=9 2 10 9 2 10 2 9 10 10 2 9 8 8 2 2 10 9 2 2 8 2 2 10 2 8 2 9 9 8
left_child=-1 2 3 -2 5 -5 9 8 -8 -7 17 12 15 14 19 20 25 -6 -17 -13 -12 -22 23 24 -18 -14 28 -28 29 -27
right_child=1 -3 -4 4 10 6 7 -9 -10 -11 11 13 16 -15 -16 18 22 -19 -20 -21 21 -23 -24 -25 -26 26 27 -29 -30 -31
leaf_value=-0.029733781854717145 -0.014357441710692561 0.00083034891788989632 0.016557697086149674 -0.0015810659092206946 -0.011699070431677838 -0.010400690936207196 0.045436158273994227 -0.014076245593720465 -0.017753572226561907 -0.032351834214031656 0.028436960135449246 -0.00051788927944657536 0.008040350838508176 -0.0062243574732996727 -0.020901990968948705 -0.014130345453596815 0.022764396354944483 -0.00038721252694573125 0.031508834685201548 0.027847987905035679 0.011123160043275137 -0.012425211112886936 -0.026996855438093926 0.051830687694241893 -0.01013856238413777 -0.0090524711708496221 -0.010686974906870679 0.061973624531111798 0.00081069320063064363 0.2061588768045019
leaf_weight=1742.9815082894638 3261.7864336331841 345403.13420654205 2038.6053490447812 85348.954083753051 7010.6302051059902 5121.8756493264809 867.21437405049801 1203.5215896887239 340.93773633241653 3161.6429287064821 1596.9707852620631 1762.4125900603831 1579.9611630141735 12733.45233029034 790.70666214730591 3811.9781763562933 1563.5777497570962 91718.863295589574 437.68514532968402 2461.545699228067 4798.7819742225111 2092.2135215364397 578.06257512047887 433.11920891702175 1509.1312948837876 241.56563326017931 347.52498645638116 1581.2242780979723 1115.8712867647409 107.79562517441809
leaf_count=74721 35555 854554 17765 194101 13310 9015 3637 3050 431 2666 5786 3583 3481 33680 871 8329 4322 185591 2107 6708 12409 11221 781 1532 2716 2291 4707 6109 2381 1192
internal_value=-1.28972e-05 7.66653e-05 -0.00100974 -0.00116117 -0.000976214 -0.00285815 -0.0130385 0.00677394 0.02738 -0.0188079 0.000331018 0.00413486 0.00878711 -0.0015841 0.0101844 0.00260173 0.0174826 -0.00119278 -0.0093669 0.0160393 0.00859803 0.00396586 0.00672003 0.0123405 0.00662396 0.026288 0.0347341 0.0491585 0.0155421 0.0595821
internal_weight=586764 585021 239618 237579 234317 96044.1 10695.2 2411.67 1208.15 8283.52 138273 39543.6 21795.5 17748.1 5014.66 12737.6 9057.83 98729.5 4249.66 4223.96 8487.97 6891 4083.89 3505.83 3072.71 4973.94 3393.98 1928.75 1465.23 349.361
internal_count=1508602 1433881 579327 561562 526007 212900 18799 7118 4068 11681 313107 114206 69364 44842 11162 39852 29512 198901 10436 10291 29416 23630 9351 8570 7038 20161 16680 10816 5864 3483
cat_boundaries=0 1 2 3 4 5 6 7
cat_threshold=133120 8720 1152 591012 525344 524416 589952
is_linear=0
shrinkage=0.03


Tree=178
num_leaves=31
num_cat=6
split_feature=114 102 97 98 97 51 114 51 67 114 114 71 71 114 71 128 49 49 113 49 73 114 69 97 43 35 49 128 131 131
split_gain=1709.86 486.048 516.953 863.063 1140.83 974.811 1180.98 1034.26 1005.73 846.398 810.295 1359.01 1243.75 1149.49 1130.22 957.305 864.525 770.809 762.403 1224.21 944.256 759.292 825.189 1113.64 1131.39 740.676 730.05 694.121 939.358 1034.34
threshold=0 11.500000000000002 305.50000000000006 809.56234741210949 261.50000000000006 1142.5000000000002 1 293.50000000000006 81.500000000000014 2 3 13.500000000000002 35.500000000000007 4 4.5000000000000009 1.5000000000000002 -1.9730502367019651 4.2685351371765146 -0.68301269412040699 1.421583414077759 0.063719645142555251 5 1.0000000180025095e-35 119.50000000000001 7.5000000000000009 7.5000000000000009 1.4710859656333926 26.500000000000004 150.50000000000003 1910.5000000000002
decision_type=9 2 10 10 10 2 9 2 2 9 9 2 2 9 2 2 8 10 2 10 2 9 2 10 2 2 10 2 2 2
left_child=-1 2 3 5 21 7 -7 8 10 -9 11 13 -12 14 -2 18 -17 -14 -13 20 -20 -5 23 24 -23 -4 -15 28 -18 -30
right_child=1 -3 25 4 -6 6 -8 9 -10 -11 12 15 17 26 -16 16 27 -19 19 -21 -22 22 -24 -25 -26 -27 -28 -29 29 -31
leaf_value=-0.029726311648685964 0.00091382649871263983 0.013558230642148348 0.00082311049573755642 -0.0093205655648027682 -0.021155271013353232 0.015598517245879545 -0.0029851119399999606 -0.012845982980948061 -0.0096674546340432162 -0.0026648586021233715 -0.0082127248748411364 -0.012719038295237224 4.3097660714229487e-05 0.0034790523459584471 0.050946926881247086 -0.033241035603591575 0.0018027584718741795 0.019819834767561634 0.020351085796534555 -0.010447484950177619 6.7471154747590682e-05 0.092028886292208123 -0.0007773950154227713 0.0015164428471221441 0.00034686006439347487 0.013113577415813243 0.033045240732222161 -0.0061644694715352697 0.012705832988239775 -0.0017718734694096277
leaf_weight=1707.2497643277748 592.87847055727616 2419.0365863740444 282941.08591610915 9427.3129563485272 3893.6499862484634 7339.0979900206439 5285.7997882789932 8466.2708938003052 8558.3772565871477 55077.510304494761 18584.194961428177 6232.281160954386 61294.94339022343 4867.8637756516691 1284.0468241078779 569.4394893636927 43856.404096442042 1816.5562911180314 3003.3239937426988 6454.9701815880835 6567.6443935409188 323.78543526027352 8076.7754472382367 736.68255546689034 190.26985781360418 4472.9856651346199 879.58142572338693 6069.2678405698389 18208.657643807586 5869.9565596289467
leaf_count=74914 1246 17308 543628 56729 5498 24234 25347 45033 21178 101616 54390 14617 164631 12724 4928 471 128532 5202 9826 26447 16121 1661 16093 1327 1420 17411 3051 13735 65389 33709
internal_value=7.82257e-05 0.000166466 0.000110473 -0.000775058 -0.00639955 -0.000304569 0.00783169 -0.000702603 0.000382007 -0.00402559 0.000844527 0.00259469 -0.00139343 0.0147812 0.0350455 0.00163399 0.00326356 0.000615387 -0.00382475 -0.000360095 0.00644697 -0.0033265 0.00274223 0.0253182 0.0587483 0.00101483 0.0080394 0.00354891 0.00441747 0.00917714
internal_weight=585068 583361 580942 293528 22648.5 270879 12624.9 258254 194710 63543.8 186152 104456 81695.7 7624.37 1876.93 96831.9 74573.7 63111.5 22258.2 16025.9 9570.97 18754.8 9327.51 1250.74 514.055 287414 5747.45 74004.3 67935 24078.6
internal_count=1508416 1433502 1416194 855155 82728 772427 49581 722846 576197 146649 555019 330796 224223 21949 6174 308847 241836 169833 67011 52394 25947 77230 20501 4408 3081 561039 15775 241365 227630 99098
cat_boundaries=0 1 2 3 4 5 6
cat_threshold=133120 272176 548892 295068 32780 1572
is_linear=0
shrinkage=0.03


Tree=179
num_leaves=31
num_cat=4
split_feature=114 45 70 114 66 53 112 114 121 55 99 128 114 121 68 128 131 97 51 112 51 97 131 52 97 131 116 97 99 52
split_gain=1644.85 473.23 589.645 552.347 843.366 1244.42 1424.91 2008.76 1501.62 1373.84 1412.2 1235.52 1216.46 1040.02 1476.28 1220.84 1330.42 1360.6 1146.6 991.85 988.286 804.866 756.638 959.211 940.848 819.674 732.8 1021.07 1244.51 992.548
threshold=0 1.082300662994385 55.500000000000007 1 10.500000000000002 930.50000000000011 0.93301269412040722 2 16.500000000000004 4.5000000000000009 2.220191597938538 5.5000000000000009 3 5.5000000000000009 1.5000000000000002 1.5000000000000002 32.500000000000007 283.50000000000006 330.50000000000006 -0.93301269412040699 1527.5000000000002 8616.5000000000018 33.500000000000007 2326.5000000000005 4173.0000000000009 162.50000000000003 52.500000000000007 1268.5000000000002 1.1061368584632876 2588.5000000000005
decision_type=9 8 2 9 2 2 2 9 2 8 8 2 9 2 2 2 2 10 2 2 2 10 2 2 10 2 8 10 10 2
left_child=-1 2 -2 21 5 12 9 -8 13 -7 11 19 -5 15 18 16 20 -18 -15 -11 -9 -3 -21 -24 25 -25 -13 28 -28 -29
right_child=1 3 -4 4 -6 6 7 8 -10 10 -12 26 -14 14 -16 -17 17 -19 -20 22 -22 -23 23 24 -26 -27 27 29 -30 -31
leaf_value=-0.029709542194821706 0.013410749193227912 0.00027895345201913721 -0.0066315689282601788 -0.0010629086687839106 0.025884806872378662 0.035436394772763551 -0.030540106890853361 -0.0056730221650786259 -0.012676184134239255 0.017698536064108237 -0.0097208598945007826 -0.0034900270433161733 -0.018657977452315205 -0.014159310178415636 0.13009769485038522 -0.0064968608523353457 0.13206865146901461 0.032913735773830895 0.067288570962244165 0.0059575969147630855 0.065590885707714958 0.031349841723557779 -0.013959955276159246 0.0081990291644645046 -0.029404893204803158 0.061330251142729275 -0.03039355307332698 0.03418985186232873 0.019529934116835838 -0.017139414142902661
leaf_weight=1650.9567651761463 4897.0004583201371 515905.11486980133 1800.8167440206744 6376.2660747813061 905.21572898607701 832.87110152840614 710.21389895211905 578.38778490247205 793.76205155067146 1824.7588516008109 17340.441490455763 1977.2889037998393 7946.3894357052632 237.31228051148355 203.79434836516157 822.70330672059208 220.38979011168703 291.10183683596551 425.55080359987915 3655.4609680920839 240.35119450092316 741.43502201884985 8634.8994283154607 949.80597088020295 394.90875092381611 352.60222872160375 718.74987801723182 2863.5301547460258 1162.3636555150151 378.26996155828238
leaf_count=74907 16383 1128318 16444 15825 2577 2338 4398 2525 3042 5030 158457 3389 16791 796 1545 2962 1662 949 2131 9484 997 2789 12197 2417 2029 1581 975 9747 4266 1895
internal_value=1.2738e-05 9.77502e-05 0.00802019 5.72789e-06 -0.00269755 -0.00313395 -0.000710675 0.0152509 0.0238543 -0.00247133 -0.00326428 0.00162421 -0.0108448 0.0335459 0.0611641 0.0221969 0.0398592 0.0773505 0.0383523 -0.00304447 0.0157864 0.000324143 -0.0057612 -0.00990897 0.010661 0.022941 0.0120112 0.0179893 0.000394946 0.0281662
internal_weight=585833 584182 6697.82 577484 60837.4 59932.2 45609.5 4523.57 3813.35 41086 40253.1 22912.6 14322.7 3019.59 866.657 2152.93 1330.23 511.492 662.863 15812.4 818.739 516647 13987.7 10332.2 1697.32 1302.41 7100.2 5122.91 1881.11 3241.8
internal_count=1508846 1433939 32827 1401112 270005 267428 234812 21007 16609 213805 211467 53010 32616 13567 4472 9095 6133 2611 2927 32738 3522 1131107 27708 18224 6027 3998 20272 16883 5241 11642
cat_boundaries=0 1 2 3 4
cat_threshold=133120 378244 524352 584
is_linear=0
shrinkage=0.03


Tree=180
num_leaves=31
num_cat=5
split_feature=114 57 42 47 26 106 68 131 67 67 131 60 114 68 72 53 75 103 113 69 68 114 127 100 113 103 59 114 106 102
split_gain=1589.12 502.907 479.887 818.195 625.65 511.408 503.802 679.819 983.867 1360.67 974.327 821.544 810.049 753.107 723.978 906.335 702.816 700.864 738.189 844.073 1344.84 966.463 728.611 677.705 629.707 731.615 552.917 1758.25 1330.37 1458
threshold=0 1 2.5000000000000004 0.13499999791383746 69.500000000000014 0.37870532274246221 4.5000000000000009 1004.5000000000001 40.500000000000007 2.5000000000000004 2860.5000000000005 2.5000000000000004 2 102.50000000000001 923.50000000000011 234.50000000000003 0.0039860167307779202 3.5000000000000004 0.93301269412040722 7.5000000000000009 5.5000000000000009 3 7.5000000000000009 1044.2446899414065 -0.68301269412040699 4.5000000000000009 1.0000000180025095e-35 4 0.080540537834167494 6.5000000000000009
decision_type=9 9 2 8 2 2 2 2 2 2 2 2 9 2 2 2 2 2 2 2 2 9 2 10 2 2 2 9 2 2
left_child=-1 -2 4 -4 6 -5 26 12 9 -9 -10 -11 13 14 15 -8 -14 18 19 22 -21 23 -18 -22 -19 -26 -3 28 29 -28
right_child=1 2 3 5 -6 -7 7 8 10 11 -12 -13 16 -15 -16 -17 17 24 -20 20 21 -23 -24 -25 25 -27 27 -29 -30 -31
leaf_value=-0.029696561467521997 0.011061328016113935 -0.000421767875652181 -0.0096681778628595894 0.0047617035429951618 -0.031803035104117174 0.023139982151130979 0.0067823711076226319 -0.014730360681292886 0.0060967340651487583 0.018880796747121502 -0.02671556765508035 2.1267403784359947e-05 -0.038822827256995679 0.027590138940625671 -0.0011323590357627321 0.064113794289301182 0.00255572080970726 0.028937961588730094 -0.017479379895249999 -0.022071336627898085 -0.0042287556373682899 -0.02271169281762931 0.036393294630745823 0.010955740830609795 0.023151368657549538 -0.016476366362145972 0.0054837137076462839 -0.0020752244513849477 -0.00034516001464743161 0.019044227519374565
leaf_weight=1609.1708196285181 3638.6425954422448 346795.22490790719 3476.2995143420994 21304.434525585966 556.19905131682754 1446.9651527702808 945.27261931076646 1964.9446028999519 1578.0815946534276 6299.1107156202197 1666.4933791086078 3100.3577391430736 551.33128301799297 903.9095659442246 26873.338108369149 327.9220217410475 3680.4433453024831 973.8439472168684 4481.5919005218893 4226.1417906866409 32578.519523695111 2369.9740984188393 668.67108525661752 2869.5104533918202 676.1375193670392 1068.2345108985901 27921.854994798079 50922.664212515578 21955.665852556005 9582.3678891733289
leaf_count=75043 10676 751061 91221 93366 583 8431 2476 3856 4237 15282 2222 6572 733 2702 51626 1427 7695 4346 6643 5038 62977 6028 2562 6567 2300 2210 57894 124996 53950 44576
internal_value=-0.000108773 -2.64279e-05 -9.6154e-05 0.00386852 -0.0002834 0.0059402 -0.000251238 -0.00220536 0.00376149 0.0079209 -0.0107868 0.0126667 -0.00325346 0.000788353 -8.15837e-05 0.0219331 -0.00542093 -0.00507114 -0.00586459 -0.00473908 -0.00604077 -0.004244 0.00782976 -0.00299599 0.00974632 -0.00107182 0.000166844 0.00201599 0.00551897 0.00895259
internal_weight=587013 585404 581766 26227.7 555538 22751.4 554982 97803.8 14609 11364.4 3244.57 9399.47 83194.8 29050.4 28146.5 1273.19 54144.4 53593.1 50874.9 46393.3 42044.1 37818 4349.11 35448 2718.22 1744.37 457178 110383 59459.9 37504.2
internal_count=1509296 1434253 1423577 193018 1230559 101797 1229976 197499 32169 25710 6459 21854 165330 58231 55529 3903 107099 106366 97510 90867 80610 75572 10257 69544 8856 4510 1032477 281416 156420 102470
cat_boundaries=0 1 2 3 4 5
cat_threshold=133120 69304328 41236 83104 115332
is_linear=0
shrinkage=0.03


Tree=181
num_leaves=31
num_cat=4
split_feature=102 121 121 29 88 124 57 127 120 66 102 50 67 45 121 57 20 53 53 121 121 59 70 73 57 60 57 131 74 131
split_gain=525.141 522.05 903.819 497.632 458.52 449.233 783.521 669.631 734.055 654.868 945.646 789.987 670.244 645.875 641.006 1166.65 1124.21 1156.67 1359.88 1063.29 1654.59 1057.53 1332.64 1070.4 1032.31 1022.83 925.229 1112.63 1125.97 1382.11
threshold=11.500000000000002 517.50000000000011 407.50000000000006 6.5000000000000009 15.500000000000002 8.5000000000000018 0 8.5000000000000018 10.500000000000002 14.500000000000002 2.5000000000000004 -0.83364292979240406 164.50000000000003 111.35805130004884 1.0000000180025095e-35 1 1.0000000180025095e-35 687.50000000000011 8456.5000000000018 45.500000000000007 107.50000000000001 1.0000000180025095e-35 15.500000000000002 0.088909469544887557 2 1.5000000000000002 3 130.50000000000003 0.78918132185935985 30.500000000000004
decision_type=2 2 2 2 2 2 9 2 2 2 2 8 2 8 2 9 2 2 2 2 2 2 2 2 9 2 9 2 2 2
left_child=1 2 3 4 5 7 13 8 14 12 -11 -12 -8 -7 26 16 17 -16 19 -19 -21 23 25 -17 -25 -23 -1 28 -28 -30
right_child=-2 -3 -4 -5 -6 6 9 -9 -10 10 11 -13 -14 -15 15 21 -18 18 -20 20 -22 22 -24 24 -26 -27 27 -29 29 -31
leaf_value=-0.0028498259051877297 0.013947847176134448 0.033654774700429387 -0.022945332364450274 0.029542837654056339 -0.019159317133299797 0.003426329518280096 0.0023214287084459824 -0.010511903785989195 0.007250097338357026 0.016951065961210293 0.010102989872214708 -0.011289830660622715 -0.033035927391202265 -0.011713261733520266 -0.0085864663770044546 0.00033593684381666601 0.0010105807206142355 -0.0017709696497160878 -0.021921400111530924 0.048610970296184754 -0.027759821567563285 -0.0040746350930979999 -0.00036971254942983601 -0.0124085761434216 0.0058814166795555919 0.013667510471326399 0.0058010141305456847 -0.006778809779194408 -0.0098480939999651042 0.031377665904135946
leaf_weight=34687.355925444746 2395.295917339623 402.1095089125447 1547.4842166721355 500.57816094905138 1122.3084139209241 3863.012858139351 158070.92734565039 6050.6134166603442 10788.546524575446 1570.8370319642127 1847.3961921446025 9536.9236052632332 474.03746362030506 7352.3348170754034 44890.012789234519 66971.255075848894 39111.165530901635 55084.173172574257 2979.0184240485542 865.54700765386224 352.79206632077694 3594.2950601577759 22945.672690385021 12363.518415892497 3570.5885545685887 15588.659884519875 59968.413297106279 9145.1974234584486 7628.8755454127677 799.69806715659797
leaf_count=76428 17355 1540 3373 3724 6033 35046 392051 13300 29308 4578 7079 18815 431 25775 68776 210239 113092 96491 33683 3194 388 5660 53160 18688 7487 57925 159804 27332 15753 2731
internal_value=-4.10036e-05 -9.86494e-05 -0.000122496 -6.13898e-05 -8.73942e-05 -5.01666e-05 0.00118098 -0.000616256 -0.00046299 0.00168355 -0.0047991 -0.00781248 0.00221364 -0.00649439 -0.000681842 -0.00147813 -0.00332583 -0.0049542 -0.00220273 -0.00115569 0.0264505 0.000639556 0.00450944 -0.00132717 -0.00831305 0.0103428 0.00122187 0.00304339 0.00435794 -0.00590407
internal_weight=586069 583673 583271 581724 581223 580101 182715 397385 391335 171500 12955.2 11384.3 158545 11215.3 380546 268317 143283 104172 59281.5 56302.5 1218.34 125034 42128.6 82905.4 15934.1 19183 112230 77542.2 68397 8428.57
internal_count=1509239 1491884 1490344 1486971 1483247 1477214 483775 993439 980139 422954 30472 25894 392482 60821 950831 668783 315624 202532 133756 100073 3582 353159 116745 236414 26175 63585 282048 205620 178288 18484
cat_boundaries=0 2 4 5 6
cat_threshold=2748056321 1 2818975616 1 25169921 2307130442
is_linear=0
shrinkage=0.03


Tree=182
num_leaves=31
num_cat=5
split_feature=114 112 51 124 131 114 78 114 100 51 114 100 128 124 51 116 116 65 130 51 114 106 128 116 131 128 43 128 47 106
split_gain=1537.87 516.265 856.577 1559.51 940.894 745.43 735.7 664.753 758.802 818.009 726.832 1403.93 1170.6 918.102 786.339 781.358 835.489 1558.87 677.666 640.208 637.383 1080.09 1081.93 1348.05 1102.64 996.684 1069.58 949.439 885.372 886.335
threshold=0 -1.0000000180025095e-35 1683.5000000000002 11.500000000000002 42.500000000000007 1 7.0454545021057138 2 -237.64792633056638 422.50000000000006 3 -7968.9999999999991 1.0000000180025095e-35 9.5000000000000018 289.50000000000006 177.50000000000003 262.50000000000006 5.5000000000000009 27.500000000000004 64.500000000000014 4 0.058932060375809676 8.5000000000000018 383.00000000000006 832.50000000000011 2.5000000000000004 8.5000000000000018 6.5000000000000009 5.5000000000000009 0.40238095819950109
decision_type=9 2 2 2 2 9 10 9 10 2 9 10 2 2 2 8 8 2 2 2 9 2 2 10 2 2 2 2 10 2
left_child=-1 2 7 4 5 -4 -3 -2 10 20 11 14 18 -12 19 -15 17 -17 -13 -9 28 22 23 27 25 -25 -27 -22 29 -10
right_child=1 6 3 -5 -6 -7 -8 8 9 -11 13 12 -14 15 -16 16 -18 -19 -20 -21 21 -23 -24 24 -26 26 -28 -29 -30 -31
leaf_value=-0.029684037933080849 -0.014549706164602633 0.00089631739532372719 0.022187856528005229 0.059512784152979163 0.014738501487707086 -0.014013011234976109 -0.015363254108195269 0.030614101078477444 -0.001569617063738375 -0.0063488279607019325 -0.0043504240070060774 0.017975678403097883 -0.0005382645478104553 -0.0035655905900639569 -0.0088476598885745134 0.057479713216229508 0.0045088182400741285 0.0090780469476018835 -0.017340965463972319 0.080156874798269731 -0.0020347041648520695 -0.007656004814205415 -0.0089101491757623084 0.0070714368562564099 -0.016262938848966287 0.042545986350534477 -0.015536044159208034 0.01942553793611472 0.036987127625161119 0.0063316797929276322
leaf_weight=1551.2583322919672 3371.1819645508658 342811.35225947341 618.68074841797352 499.14513169229031 4077.1680280640721 2587.67129034549 2512.9772855928168 825.19656032044441 45751.836708414368 34468.797633256763 24939.588063958567 5658.1988502265885 15138.081319371238 5957.5449465943966 298.88630099594593 856.63571585714817 6700.4080218647141 1954.1357336491346 527.29813234321773 332.87473707087338 21598.194457529578 28267.366125416011 9154.1500067268498 2178.2159544937313 789.59357097744942 2149.6886527100578 323.57363974303007 2019.6954892063513 598.8343846462667 17717.257882937789
leaf_count=74858 41580 838934 1565 4140 11240 5839 15750 4793 93449 53023 56689 17330 51238 14611 869 2955 19616 3732 3605 1578 47712 52685 18296 4806 1430 9168 434 6061 2142 49152
internal_value=-4.42714e-05 3.53809e-05 -0.00103534 0.00874784 0.00519206 -0.0069552 0.000777553 -0.00136448 -0.00116839 -0.00223888 0.00162693 0.00590944 0.00395708 -0.000789511 0.034302 0.00495019 0.0102824 0.0239808 0.0149419 0.0454189 -0.00115333 -0.00321066 7.80015e-05 0.00291154 0.0163589 0.0219195 0.0349152 -0.000192076 0.000981991 0.000636663
internal_weight=586235 584684 239360 7782.67 7283.52 3206.35 345324 231577 228206 165017 63188.8 22780.5 21323.6 40408.3 1456.96 15468.7 9511.18 2810.77 6185.5 1158.07 130548 66480.5 38213.1 29059 5441.07 4651.48 2473.26 23617.9 64067.9 63469.1
internal_count=1509280 1434422 579738 22784 18644 7404 854684 556954 515374 338358 177016 79413 72173 97603 7240 40914 26303 6687 20935 6371 285335 140592 87907 69611 15838 14408 9602 53773 144743 142601
cat_boundaries=0 1 2 3 4 5
cat_threshold=133120 262400 533008 66724 295236
is_linear=0
shrinkage=0.03


Tree=183
num_leaves=31
num_cat=4
split_feature=114 112 51 124 54 97 103 99 114 100 51 113 54 116 52 100 114 98 98 97 54 112 54 114 97 131 131 131 100 97
split_gain=1498.61 504.288 834.893 1390.59 1666.96 844.984 775.483 740.397 676.188 723.767 785.72 800.036 947.835 894.748 1065.45 852.599 873.969 851.018 1383.25 741.836 885.461 991.389 715.237 900.139 996.136 858.327 856.815 748.898 694.02 665.202
threshold=0 -1.0000000180025095e-35 1683.5000000000002 13.500000000000002 5479.5000000000009 2303.5000000000005 16.500000000000004 0.96073412895202648 1 -246.92572021484372 463.50000000000006 0.25000000000000011 5611.5000000000009 190.00000000000003 1169.5000000000002 388.42846679687506 2 982.95401000976574 898.20443725585949 2256.5000000000005 5057.5000000000009 -0.93301269412040699 1787.5000000000002 3 68.500000000000014 557.50000000000011 21.500000000000004 2529.5000000000005 -972.99230957031239 908.50000000000011
decision_type=9 2 2 2 2 10 2 10 9 10 2 2 2 10 2 10 9 10 10 10 2 2 2 9 10 2 2 2 8 10
left_child=-1 2 8 5 -5 7 -3 -4 -2 22 29 13 -13 14 17 16 -14 18 -12 20 21 -16 27 24 25 -24 28 -10 -25 -11
right_child=1 6 3 4 -6 -7 -8 -9 9 10 11 12 15 -15 19 -17 -18 -19 -20 -21 -22 -23 23 26 -26 -27 -28 -29 -30 -31
leaf_value=-0.029671793261840294 -0.014601612637909673 0.00077563877314931707 -0.022858825525245471 0.011936174834296409 0.14263728840209683 0.026388311582438574 0.038742023289302006 0.0055713516317220987 0.0046255521008239237 -0.0022470943577456094 -0.0086848182254461483 -0.0040113784699287386 0.048530358032415892 -0.01907786769660641 -0.0030355352843719988 -0.017596998623818721 0.0014623918471414431 -0.021378816291301585 0.036164890324319056 -0.016203569191028999 -0.014776559099075761 0.04592408933796658 0.02263232931485791 0.034099370255710491 0.0013891065304348432 0.10272414957720098 -0.013605017699398432 -0.01042590614945745 -0.0017109841309889554 0.0028404764500360824
leaf_weight=1506.1024846502114 3364.045980555471 344563.75446239696 977.92799309082329 216.65638785436749 140.06204294227064 1442.9807372838259 474.87667394429445 4971.5229952409863 42722.508855638094 104295.32772765867 4700.778007529676 11065.641073709354 868.96436075866222 6729.7540867552161 555.6787411570549 438.86316809989512 604.33817341923714 3757.441898971796 702.56549945101142 704.22912941873074 524.34478488564491 1110.2852445468307 581.66640669200569 565.63308157538995 3476.2714913813397 145.0603115176782 7993.9183299471624 3188.4348149006255 3160.8370929076336 29711.39631157415
leaf_count=74888 41774 852357 4909 2003 1198 4193 2586 10437 113520 227969 5905 17882 2878 8242 866 736 973 4386 1946 971 677 3440 4280 1814 12337 1291 20189 13574 7472 63572
internal_value=1.79869e-05 9.56008e-05 -0.00096445 0.00871519 0.0657449 0.00587816 0.000829013 0.000867688 -0.00128957 -0.0010915 -0.00212473 -0.00636632 -0.000636939 -0.0103221 -0.00542246 0.0188101 0.0297005 -0.0104338 -0.00279724 0.0104189 0.0190133 0.029673 0.0016782 -0.00379881 0.00808952 0.0397966 -0.00806532 0.00357821 0.00380131 -0.00111897
internal_weight=585262 583756 238717 7749.15 356.718 7392.43 345039 5949.45 230968 227604 165770 31762.9 12977.8 18785.1 12055.3 1912.17 1473.3 9160.79 5403.34 2894.54 2190.31 1665.96 61834.3 15923.4 4203 726.727 11720.4 45910.9 3726.47 134007
internal_count=1509265 1434377 579434 22740 3201 19539 854943 15346 556694 514920 340443 48902 22469 26433 18191 4587 3851 12237 7851 5954 4983 4306 174477 47383 17908 5571 29475 127094 9286 291541
cat_boundaries=0 1 2 3 4
cat_threshold=133120 533008 263200 65700
is_linear=0
shrinkage=0.03


Tree=184
num_leaves=31
num_cat=6
split_feature=114 102 34 42 97 23 99 114 101 67 114 98 97 97 52 52 99 52 114 97 97 97 58 98 97 51 114 114 67 128
split_gain=1443.26 626.873 476.921 494.783 476.266 912.643 1069.9 1727.64 1387.22 1243.64 1048.66 938.462 878.179 1466.78 1626.56 1442.97 1869.44 1077.91 1007.4 899.382 875.069 1147.61 1170.37 848.936 978.556 882.927 1326.13 1037.14 996.454 983.745
threshold=0 11.500000000000002 1.5000000000000002 1.5000000000000002 305.50000000000006 10.500000000000002 0.612429440021515 1 1.5000000000000002 7.5000000000000009 2 1318.1143798828127 2033.0000000000002 1679.5000000000002 1548.5000000000002 1703.5000000000002 0.72788283228874218 1352.5000000000002 3 4009.0000000000005 335.50000000000006 350.50000000000006 1.0000000180025095e-35 809.56234741210949 261.50000000000006 1172.5000000000002 4 5 72.500000000000014 2.5000000000000004
decision_type=9 2 2 2 10 2 10 9 2 2 9 10 10 10 2 2 10 2 9 10 10 10 2 10 10 2 9 9 2 2
left_child=-1 2 4 -4 23 6 7 10 12 -10 -6 -9 13 -8 17 16 -14 -15 -19 -17 -11 22 -22 25 -25 27 -27 28 -2 -29
right_child=1 -3 3 -5 5 -7 8 11 9 20 -12 -13 15 14 -16 19 -18 18 -20 -21 21 -23 -24 24 -26 26 -28 29 -30 -31
leaf_value=-0.029655268968208939 0.00062997080913743141 0.015426394054787067 -0.001101593711795886 0.0081345951735171396 -0.004200176387767587 0.023854266470313423 0.0012695450362391982 -0.00023835262490695211 0.043067741132224988 -0.007039238947766536 -0.017695526154997032 0.008737614099703462 0.0098131628714871223 0.014163179554877401 -0.0043154391684790613 0.0060226102692636837 -0.026054859490693298 0.014447076993156774 0.06233198247433927 -0.015691235430511256 0.032600782995511994 -0.0057087355662515764 -0.0089411077310744876 -0.0038832610633943235 -0.020706760284967068 0.018292145739835276 -0.0019259502252182222 1.468315085924311e-05 -0.0092459966330980768 -0.0077729546986330189
leaf_weight=1459.2636065315455 175888.89290514635 2355.7556582465768 8870.2413730116095 12667.430064491462 46696.557982768863 1507.9727415256202 126677.15024229605 48815.751038905233 1122.4000322073698 2112.0643226578832 5815.4807194587775 13340.095937980339 1804.8585467748344 6747.7127395272255 3717.903837970458 8735.4978336044587 4696.613757442683 746.59207782894373 895.71408811956644 2126.198877023533 3109.7965380400419 1595.7727278769016 754.19369088113308 18469.132994006388 3734.0600166469812 5413.6401654297952 6309.8922369675711 25548.707731483271 9691.9097904339433 34051.690790739842
leaf_count=74744 440418 17505 23036 54457 77890 5033 229988 83430 4049 4586 14910 35008 4208 14359 5959 20733 4230 1697 3555 7514 17228 3034 1182 76391 5415 19801 26872 102467 17777 110786
internal_value=-6.00672e-05 1.4895e-05 -4.77859e-05 0.00433195 -0.000216267 0.000655532 0.000529524 -0.00169579 0.00207751 0.0137336 -0.0057009 0.00168892 0.00142767 0.0022235 0.0121949 -0.00493114 -0.0160978 0.0195076 0.0412474 0.00176156 0.00933422 0.0156694 0.0244903 -0.00109403 -0.00672063 -0.000607499 0.00743185 -0.000992194 0.000113724 -0.00443447
internal_weight=585479 584020 581664 21537.7 560126 281018 279510 114668 164842 8694.23 52512 62155.8 156148 138785 12107.9 17363.2 6501.47 8390.02 1642.31 10861.7 7571.83 5459.76 3863.99 279108 22203.2 256905 11723.5 245181 185581 59600.4
internal_count=1508262 1433518 1416013 77493 1338520 538593 533560 211238 322322 30079 92800 118438 292243 255558 25570 36685 8438 19611 5252 28247 26030 21444 18410 799927 81806 718121 46673 671448 458195 213253
cat_boundaries=0 1 2 3 4 5 6
cat_threshold=133120 271536 263296 33184 10032 376964
is_linear=0
shrinkage=0.03


Tree=185
num_leaves=31
num_cat=0
split_feature=121 121 58 112 100 131 121 103 54 54 78 97 78 103 97 97 97 53 97 54 54 131 130 70 97 67 97 53 69 52
split_gain=527.541 843.353 538.975 468.851 738.008 665.487 788.195 633.962 629.727 698.255 825.761 1009.09 624.063 600.14 573.294 2750.41 1083.5 780.399 779.449 648.58 710.513 646.039 752.575 643.513 630.971 1634.25 889.678 1177.39 855.823 753.586
threshold=517.50000000000011 407.50000000000006 4.5000000000000009 -1.0000000180025095e-35 -257.13346862792963 2529.5000000000005 194.50000000000003 16.500000000000004 1821.5000000000002 3705.5000000000005 9.6333336830139178 71.500000000000014 7.0454545021057138 2.5000000000000004 891.00000000000011 1032.5000000000002 545.50000000000011 3459.5000000000005 357.50000000000006 970.50000000000011 1412.5000000000002 5.5000000000000009 51.500000000000007 19.500000000000004 61.500000000000007 7.5000000000000009 47.500000000000007 1429.5000000000002 79.500000000000014 946.50000000000011
decision_type=2 2 2 2 8 2 2 2 2 2 8 10 10 2 10 10 10 2 10 2 2 2 2 2 10 2 10 2 2 2
left_child=1 2 3 4 5 6 8 12 14 -10 11 -11 -5 -12 16 -16 18 -17 24 23 -21 -18 -23 -20 25 26 27 -1 29 -27
right_child=-2 -3 -4 7 -6 -7 -8 -9 9 10 13 -13 -14 -15 15 17 21 -19 19 20 -22 22 -24 -25 -26 28 -28 -29 -30 -31
leaf_value=-0.026782802483924967 0.033510246632392909 -0.022208585534878224 0.015130114640742581 0.0006634005647217472 -0.0021168651580758006 -0.010953039781205662 0.040256083084428344 0.036210469496316337 -0.0083108688085166277 0.11678068769022526 -0.0006889491292979492 0.01615386734262049 -0.014448094529067538 0.03374390427235513 0.074596183317790832 0.011187345267572401 0.012238704019631902 -0.014275657297287477 0.045893445624519892 -0.015457335889095843 0.027289533460468716 -0.019829079501056016 0.010302260992239494 0.010587304113687464 -8.0993901561372543e-05 0.02558861752207283 0.034096522116354958 0.011158273151404005 -0.017083294254191052 0.072140782518312949
leaf_weight=1626.545597053133 410.26024067553226 1540.6324271275662 2086.1556470654905 340208.84696983208 176890.74678541743 3524.317465249449 482.24204425234348 439.37071318924427 9180.763214933686 110.78234580997378 7963.7743930676952 365.00305347517133 2467.475317094475 473.18376203998923 566.77303356677294 5848.7658224683255 1022.1158178336918 1319.9864815087058 1036.5914292726666 792.72363519668579 610.6022832095623 3817.6352345440537 919.94637141376734 849.28634391911328 16350.449808164034 2536.1985362172127 474.99911213107407 1330.0497822000179 361.32798554003239 352.76833849214017
leaf_count=1722 1581 3389 13585 864193 456496 14055 1598 2228 18065 1481 17236 4192 15785 1367 2382 12690 2500 4143 3288 935 1620 4823 1894 2275 37210 6357 3346 5926 618 2050
internal_value=-8.93794e-05 -0.000113493 -5.48258e-05 -0.000109522 -0.00113021 0.00168848 0.00245321 0.000600883 0.00213151 -0.00250832 0.00347133 0.0415056 0.00055417 0.00127987 0.00424005 0.0115657 0.0024706 0.00648547 0.00504987 0.0186885 0.00320377 -0.00930485 -0.0139688 0.0301334 0.0030949 0.0108547 -0.00358609 -0.00973461 0.0260653 0.0315023
internal_weight=585960 585550 584009 581923 238808 61916.8 58392.5 343116 57910.3 18093.5 8912.74 475.785 342676 8436.96 39816.8 7735.53 32081.2 7168.75 26321.5 3289.2 1403.33 5759.7 4737.58 1885.88 23032.3 6681.89 3431.59 2956.6 3250.29 2888.97
internal_count=1509030 1507449 1504060 1490475 608269 151773 137718 882206 136120 42341 24276 5673 879978 18603 93779 19215 74564 16833 65347 8118 2555 9217 6717 5563 57229 20019 10994 7648 9025 8407
is_linear=0
shrinkage=0.03


Tree=186
num_leaves=31
num_cat=4
split_feature=114 103 57 49 128 116 54 120 127 121 114 66 69 121 100 59 121 128 128 128 100 57 121 128 124 131 53 121 64 116
split_gain=1416.16 452.149 902.454 737.558 750.928 708.977 614.314 527.511 1318.96 811.437 983.114 1464.48 1076.63 695.309 639.312 625.984 678.913 578.766 1136.54 971.728 902.346 830.023 568.518 591.63 524.779 536.536 573.707 600.848 522.965 651.73
threshold=0 4.5000000000000009 1 -0.66382446885108937 9.5000000000000018 153.50000000000003 1039.5000000000002 23.500000000000004 9.5000000000000018 211.50000000000003 2 97.500000000000014 6.5000000000000009 407.50000000000006 785.89611816406261 3.5000000000000004 354.50000000000006 38.500000000000007 26.500000000000004 48.500000000000007 265.17909240722662 3 163.50000000000003 33.500000000000007 1.0000000180025095e-35 557.50000000000011 84.500000000000014 47.500000000000007 26.500000000000004 56.500000000000007
decision_type=9 2 9 10 2 8 2 2 2 2 9 2 2 2 8 2 2 2 2 2 8 9 2 2 2 2 2 2 2 8
left_child=-1 7 6 4 5 -4 -3 8 13 10 11 12 24 15 -10 16 17 18 -2 20 -19 22 23 -20 -9 26 -26 -28 29 -17
right_child=1 2 3 -5 -6 -7 -8 9 14 -11 -12 -13 -14 -15 -16 28 -18 19 21 -21 -22 -23 -24 -25 25 -27 27 -29 -30 -31
leaf_value=-0.029642937798255945 -4.2103342885399666e-05 -0.019467696546063649 -0.0071252107461957986 0.015194775256041574 -0.014085930655134509 0.015232488118585382 0.0026228866057354614 0.004453280776443312 -0.006446883216770785 -0.0094268414686281259 -0.0056650518140027957 -0.048366079398032676 0.0043131525402932552 -0.029295926477007374 -0.024967532806862352 -0.012787116112625105 0.029620694243803522 0.036973440805279929 -0.00089681743571246779 -0.017217111034356716 -0.0087133750665223629 -0.020298418223703114 -0.016373346039747994 0.032368070644741259 0.018964976284688365 0.015544236383949301 0.014200188878186989 0.058155067947468386 -0.023852876111491915 0.019889418062449909
leaf_weight=1425.034423001809 518867.84038620628 1994.0900657996535 1963.0279192775488 7092.0000464208424 1982.5968311727047 3614.586349055171 2601.7886352371424 1284.9081168216653 4961.5990571593866 3112.3847531890497 4090.7973780324683 352.54157693684101 6611.1157167670317 721.38648761063814 2532.3478307053447 651.76361327618361 680.02418894227594 1418.1321653816849 2536.9919072305784 665.3989841863513 530.21123341843486 4287.9093318805099 1635.3860388807952 583.68150649964809 1147.9955340623856 2392.3722532032989 380.6385241295211 1136.995419755578 339.76415365189314 3292.4619433991611
leaf_count=75051 1260168 4351 3170 32381 2680 9331 7674 3079 9758 6715 8641 496 15431 1051 5296 1945 1957 4624 4652 1262 1035 8752 2152 1638 3630 9590 967 4731 1620 15422
internal_value=1.90717e-05 9.25307e-05 0.00461283 0.00824681 0.00172857 0.00736508 -0.00696825 -6.17561e-05 -0.000239955 0.00466004 0.00718414 0.0111315 0.0127954 -6.5159e-05 -0.0127303 -2.52344e-05 -0.000117452 -0.000156127 -0.000225978 0.013899 0.0245595 -0.0107635 -0.00209552 0.00540847 0.0216156 0.025958 0.0352112 0.0472958 0.0113831 0.0144711
internal_weight=584888 583463 19248.1 14652.2 7560.21 5577.61 4595.88 564215 543705 20509.7 17397.4 13306.6 12954 536211 7493.95 535490 531206 530526 527912 2613.74 1948.34 9043.97 4756.06 3120.67 6342.91 5058 2665.63 1517.63 4283.99 3944.23
internal_count=1509250 1434199 59587 47562 15181 12501 12025 1374612 1321332 53280 46565 37924 37428 1306278 15054 1305227 1286240 1284283 1277362 6921 5659 17194 8442 6290 21997 18918 9328 5698 18987 17367
cat_boundaries=0 1 2 3 4
cat_threshold=133120 562565129 312068 536907968
is_linear=0
shrinkage=0.03


Tree=187
num_leaves=31
num_cat=0
split_feature=121 121 121 116 116 65 54 66 97 59 68 64 124 97 116 116 116 51 98 97 100 55 98 97 93 53 55 55 69 124
split_gain=499.384 834.595 484.409 480.917 793.764 777.851 681.984 678.748 633.397 523.658 771.846 963.226 879.336 552.871 976.282 1208.06 1023.93 1155.65 781.479 770.454 685.642 791.653 671.899 694.754 661.463 649.843 760.876 636.935 661.598 807.449
threshold=525.50000000000011 407.50000000000006 396.50000000000006 20.500000000000004 46.000000000000007 20.500000000000004 3463.5000000000005 51.500000000000007 13.500000000000002 3.5000000000000004 51.500000000000007 26.500000000000004 32.500000000000007 335.50000000000006 130.50000000000003 132.50000000000003 74.000000000000014 1557.5000000000002 221.67575836181643 92.500000000000014 -775.96478271484364 10.500000000000002 388.40567016601568 227.50000000000003 8739.5000000000018 8116.5000000000009 0.014999999664723875 5.5000000000000009 12.500000000000002 39.500000000000007
decision_type=2 2 2 8 8 2 2 2 8 2 2 2 2 10 8 8 10 2 10 10 8 10 10 10 2 2 8 10 2 2
left_child=1 2 3 5 6 7 -5 8 -1 13 11 12 -11 14 16 24 17 19 -15 20 -6 -22 23 27 -16 26 -24 28 29 -17
right_child=-2 -3 -4 4 9 -7 -8 -9 -10 10 -12 -13 -14 18 15 22 -18 -19 -20 -21 21 -23 25 -25 -26 -27 -28 -29 -30 -31
leaf_value=0.035406311575306736 0.033503447179086696 -0.021730234999552664 0.027291965397463237 -0.0023627423608119161 0.052088027472327735 -0.033986888219353799 -0.013760720192779265 0.034917803095088767 0.0026456500067948527 0.022497174326468358 -0.022019556617604144 -0.034286247324690919 -0.025207774087814955 0.01320957827049082 -0.01564252732985294 0.0005646118231816136 -0.0092810546806367505 0.039016523906377318 0.00062935332382848782 -0.0068846563563644001 0.0060324580449381392 -0.035485444410932092 -0.024965312605089919 0.0053491588038305652 0.028469112344690527 0.023543284849649456 -0.0031843635206417432 -0.01250578435325002 -0.0031838450599797441 0.011066608648720586
leaf_weight=528.87975462526083 388.04267045331653 1592.6279772736598 572.53435683762655 15391.61197692249 263.61342416703701 491.55737912654877 6810.6673438167199 603.72338475845754 37436.730092551094 3676.927429549396 601.863484993577 334.4479822665453 375.7056098729372 4517.2851474732161 357.49759010225534 93000.081474838662 24459.262005433324 648.66278210561723 241966.34606346744 10328.855173934251 7618.0815063094487 427.11289368988946 1473.7558130202815 22272.630242686719 1903.8982810918242 785.33143020654097 53540.269770818762 3762.0955845701974 41821.227731081308 7081.4436475116527
leaf_count=1631 1462 3575 1755 44139 888 650 20084 2129 102676 19803 1377 1616 817 12977 10059 336373 80093 3148 466731 17027 32505 3439 23311 52279 13407 3055 101587 20312 104073 25824
internal_value=-8.78065e-05 -0.000110674 -5.12481e-05 -7.85926e-05 -0.000309725 0.0031362 -0.00586375 0.00361801 0.00311123 -7.3032e-05 0.00959 0.0139667 0.0180235 -0.000166602 -0.00110508 -0.000310935 -0.00520675 -3.75104e-05 0.000860437 -0.00141694 0.00538021 0.00378699 -0.000531906 0.000415779 0.0214575 -0.00338368 -0.00377228 -0.000338867 -1.54414e-05 0.00130873
internal_weight=585033 584645 583052 582480 543419 39060.9 22202.3 38569.3 37965.6 521216 4988.94 4387.08 4052.63 516227 269744 225998 43745.6 19286.3 246484 18637.7 8308.81 8045.19 223737 167937 2261.4 55799.4 55014 145665 141903 100082
internal_count=1508802 1507340 1503765 1502010 1394924 107086 64223 106436 104307 1330701 23613 22236 20620 1307088 827380 690280 137100 57007 479708 53859 36832 35944 666814 538861 23466 127953 124898 486582 466270 362197
is_linear=0
shrinkage=0.03


Tree=188
num_leaves=31
num_cat=0
split_feature=45 92 98 77 74 72 99 48 131 93 43 74 112 26 73 70 53 116 70 20 70 131 128 69 70 45 112 120 49 116
split_gain=437.993 711.367 582.403 550.718 443.075 424.55 1013.48 683.516 578.625 838.245 998.076 707.691 594.52 904.67 844.523 812.467 1001 981.018 1716.4 786.849 733.87 579.219 685.503 779.783 573.27 561.898 880.109 806.53 491.03 838.409
threshold=1.082300662994385 3716.0000000000005 196.85707092285159 0.0080712325870990771 0.033310217782855041 1465.5000000000002 17.404474258422855 1.3460791110992434 1503.5000000000002 1265.5000000000002 35.500000000000007 0.054685279726982124 0.93301269412040722 5.5000000000000009 0.013212222140282394 20.500000000000004 1754.5000000000002 67.500000000000014 5.5000000000000009 20.500000000000004 68.500000000000014 33.500000000000007 1.5000000000000002 1.5000000000000002 148.50000000000003 1.8212795853614809 1.0000000180025095e-35 2.5000000000000004 1.5258668661117556 350.50000000000006
decision_type=8 2 10 8 2 2 8 10 2 2 2 2 2 2 2 2 2 10 2 2 2 2 2 2 2 8 2 2 8 8
left_child=1 -1 3 -3 -5 7 -7 28 9 10 11 -8 13 25 19 16 -14 18 -18 20 -15 -19 -23 -24 -17 26 27 -11 29 -2
right_child=5 2 -4 4 -6 6 8 -9 -10 12 -12 -13 15 14 -16 24 17 21 -20 -21 -22 22 23 -25 -26 -27 -28 -29 -30 -31
leaf_value=-0.023621637828890402 -0.013867253965313563 0.050067493700481698 0.020112767142709854 -0.012763292093072986 0.010494251583255319 -1.8699991113922529e-05 0.073971353490622421 0.016058596419235828 -0.020277857715530815 0.01424631751178675 -0.016896586417360571 0.005402939624344268 -0.020626643385756153 0.020658067263036463 -0.03540949490826386 -0.02491612168590009 0.025635515360546465 -0.018989740349215248 0.132920985224 0.0079858965786630542 0.10544234239508056 0.0716325901698672 -0.02921721230543519 0.032898822495791916 0.021949207267613919 -0.010682661376626891 -0.030072791779828315 0.10427860673324466 0.0037952178657474117 0.0040757353911955113
leaf_weight=588.58898787759244 4323.4111407996388 187.61820359155536 2984.9303000564687 1534.5969542916864 1400.5349726839922 511646.81086611422 343.59684900101274 3253.6065657202853 2332.3665329470532 278.42070486582816 338.92896309588104 222.32212829310447 580.83955617435277 194.02185832662508 219.25070745497942 1037.0286531785969 586.28470792749431 456.65471643570345 166.89716544165276 639.24902138311882 175.65947854565457 187.46813554596156 290.00736359599978 453.20506671455223 294.43034695251845 17317.981031953124 213.61068224394694 124.82932052668184 26776.405342771439 5097.0970103665022
leaf_count=4671 8044 1908 11354 9200 5712 1087515 1812 17897 42407 2491 6564 759 935 1102 139 6208 3663 2450 1914 9326 1009 1248 1826 2749 1918 195464 2611 1164 62125 12888
internal_value=-6.02902e-06 0.00761665 0.0106607 0.00159049 -0.00166771 -9.45387e-05 -0.000314794 0.00290903 -0.00603958 -0.00465496 0.0235182 0.0475957 -0.00576268 -0.00796987 0.0168459 0.00466758 0.0140477 0.023509 0.050839 0.0284376 0.0626606 0.00841389 0.0219189 0.00859455 -0.0144663 -0.0096777 0.0182563 0.0439655 0.00172296 -0.00416492
internal_weight=584247 6696.27 6107.68 3122.75 2935.13 577550 538100 39450.5 26453.1 24120.7 904.848 565.919 23215.8 19163 1228.18 4052.82 2721.36 2140.52 753.182 1008.93 369.681 1387.34 930.681 743.212 1331.46 17934.8 616.861 403.25 36196.9 9420.51
internal_count=1509073 32845 28174 16820 14912 1476228 1375274 100954 287759 245352 9135 2571 236217 213306 11576 22911 14785 13850 5577 11437 2111 8273 5823 4575 8126 201730 6266 3655 83057 20932
is_linear=0
shrinkage=0.03


Tree=189
num_leaves=31
num_cat=4
split_feature=114 88 103 79 99 44 114 113 74 99 68 54 121 114 97 121 112 114 121 124 121 124 71 124 97 54 98 100 116 100
split_gain=1362.08 451.575 446.261 399.251 460.434 472.658 388.325 857.752 916.285 866.529 840.447 753.677 1395.18 740.568 704.343 702.604 1047.43 1602.68 944.66 1485.16 1068.7 937.225 773.457 779.139 695.196 682.122 801.442 750.89 1071.89 647.322
threshold=0 22.500000000000004 16.500000000000004 -0.024864880368113514 1.4157738089561465 1.0151664018630984 1 -0.25000000000000006 0.17788764834403994 0.82931989431381237 3.5000000000000004 1958.5000000000002 13.500000000000002 2 8616.5000000000018 14.500000000000002 0.93301269412040722 3 5.5000000000000009 17.500000000000004 2.5000000000000004 1.5000000000000002 718.50000000000011 3.5000000000000004 2686.5000000000005 189.50000000000003 344.91575622558599 -171.1384582519531 478.50000000000006 -2108.0378417968745
decision_type=9 2 2 8 10 10 9 2 2 10 2 2 2 9 10 2 2 9 2 2 2 2 2 2 8 2 10 10 8 10
left_child=-1 2 3 4 5 -2 14 8 9 -8 -10 25 -13 -14 29 16 24 -18 20 -20 21 -19 23 -17 -9 -11 -27 -28 -29 -5
right_child=1 -3 -4 6 -6 -7 7 15 10 11 -12 12 13 -15 -16 22 17 18 19 -21 -22 -23 -24 -25 -26 26 27 28 -30 -31
leaf_value=-0.029630087607613782 0.005845098451375156 -0.026256843189209903 0.025392976933496028 0.0042506687289660958 -0.011537685899890109 0.03927926652068274 -0.013981877298223516 0.0049405127095963602 0.028809797055280542 -0.01975791090952668 -0.0077816436831890318 -0.021185379960411921 0.023516859861739531 -0.021313918564908468 0.030206090259196208 -0.0040420970777889564 -0.018275178349594638 0.041122159668898532 0.02578335300071042 0.10344301572595066 -0.015951711301056781 -0.00305389472716425 0.024187049274842658 -0.025984170754368867 -0.00589181232327253 -0.013700275696965187 0.03037437919231498 0.016943540926914344 -0.032972689382285883 -5.6449068526039221e-05
leaf_weight=1375.2832474035677 821.60278744227253 576.8416050625965 615.79160104691982 33567.779390695039 499.16093017393723 705.63354423129931 11821.003085680772 12636.449623318389 1193.2184393291827 810.93235426093452 1058.5219056543428 3500.244929196313 1252.9055504798889 432.32408047933131 696.06727748736739 6175.239864757983 967.71161272120662 1305.7419582726434 784.27539043175057 304.8157271342352 720.29023927822709 641.72736200410873 666.06957144988701 1898.0904261714313 9209.4825496838894 1011.1707962746732 1772.4160427264869 1411.2027609739453 522.23150362540036 485156.56994558312
leaf_count=74997 3475 3731 3080 143070 3095 6100 76656 30373 4885 1842 3336 5642 3383 2011 2454 18683 4521 5661 3059 1830 2469 1771 5192 8461 71891 3991 6626 3375 686 1002365
internal_value=-2.46282e-05 4.6257e-05 7.27713e-05 4.55237e-05 0.0133058 0.0214478 -1.07223e-06 -0.00228374 -0.00656074 -0.00838482 0.0116502 -0.00220184 -0.0104075 0.0119712 0.000263107 0.000718902 0.00314595 0.0159382 0.024759 0.0482622 0.0151121 0.0266241 -0.00665524 -0.00922658 0.000373376 0.00550034 0.00987526 0.0163276 0.0033606 0.00022235
internal_weight=584111 582736 582159 581543 2026.4 1527.24 579516 60096.1 24786.2 22534.4 2251.74 10713.4 5185.47 1685.23 519420 35309.9 26570.5 4724.56 3756.85 1089.09 2667.76 1947.47 8739.4 8073.33 21845.9 5527.95 4717.02 3705.85 1933.43 518724
internal_count=1508711 1433714 1429983 1426903 12670 9575 1414233 266344 112433 104212 8221 27556 11036 5394 1147889 153911 121575 19311 14790 4889 9901 7432 32336 27144 102264 16520 14678 10687 4061 1145435
cat_boundaries=0 1 2 3 4
cat_threshold=133120 378244 32 524352
is_linear=0
shrinkage=0.03


Tree=190
num_leaves=31
num_cat=5
split_feature=114 131 98 43 98 100 112 114 112 99 129 114 128 114 74 131 99 68 131 74 98 52 114 100 68 131 121 127 98 112
split_gain=1300.07 440.899 1058.05 710.521 585.504 1026.68 769.706 538.406 503.783 476.236 475.266 900.845 781.266 915.787 1063.21 901.856 768.265 760.9 755.873 1047.74 746.963 730.291 838.631 754.509 708.005 670.304 964.324 745.154 695.514 669.842
threshold=0 4438.0000000000009 147.13679504394534 155.50000000000003 338.65118408203131 455.15936279296881 -0.68301269412040699 1 0.68301269412040722 4.5109035968780526 1.5000000000000002 2 1.0000000180025095e-35 3 0.75632664561271679 18.500000000000004 5.1822509765625009 2.5000000000000004 14.500000000000002 0.22227940708398822 910.51000976562511 1308.5000000000002 4 -95.717876434326158 3.5000000000000004 395.50000000000006 239.50000000000003 3.5000000000000004 898.20443725585949 0.68301269412040722
decision_type=9 2 10 2 10 10 2 9 2 8 2 9 2 9 2 2 10 2 2 2 8 2 9 10 2 2 2 2 8 2
left_child=-1 3 -3 10 8 -6 -7 -8 -4 -5 12 17 13 14 18 -16 -15 25 -2 21 -19 22 -20 29 -21 -12 27 -27 -29 -23
right_child=1 2 4 9 5 6 7 -9 -10 -11 11 -13 -14 16 15 -17 -18 20 19 24 -22 23 -24 -25 -26 26 -28 28 -30 -31
leaf_value=-0.029607168114030909 0.0084532259903982287 -0.017072233507923733 0.0045626121377121123 0.049348387220061914 -0.013311853548920975 -0.023073928126211455 0.041725908300259094 -0.0047855040751794437 0.033411152392068551 -0.0077626998959915289 0.0046192744556291824 0.00043939563943873436 -0.0014404178151254036 -0.0025086433978098273 -0.012417489928048406 0.012109681705537856 0.017292940547406346 0.0019601839833949613 0.0011643575357161062 0.055957815873418353 -0.024816478899371181 0.0064832831546534891 -0.01426993939173982 -0.014276186872996775 0.00076366308664949068 0.012383638831969869 -0.024722236448589799 0.026302469384708715 0.077892983886040629 0.030852954381402811
leaf_weight=1318.7929183437955 31680.537773617776 4568.5433449090924 2254.8747186586261 425.33757025655359 3766.7998517621309 329.91527247522026 772.68139537423849 314.24160883016884 710.13449445366859 184.71447266731411 13822.754414729774 174568.61971240072 262076.86594683002 41887.436647930648 5668.6645967131481 1760.9427653588355 1830.9694236004725 4594.1880203932524 9571.8492003297433 503.09616121649742 1167.6638167500496 3653.0309112456162 4715.5901561360806 1077.2328755185008 353.58981469832361 6009.1749115735292 501.86372770369053 1829.6371821835637 265.08099005371332 1399.955785962753
leaf_count=74508 86736 32461 4675 7427 10955 1175 2300 4558 2209 6150 32314 442497 589043 96982 12754 4584 4809 12310 17304 1858 1073 12430 6160 1874 743 22223 533 6755 1151 5182
internal_value=-7.81868e-05 -1.02897e-05 -0.00553266 0.000113112 0.00095 -0.00513004 0.016563 0.0286947 0.0115611 0.0322097 7.81301e-05 0.00124333 -0.000567075 0.00163147 0.00402499 -0.00659567 -0.00167519 0.00621742 0.0055168 0.00114213 -0.00349982 -0.000229102 -0.00394534 0.00842449 0.0334486 0.00871698 0.0152858 0.0177909 0.0331702 0.0132826
internal_weight=583585 582266 12717.2 569549 8148.65 5183.64 1416.84 1086.92 2965.01 610.052 568939 202759 366180 104103 60384.5 7429.61 43718.4 28190.4 52954.9 21274.3 5761.85 20417.7 14287.4 6130.22 856.686 22428.5 8605.76 8103.89 2094.72 5052.99
internal_count=1505733 1431225 58333 1372892 25872 18988 8033 6858 6884 13577 1359315 518856 840459 251416 149625 17338 101791 76359 132287 45551 13383 42950 23464 19486 2601 62976 30662 30129 7906 17612
cat_boundaries=0 1 2 3 4 5
cat_threshold=133120 49152 262272 328988 262404
is_linear=0
shrinkage=0.03


Tree=191
num_leaves=31
num_cat=6
split_feature=114 57 100 128 120 57 66 114 124 113 49 49 71 71 114 113 68 74 75 68 97 124 114 121 112 74 97 75 128 75
split_gain=1283.99 427.799 461.733 439.176 656.232 754.659 835.66 695.965 662.716 1636.18 1063.89 818.006 725.811 709.712 658.144 726.486 1155.69 775.497 1257.78 795.679 694.677 647.179 947.734 1090.69 1449.71 2878.42 923.376 879.549 973.131 829.623
threshold=0 1 35.639797210693366 19.500000000000004 1.0000000180025095e-35 2 42.500000000000007 3 152.50000000000003 -0.93301269412040699 1.7869992852211001 0.35869036614894872 146.50000000000003 290.50000000000006 4 0.68301269412040722 1.0000000180025095e-35 0.066697563976049437 0.036094209179282195 1.5000000000000002 264.50000000000006 9.5000000000000018 5 1.5000000000000002 -0.93301269412040699 0.044423885643482215 1875.0000000000002 1.4253836870193484 16.500000000000004 0.019843311049044136
decision_type=9 9 10 2 2 9 2 9 2 2 10 8 2 2 9 2 2 2 2 2 8 2 9 2 2 2 8 2 2 2
left_child=-1 2 -2 21 7 8 14 -5 10 12 11 -6 -10 -14 15 17 -17 -7 19 -19 -18 -3 27 24 25 -24 -26 29 -29 -23
right_child=1 3 -4 4 5 6 -8 -9 9 -11 -12 -13 13 -15 -16 16 20 18 -20 -21 -22 22 23 -25 26 -27 -28 28 -30 -31
leaf_value=-0.02960003005727823 0.022757653819945031 -0.00033450178005449259 0.0012914774772033561 0.012962153723728501 -0.010151610838963191 -0.011884694112624548 -0.033951560840540296 -0.022609069082723653 -0.0027057509405358595 -0.010783392602185698 -0.011516574899368529 0.016533218319366244 0.048691779088522326 0.0019587549830039968 -0.010254164379839092 0.036851909223852647 -0.022808643594589298 0.0088871808050520334 -0.0031937119386099035 0.055996916135351384 0.01984107680821038 -9.3845836209717538e-05 0.18132325643766128 -0.011007658103578547 0.020401437109704015 -0.029812672745428873 -0.011783022038430829 -0.0027275299107703196 0.015006772664238404 0.0061342315957121189
leaf_weight=1291.4537479047431 1543.3306935906876 390614.25966141303 2153.2466709772125 600.8116225162521 1204.3258452890441 5095.8411266894545 873.28505987208337 2574.9273362189997 822.20884022116661 6591.4725952669978 2040.5856827851385 7050.2059769215994 871.3923182040453 439.00342205166817 9535.7096379671711 1133.4676012953278 766.371048418805 728.25963043048978 4752.9178982134908 575.98718157410622 607.03282998548821 27097.008497998118 112.11412131041288 9418.0245748965535 1520.0750239009503 106.23346600565128 1677.2215990843251 32544.862285537645 3035.2902704384178 66452.837682117941
leaf_count=74954 5885 947064 4878 2226 1703 16206 1671 3068 1383 9174 3375 16715 2909 876 18793 4151 1375 1694 12574 2390 1667 50011 1695 46546 4796 915 14226 68624 8024 181347
internal_value=5.0791e-05 0.000117538 0.0102632 5.23941e-05 -0.00275098 -0.00177912 -0.00530616 -0.0158901 0.00268619 -0.00339383 0.00783929 0.0126324 0.0193896 0.0331689 -0.00421581 1.13571e-05 0.0145711 -0.00327136 0.00398261 0.0299598 -0.00395067 0.000295965 0.0020306 -0.00573909 0.008761 0.0817915 0.00353418 0.00280341 -0.00121085 0.00433043
internal_weight=583830 582538 3696.58 578842 46263.8 43088.1 24068.9 3175.74 19019.2 8724.08 10295.1 8254.53 2132.6 1310.4 23195.6 13659.9 2506.87 11153 6057.16 1304.25 1373.4 532578 141964 12833.7 3415.64 218.348 3197.3 129130 35580.2 93549.8
internal_count=1510915 1435961 10763 1425198 101950 96656 60521 5294 36135 14342 21793 18418 5168 3785 58850 40057 7193 32864 16658 4084 3042 1323248 376184 68178 21632 2610 19022 308006 76648 231358
cat_boundaries=0 1 2 3 4 5 6
cat_threshold=133120 69304328 13376 262348 328516 320780
is_linear=0
shrinkage=0.03


Tree=192
num_leaves=31
num_cat=3
split_feature=114 29 88 55 116 45 115 49 99 93 43 57 98 112 127 114 116 106 102 116 68 123 65 53 65 112 65 131 103 69
split_gain=1240.4 469.869 449.469 383.517 454.144 375.366 602.641 525.167 563.749 646.659 440.031 370.064 528.431 432.167 681.297 389.524 462.408 436.442 367.66 416.505 426.175 720.658 386.916 525.587 454.35 1081.81 836.623 1081.09 575.317 403.229
threshold=0 5.5000000000000009 22.500000000000004 12.500000000000002 2.5000000000000004 0.9803883731365205 1.0000000180025095e-35 2.3138338327407841 3.802580833435059 3719.5000000000005 2.5000000000000004 1 1637.491882324219 0.25000000000000011 1.0000000180025095e-35 2 262.50000000000006 0.071175280958414092 11.500000000000002 132.50000000000003 10.500000000000002 1.5000000000000002 34.500000000000007 46.500000000000007 24.500000000000004 0.93301269412040722 23.500000000000004 3.5000000000000004 1.5000000000000002 3.5000000000000004
decision_type=9 2 2 10 8 8 2 10 10 2 2 9 10 2 2 9 10 2 2 8 2 2 2 2 2 2 2 2 2 2
left_child=-1 2 3 5 -5 6 7 8 -2 -10 -8 12 13 14 -7 16 -15 -17 22 -20 21 -21 24 -24 26 29 -13 -28 -27 -26
right_child=1 -3 -4 4 -6 11 10 -9 9 -11 -12 18 -14 15 -16 17 -18 -19 19 20 -22 -23 23 -25 25 28 27 -29 -30 -31
leaf_value=-0.029579170892083326 0.0048058376617121186 0.020827778689203946 -0.026205207370500347 0.025273489323867668 -0.014634967230422093 0.021185816612601136 0.0080640013130543042 -0.019758981851239921 0.0033975428148692393 0.092176717080608692 0.052567224383037923 -6.8211848115911052e-05 -0.019073523326738784 0.017736807025781991 -0.0074391918285055909 0.046890949960353437 -0.016709617004151231 0.013416740901277369 0.026388848226377177 -0.048005729850524967 0.030813205439323903 0.0086338463435701104 0.013791409050529219 -0.020932819784558514 0.0054509283077273435 0.0037478416878463112 -0.067881806883705639 0.0010484031558269313 -0.04919082340792804 0.026680836363828783
leaf_weight=1252.0967759032501 4342.5453729014844 970.44304317235947 576.59060243424028 275.14037863397971 2631.2103438579943 1106.4228905672207 384.14204183407128 724.1628465950489 149.65163243282586 137.30862627830356 416.91354420641437 555625.06796178943 633.91874144831672 1162.527235743124 2260.0442965633702 659.20109113468789 491.37680654413998 760.27854491025209 998.34154458343983 292.00493752211332 295.85900880396366 604.54801082611084 506.16980678588152 1648.3337341248989 1442.3349604904652 365.27827727794647 365.43149510025978 449.85396083444357 361.14952531456947 1830.9833418950438
leaf_count=75057 14073 7249 3748 1341 28633 4590 937 9779 1424 841 1648 1299681 1044 4022 5763 3280 1427 2384 8823 823 1963 4464 2697 3336 6366 1396 358 2021 739 9086
internal_value=1.24542e-05 7.70788e-05 4.20924e-05 6.85947e-05 -0.0107832 0.000123345 0.0074865 0.00382801 0.0075522 0.0475513 0.0315885 4.39682e-05 0.0068534 0.0094418 0.00200358 0.0175564 0.00741923 0.0289786 -4.15583e-05 0.0121965 0.000193313 -0.0101396 -8.94301e-05 -0.0127488 -4.05368e-05 0.0100218 -0.000113045 -0.030296 -0.0228816 0.0173713
internal_weight=583719 582467 581497 580920 2906.35 578014 6154.72 5353.67 4629.51 286.96 801.056 571859 7073.77 6439.85 3366.47 3073.38 1653.9 1419.48 564785 2190.75 1192.41 896.553 562595 2154.5 560440 3999.75 556440 815.285 726.428 3273.32
internal_count=1508993 1433936 1426687 1422939 29974 1392965 28702 26117 16338 2265 2585 1364263 22510 21466 10353 11113 5449 5664 1341753 16073 7250 5287 1325680 6033 1319647 17587 1302060 2379 2135 15452
cat_boundaries=0 1 2 3
cat_threshold=133120 77692952 83264
is_linear=0
shrinkage=0.03


Tree=193
num_leaves=31
num_cat=4
split_feature=114 35 72 49 114 68 20 66 98 52 54 98 114 20 75 68 99 74 49 128 123 114 98 52 112 72 98 99 121 69
split_gain=1201.13 444.285 903.647 737.562 586.005 525.279 521.417 505.759 487.027 826.788 536.394 1035.14 500.876 535.956 877.41 659.912 527.473 513.163 493.315 474.69 811.705 820.762 744.509 736.226 675.161 1002.01 784.993 979.334 952.081 848.396
threshold=0 13.500000000000002 716.50000000000011 1.4303324222564699 1 83.500000000000014 42.500000000000007 22.500000000000004 6323.3000488281259 1871.5000000000002 1196.5000000000002 1393.241882324219 2 66.500000000000014 2.2638913393020634 9.5000000000000018 0.53283846378326427 0.4223110973834992 4.2685351371765146 19.500000000000004 1.5000000000000002 3 421.26252746582037 1730.5000000000002 0.68301269412040722 228.50000000000003 127.69299697875978 8.6767816543579119 1.5000000000000002 82.500000000000014
decision_type=9 2 2 10 9 2 2 2 8 2 2 10 9 2 2 2 10 2 10 2 2 9 10 2 2 2 8 10 2 2
left_child=-1 19 -3 4 -4 8 -6 -8 9 12 11 18 13 15 -15 -5 -14 -16 -11 20 24 -22 -23 -24 -2 -26 29 -28 -29 -27
right_child=1 2 3 5 6 -7 7 -9 -10 10 -12 -13 16 14 17 -17 -18 -19 -20 -21 21 22 23 -25 25 26 27 28 -30 -31
leaf_value=-0.029569016833643214 -0.0012791758477711265 0.030980097052444731 -0.019435877209662958 0.012831339595260682 0.0075595265870217303 -0.028565298621523391 0.055644407308177518 0.01588123471292234 -0.017332151362875765 -0.028501425980821938 -0.00077472780037404613 0.13413091977909422 0.00020634834945367148 0.039102949298092958 0.021501972703886731 -0.022197905062387242 -0.027810173668365877 -0.0080321390811075033 0.061495817575143774 -0.0031814017107566032 0.0042694044509050226 -0.0042845092318624014 0.0047701821251204214 -0.015023932200178709 0.036474594629614984 -0.0041466968669123545 0.0018024040422067937 0.083635046602731203 0.010407733359338022 -0.034775249015103329
leaf_weight=1222.3818851110991 301916.31934528821 1122.6876368690282 327.76276066154242 907.55011719837785 1063.5876617087051 564.99161436781287 599.88144887844101 566.29096759110689 1136.6145618106239 91.477715066634119 178.92031536903232 109.64765859022737 1772.457534737885 905.43089030310512 886.04344499111176 1015.6035151667893 907.9569436237216 1285.4148121774197 111.83677318319678 43438.404957973165 72155.506761898287 25640.95771773695 20905.026155820116 1830.2243590946309 722.94975303206593 7774.3130022459663 94162.246255156351 245.62879634648561 435.31823626626283 899.69490285217762
leaf_count=75205 721209 5280 681 3915 3340 914 2738 2242 8558 1170 1307 857 6315 4725 3196 1887 4139 2874 1725 92978 184582 84284 38721 3675 2419 25422 218923 1235 3442 989
internal_value=-0.000102577 -3.98537e-05 0.00532614 0.00298629 0.0173106 -0.000737723 0.02276 0.0366347 0.000980066 0.00354501 0.0408508 0.0639352 0.00110581 0.00670611 0.0144669 -0.00568649 -0.00931736 0.00406231 0.0215653 -0.000167516 8.11083e-05 0.00224292 -0.000780654 0.00317082 -0.000560475 0.00152106 0.00127345 0.00206372 0.0376502 -0.00735997
internal_weight=584903 583681 13554.2 12431.5 2557.52 9873.95 2229.76 1166.17 9308.95 8172.34 491.882 312.962 7680.46 5000.04 3076.89 1923.15 2680.41 2171.46 203.314 570127 526688 120532 48376.2 22735.3 406156 104240 103517 94843.2 680.947 8674.01
internal_count=1508947 1433742 55863 50583 9001 41582 8320 4980 40668 32110 5059 3752 27051 16597 10795 5802 10454 6070 2895 1377879 1284901 311262 126680 42396 973639 252430 250011 223600 4677 26411
cat_boundaries=0 1 2 3 4
cat_threshold=133120 81920 98596 304140
is_linear=0
shrinkage=0.03


Tree=194
num_leaves=31
num_cat=3
split_feature=114 88 119 128 114 53 120 103 99 55 55 114 53 66 106 55 103 53 69 70 99 99 128 69 128 69 75 95 113 60
split_gain=1175.08 461.359 448.222 659.868 1079.93 1169.15 946.751 793.24 777.34 756.631 662.196 647.773 1357.5 1195.67 1392.83 1412.19 803.059 890.532 1592.18 1017.45 767.428 740.299 819.068 791.256 788.802 788.695 693.443 674.26 625.217 867.585
threshold=0 15.500000000000002 1.0000000180025095e-35 8.5000000000000018 1 960.50000000000011 5.5000000000000009 1.0000000180025095e-35 1.1828230023384096 19.500000000000004 4.5000000000000009 2 2695.5000000000005 1.5000000000000002 0.25062814354896551 8.5000000000000018 2.5000000000000004 340.50000000000006 14.500000000000002 4.5000000000000009 0.30478595197200781 2.9451200962066655 1.0000000180025095e-35 2.5000000000000004 1.5000000000000002 5.5000000000000009 0.0041708336211740979 1.0000000180025095e-35 0.68301269412040722 3.5000000000000004
decision_type=9 2 2 2 9 2 2 2 8 10 8 9 2 2 2 8 2 2 2 2 8 10 2 2 2 2 2 8 2 2
left_child=-1 2 3 7 5 -5 8 9 -7 -2 -9 12 16 20 15 -15 17 19 -19 -12 -13 -22 -23 -24 -25 -26 -17 -16 29 -28
right_child=1 -3 -4 4 -6 6 -8 10 -10 -11 11 13 -14 14 27 26 -18 18 -20 -21 21 22 23 24 25 -27 28 -29 -30 -31
leaf_value=-0.029554620901218957 -0.00068936425486614147 -0.019414098160219075 0.0021449751245751162 -0.015990473867933105 -0.0012261115574967363 0.012292267048917787 0.023904057904200502 0.014449590647182311 -0.024489970045717301 -0.026589808218850652 0.0066455722844007293 0.0086789897455079104 0.047954346415698769 0.024324297134396711 -0.011104226362910526 -0.024237934795985447 0.0098204146173709456 0.0027673602696892856 0.029526401368251132 -0.0093437866383831968 -0.0094848998748962264 0.014750863857297264 0.01272085308079045 -0.03645763749015174 -0.028029390814153114 0.0044311617144757297 0.0084386390374562442 0.00061162579345677562 -0.0039379927518875049 -0.013814681072611763
leaf_weight=1189.2305226068711 230661.73640896473 1084.0099742384627 81768.395212201867 9374.7284241300076 94647.157939553726 918.78277203440666 1352.7492447667755 3710.4974175151438 1159.1764351511374 1009.6051256321371 5300.9931058883667 3421.4172529056668 609.77173657156527 3453.9722002893686 7328.5270813852549 746.65905545651913 13912.118037018925 38743.470436796546 2100.4472236260772 10996.890364482999 19988.009996626526 2687.9426444582641 1580.55170345027 923.22853117436171 944.24743914231658 2283.8993054479361 23124.72978952527 11117.893606580794 5897.139160245657 1683.1964963972569
leaf_count=75244 612896 5979 210331 18452 215214 2076 4776 11675 3297 12094 9588 6603 2152 19172 13864 1283 43414 69846 5537 18989 29244 6241 3621 716 756 4281 58076 24647 13263 5422
internal_value=-1.18697e-05 4.94542e-05 8.60748e-05 -0.000250883 -0.00233365 -0.0105031 0.0044639 0.000319746 -0.00824549 -0.000803379 0.00194029 0.00164345 0.00374491 -0.00012517 0.00262 0.00614312 0.00335935 0.00178485 0.00415037 -0.00414226 -0.00472603 -0.006343 0.00111799 -0.0052896 -0.0121608 -0.00512093 0.0041394 -0.00404643 0.00483712 0.00692381
internal_weight=583721 582532 581448 499680 107453 12805.4 3430.71 392227 2077.96 231671 160556 156845 71663.7 85181.4 53352.1 34905.7 71053.9 57141.8 40843.9 16297.9 31829.3 28407.9 8419.87 5731.93 4151.38 3228.15 31451.7 18446.4 30705.1 24807.9
internal_count=1508749 1433505 1427526 1217195 243815 28601 10149 973380 5373 624990 348390 336715 149526 187189 135727 97216 147374 103960 75383 28577 51462 44859 15615 9374 5753 5037 78044 38511 76761 63498
cat_boundaries=0 1 2 3
cat_threshold=133120 9264 263972
is_linear=0
shrinkage=0.03


Tree=195
num_leaves=31
num_cat=1
split_feature=121 121 121 64 64 119 72 128 57 48 71 52 67 121 112 97 113 121 64 64 46 49 130 124 121 67 67 128 121 75
split_gain=451.054 650.187 520.987 433.883 509.071 434.579 589.8 498.107 954.706 809.882 619.566 737.465 968.169 645.513 1014.32 1336.57 1187.9 951.327 856.094 644.933 558.248 527.627 661.669 513.166 999.592 1199.39 755.245 574.227 709.473 565.183
threshold=517.50000000000011 407.50000000000006 396.50000000000006 11.500000000000002 27.500000000000004 1.0000000180025095e-35 1525.5000000000002 8.5000000000000018 0 -1.2625384330749509 682.50000000000011 248.50000000000003 141.50000000000003 34.500000000000007 0.68301269412040722 174.50000000000003 0.68301269412040722 87.500000000000014 1.5000000000000002 1.5000000000000002 0.16499999910593036 2.0966398715972905 66.500000000000014 165.50000000000003 121.50000000000001 13.500000000000002 29.500000000000004 14.500000000000002 155.50000000000003 0.016230027657002214
decision_type=2 2 2 2 2 2 2 2 9 10 2 2 2 2 2 10 2 2 2 2 10 8 2 2 2 2 2 2 2 2
left_child=1 2 3 5 -5 7 -7 10 9 -9 13 -12 20 -1 15 -15 19 18 -16 -17 21 22 -13 27 26 -26 -25 -10 -29 -30
right_child=-2 -3 -4 4 -6 6 -8 8 23 -11 11 12 -14 14 17 16 -18 -19 -20 -21 -22 -23 -24 24 25 -27 -28 28 29 -31
leaf_value=0.00011657630834452589 0.031160369552990241 -0.019970530589825751 0.028924823418011329 0.01204521139077688 -0.027715611996706635 0.0093003705371580685 0.0010383412177902057 -0.0057860703030020609 -0.00060533279621716109 0.0083926763486272832 -0.019239746231665255 -0.00071021548373989367 0.038283456248845875 -0.0138511506067906 0.095414336494177313 -0.0054446883393459355 0.055065527418848917 -0.0051049640874155514 0.030449023074893718 0.031777453444605731 0.037589222558324448 -0.011745380108277147 0.046922071678577044 -0.012422722696237839 0.044059687664245235 -0.0056710148083766393 0.013209647524498646 0.009970572361145345 0.018369329820852695 -0.014602190917224707
leaf_weight=371740.16058493796 406.77053354401141 1462.4174590306357 549.5155831357697 4144.3126665391028 302.1700995862484 8702.8721590113128 72381.134581446357 54376.504890831013 21180.638558492414 3875.9790304441121 3064.2483659684658 3343.2672401219606 489.83722082898021 2110.8925514677539 266.95117952895816 1272.207529428415 596.87944797612727 380.92626035935245 583.38562270160764 612.97989428788424 264.48696654476225 5436.9113440616056 274.80691726692021 7698.1678632738767 753.55376575491391 1014.2960312664509 1186.5698199123144 12656.669120139442 596.80994269251823 2042.8367553724675
leaf_count=887682 1587 3393 1726 24197 1429 24585 193959 113616 56808 26105 6358 14833 1413 5967 1486 2050 2211 883 2109 1916 2259 71166 2338 10589 2418 1654 2580 35423 1422 4692
internal_value=-3.80178e-05 -6.03058e-05 -9.92554e-06 -3.77729e-05 0.00928705 -0.000109804 0.00192616 -0.000442787 -0.00227294 -0.00484054 5.12314e-05 -0.00641813 -0.00239738 0.000271977 0.0101735 0.00366217 0.0185523 0.0342373 0.0517159 0.00676212 -0.00457433 -0.00584599 0.003027 0.000901818 -0.00488784 0.0156555 -0.00898848 0.00259373 0.00702094 -0.00710631
internal_weight=583769 583362 581900 581350 4446.48 576904 81084 495820 105382 58252.5 390438 12873.6 9809.31 377564 5824.22 4592.96 2482.07 1231.26 850.337 1885.19 9319.47 9054.99 3618.07 47129.5 10652.6 1767.85 8884.74 36477 15296.3 2639.65
internal_count=1508854 1507267 1503874 1502148 25626 1476522 218544 1257978 255307 139721 1002671 98367 92009 904304 16622 12144 6177 4478 3595 3966 90596 88337 17171 115586 17241 4072 13169 98345 41537 6114
cat_boundaries=0 2
cat_threshold=172917648 1
is_linear=0
shrinkage=0.03


Tree=196
num_leaves=31
num_cat=6
split_feature=114 50 97 75 97 127 66 97 100 57 73 113 73 75 114 97 73 97 75 114 97 100 55 113 103 114 113 97 57 131
split_gain=1122.52 471.074 424.033 925.507 2860.1 1240.07 875.597 1361.34 926.098 838.592 744.736 865.971 719.22 705.716 649.727 704.937 628.05 613.267 968.737 970.195 917.767 896.366 911.873 1173.13 872.117 859.677 828.184 939.624 932.279 920.182
threshold=0 -1.4384884834289549 335.50000000000006 0.013736129738390447 341.50000000000006 2.5000000000000004 4.5000000000000009 1106.0000000000002 1224.4231567382815 1 0.026898294687271122 -0.25000000000000006 0.094194605946540846 1.4253836870193484 2 455.50000000000006 0.099250458180904402 1129.5000000000002 0.062815506011247649 3 1056.5000000000002 -3346.2053222656245 -1.0000000180025095e-35 1.0000000180025095e-35 1.5000000000000002 4 -0.25000000000000006 1152.5000000000002 5 192.50000000000003
decision_type=9 8 10 2 10 2 2 10 10 9 2 2 2 2 9 10 2 10 2 9 10 10 10 2 2 9 2 10 9 2
left_child=-1 -2 9 4 -4 14 12 10 -9 13 11 -8 17 -3 -6 -16 -17 20 19 -19 21 22 23 -5 25 -22 -20 -28 29 -29
right_child=1 2 3 6 5 -7 7 8 -10 -11 -12 -13 -14 -15 15 16 -18 18 26 -21 24 -23 -24 -25 -26 -27 27 28 -30 -31
leaf_value=-0.029531354890894312 0.0048230864587997897 0.022711024616745117 0.032786913747546727 0.006854556059106085 -0.020550816135477181 0.027839468369303542 0.0022277801485435164 0.055056243397297353 0.0119688670904467 -0.0011239040876187443 0.0020158848891960761 0.062025247007092651 -0.0083884035817647345 -0.001118272711291187 0.015793290352406644 0.0051285376942125883 -0.016875349264867643 -0.015581718036377425 -0.003091666364036562 -0.0021755729182888635 0.033759706413356037 0.00097460263361022936 -0.0056611994629856208 0.093436333655599307 0.047524219392094266 0.0028663243283660145 -0.019731380732894481 0.0063885840321938354 -0.0074238109556990783 -0.0037097607742472959
leaf_weight=1140.2776205543778 17704.458536864026 2459.6041696374305 3262.8925795257092 260.07552114501595 1676.872032135725 1259.8931905329227 459.00204376131296 823.15875796228647 989.28475067485124 292460.44177221879 11806.414456639439 406.39296830445528 9068.039085522294 2042.9219294264913 1870.8584516346455 2309.9665698260069 2342.9964892864227 7655.8434263337404 44909.282263711095 13278.670699384063 1017.4304012618959 100109.72785423789 379.78711945749819 301.6599673172459 607.59010847657919 3749.8724086936563 1680.9349343329668 40488.992303692969 6839.1323476186953 10151.003850497771
leaf_count=74807 61262 8861 18242 826 2420 3290 1300 2933 3641 842337 22825 1656 14054 4910 4458 4294 2860 13722 85170 20890 2812 176260 708 1885 1900 8422 1813 87034 11664 20355
internal_value=-5.28436e-05 5.88794e-06 -0.000145232 0.000720612 0.00861386 0.000250923 0.000326421 0.00748732 0.0317326 -0.000925769 0.00399724 0.0306967 -0.000105146 0.0118941 -0.00401632 0.000289638 -0.00596393 0.000219763 -0.00120514 -0.00709184 0.00189336 0.00125015 0.0302304 0.0541712 0.0139612 0.00959307 -2.04123e-05 0.00231115 0.00295909 0.00436313
internal_weight=583513 582373 564669 267706 12723.5 9460.59 254982 14484.3 1812.44 296963 12671.8 865.395 240498 4502.53 8200.69 6523.82 4652.96 231430 125004 20934.5 106426 101051 941.523 561.735 5374.89 4767.3 104069 59160.1 57479.1 50640
internal_count=1507611 1432804 1371542 515434 35564 17322 479870 32355 6574 856108 25781 2956 447515 13771 14032 11612 7154 433461 240648 34612 192813 179679 3419 2711 13134 11234 206036 120866 119053 107389
cat_boundaries=0 1 3 4 5 6 8
cat_threshold=133120 78159880 1 1152 17960 33088 541270209 1
is_linear=0
shrinkage=0.03


Tree=197
num_leaves=31
num_cat=1
split_feature=114 32 25 29 127 116 52 98 121 74 113 112 74 121 69 121 65 70 127 70 103 113 52 98 74 121 121 88 79 119
split_gain=1090.77 468.087 526.514 462.802 434.661 394.769 1220.16 1119.56 1404.76 939.303 888.926 955.487 686.23 643.998 563.311 498.844 565.487 484.239 586.106 700.929 470.26 452.398 491.283 419.309 798.908 825.002 850.45 379.566 439.988 373.106
threshold=0 127.00000000000001 25.500000000000004 4.5000000000000009 8.5000000000000018 779.50000000000011 1338.5000000000002 1523.665954589844 3.5000000000000004 0.54447352886199962 -0.93301269412040699 0.93301269412040722 0.033310217782855041 2.5000000000000004 7.5000000000000009 25.500000000000004 2.5000000000000004 6.5000000000000009 2.5000000000000004 433.50000000000006 1.0000000180025095e-35 0.68301269412040722 1570.5000000000002 1369.1250000000002 0.022232519462704662 11.500000000000002 1.0000000180025095e-35 22.500000000000004 -0.020470623858273026 23.500000000000004
decision_type=9 2 2 2 2 10 2 10 2 2 2 2 2 2 2 2 2 2 2 2 2 2 2 8 2 2 2 2 8 2
left_child=-1 2 3 5 -5 27 7 9 13 15 -8 12 20 -9 -14 16 23 -10 19 -19 21 22 -12 -7 25 26 -25 28 -2 -30
right_child=1 -3 -4 4 -6 6 10 8 17 -11 11 -13 14 -15 -16 -17 -18 18 -20 -21 -22 -23 -24 24 -26 -27 -28 -29 29 -31
leaf_value=-0.029515728215557289 0.013960346889643682 -0.025390769253078403 0.031672166983275837 0.018629578332795084 -0.030913745919699438 -0.025755337184636826 0.047335641514453852 0.019080165347896912 -0.027291197824060809 0.018777618383142687 -0.0071292687542250472 0.047205861445128748 -0.01955838389957619 0.078818222508263341 0.012664336580867073 0.0085011316181736202 -0.0021264699932947019 0.086649184741263513 -0.030026218379151419 -0.0032326010869248934 -0.004251628833210618 0.051054379953364391 0.021746699726293527 -0.0086147604440846483 -0.029882014888623146 -0.030761782282464387 0.030768483214564896 -0.026141527700164941 8.9199759882032141e-07 0.012176445268088127
leaf_weight=1111.3417731062509 2044.2645212211646 644.26755716651678 461.95910776918754 1825.3185101188719 165.53740464895964 4563.0021585002542 422.89637700049207 352.58444488421082 548.0062638130039 810.85580150783062 822.72614539414644 406.71989249670878 1976.4621650832705 305.35435978323221 639.70854051061906 789.61027668789029 2110.2045185305178 134.9169144667685 167.7844304330647 167.82544798497111 1737.585107027553 283.26600674400106 1461.7286300912965 1270.4378074910492 1543.1282453872263 705.29880791343749 793.66537648811936 486.44674575980753 553291.91582711856 2264.4664426855743
leaf_count=74928 12744 1004 2577 12673 641 5206 1804 862 826 1965 1554 2048 3350 1332 2407 1884 3563 714 597 1561 3523 2600 8088 1756 1505 1074 2251 2797 1344985 6637
internal_value=-8.70381e-05 -2.99471e-05 -1.46477e-06 -2.71452e-05 0.0143762 -7.68232e-05 -0.00401633 -0.00922076 0.0137501 -0.0122889 0.0055598 0.00308778 0.000430944 0.04757 -0.011661 -0.0144423 -0.0160976 -0.00834661 0.0138263 0.038313 0.00778877 0.0159214 0.0113615 -0.0194132 -0.0126587 -0.00298876 0.00660377 7.86401e-05 0.000101983 5.07382e-05
internal_weight=584309 583198 582554 582092 1990.86 580101 22013.8 14262.7 1676.47 12586.2 7751.09 7328.2 6921.48 657.939 2616.17 11775.3 10985.7 1018.53 470.527 302.742 4305.31 2567.72 2284.45 8875.53 4312.53 2769.4 2064.1 558087 557601 555556
internal_count=1509456 1434528 1433524 1430947 13314 1417633 50470 25096 5892 19204 25374 23570 21522 2194 5757 17239 15355 3698 2872 2275 15765 12242 9642 11792 6586 5081 4007 1367163 1364366 1351622
cat_boundaries=0 1
cat_threshold=133120
is_linear=0
shrinkage=0.03


Tree=198
num_leaves=31
num_cat=4
split_feature=114 68 121 121 58 51 71 69 71 99 114 128 120 120 113 97 72 97 113 113 120 114 121 128 123 54 127 114 121 97
split_gain=1063.23 432.674 425.021 685.267 419.75 379.024 787.281 1033.82 1259.6 889.926 1504.37 876.535 841.77 1080.03 994.205 962.449 1290.75 755.926 635.729 1113.86 1079.29 1067.17 953.293 2055.14 997.495 858.889 853.256 705.658 1484.88 1287.76
threshold=0 547.50000000000011 517.50000000000011 407.50000000000006 6.5000000000000009 358.50000000000006 45.500000000000007 38.500000000000007 163.50000000000003 0.6033180058002473 1 17.500000000000004 10.500000000000002 16.500000000000004 0.68301269412040722 180.50000000000003 1388.5000000000002 112.50000000000001 -0.93301269412040699 -0.68301269412040699 6.5000000000000009 2 38.500000000000007 9.5000000000000018 18.500000000000004 1152.5000000000002 3.5000000000000004 3 3.5000000000000004 1656.5000000000002
decision_type=9 2 2 2 2 2 2 2 2 8 9 2 2 2 2 10 2 8 2 2 2 9 2 2 2 2 2 9 2 10
left_child=-1 2 3 4 5 -2 9 11 -9 10 -7 17 18 -14 15 16 -15 -8 20 26 21 -11 24 -24 27 -23 -20 -21 29 -29
right_child=1 -3 -4 -5 -6 6 7 8 -10 12 -12 -13 13 14 -16 -17 -18 -19 19 22 -22 25 23 -25 -26 -27 -28 28 -30 -31
leaf_value=-0.029500152464864746 0.00053941850772769827 0.029804485503000928 0.030148570370877537 -0.020444278368679163 0.026666795598293287 0.0040188322223827424 0.0010048675779456076 0.042206738407035621 0.00034862342479936837 0.014545422655537703 -0.014760190581451067 -0.025835495746686751 0.026703471749766582 -0.027932556642980923 0.031968513773094911 -0.027002372804368891 0.040152605150868569 -0.010801940534620445 -0.0076425848301829953 0.0041100128479321998 -0.033814364062742082 0.013198901885941637 0.075211953210514451 0.0051925245561262904 0.029252551751349457 -0.022149243405538279 0.016683224195952414 -0.00025418290235173255 -0.0068339553100850662 0.013739192118768296
leaf_weight=1080.4578964732355 387574.91733197763 428.50504562398419 410.35400307178497 1465.9199581379071 521.69187266379595 6514.3004450853914 7698.9381087664515 737.20484691485763 4826.6459633074701 7874.4614671566524 9313.4375558961183 2331.8065336160362 2455.9419753886759 418.21055732667446 658.20474133267999 1263.8689176887274 595.99236423335969 13313.596194684273 23461.500840647845 27926.252931670751 545.76624074205756 1034.35476648435 468.73176670074463 1788.2153097391129 1052.7902246210724 1510.6181639358401 1364.4412359541748 39537.621752870036 28726.338797653094 6950.758696353063
leaf_count=75082 1031323 1862 1434 2511 4291 11652 13754 2510 8315 18823 19244 2244 7331 321 1947 972 2236 23081 42602 60471 451 3449 2134 3931 3121 4122 3432 88065 53302 15891
internal_value=-3.9802e-05 1.58286e-05 -6.6019e-06 -2.83837e-05 2.35262e-05 -9.00253e-07 -0.00108947 -0.00565225 0.00596056 -0.00028225 -0.00704034 -0.00842139 0.000442708 0.0120662 -0.000225646 -0.00962659 0.0120788 -0.00647754 1.25689e-06 -0.000578584 0.00693738 0.00910232 0.000756076 0.0200021 0.000337308 -0.00775689 -0.00629945 3.93547e-05 -0.00147272 0.00184056
internal_weight=583852 582771 582343 581933 580467 579945 192370 28908.2 5563.85 163462 15827.7 23344.3 147634 5392.22 2936.28 2278.07 1014.2 21012.5 142242 131277 10965.2 10419.4 106451 2256.95 104194 2544.97 24825.9 103141 75214.7 46488.4
internal_count=1509904 1434822 1432960 1431526 1429015 1424724 393401 49904 10825 343497 30896 39079 312601 12807 5476 3529 2557 36835 299794 272949 26845 26394 226915 6065 220850 7571 46034 217729 157258 103956
cat_boundaries=0 1 2 3 4
cat_threshold=133120 115588 329008 368704
is_linear=0
shrinkage=0.03


Tree=199
num_leaves=31
num_cat=3
split_feature=114 103 88 79 78 114 52 69 112 53 131 131 51 51 131 51 53 53 72 51 69 49 75 114 98 54 128 98 113 115
split_gain=1040.81 425.399 410.052 394.716 435.491 392.326 839.863 786.241 687.095 1289.1 958.717 1559.78 1169.38 977.934 833.828 1170.64 820.863 1647.92 857.209 1062.56 845.053 822.209 885.984 801.098 699.702 671.149 665.777 762.283 712.011 674.858
threshold=0 11.500000000000002 15.500000000000002 -0.020470623858273026 9.6333336830139178 1 8458.5000000000018 205.50000000000003 0.93301269412040722 1500.5000000000002 538.50000000000011 222.50000000000003 1859.5000000000002 212.50000000000003 33.500000000000007 200.50000000000003 2884.5000000000005 2695.5000000000005 1001.5000000000001 70.500000000000014 35.500000000000007 1.3099182248115542 0.013736129738390447 2 824.97113037109386 1167.5000000000002 4.5000000000000009 1539.2076416015627 -0.25000000000000006 1.0000000180025095e-35
decision_type=9 2 2 8 10 9 2 2 2 2 2 2 2 2 2 2 2 2 2 2 2 8 2 9 10 2 2 10 2 2
left_child=-1 2 3 -2 5 6 -5 -8 16 25 11 12 14 -13 -11 -16 17 20 19 -18 21 22 -7 -17 -19 -10 27 -24 -29 -28
right_child=1 -3 -4 4 -6 8 7 -9 9 10 -12 13 -14 -15 15 23 18 24 -20 -21 -22 -23 26 -25 -26 -27 29 28 -30 -31
leaf_value=-0.029484859427308722 0.013583774199189443 0.015374953836113585 -0.018439246066069993 0.00026099903555358323 -0.013004768645575657 0.028250254017562936 0.0075077558044069036 0.052790541655717213 0.0013714314781383468 -0.005931442596731641 -0.029448355556662493 0.12882350823758892 0.075538867817422292 0.02953284362372393 0.00042155128760996876 -0.00043117599230096937 0.032025982160442799 0.009156080658696648 -0.012082320114198599 -0.013047246309029519 -0.022615318405260015 -0.0027267796069713251 0.0068363682181688994 0.067159675542299693 0.07715348544957315 -0.026541762337554415 0.0011953727885463991 0.0092396348848442899 0.068647914808631 -0.021129036165099188
leaf_weight=1054.5963136252249 1925.4320079411846 1619.2475738115609 1070.5769535163417 454529.37779981596 2293.5910668270662 1295.0007473230362 9311.4444897293579 348.8008227609098 5366.7514136396348 1365.5480700742919 327.17200423916802 183.22301152953878 270.56466173008084 180.27383600920439 837.44471140718088 219.21004383638501 941.4426258164458 233.0858071972616 11872.210375858704 923.44752115942538 1671.3575837993994 65122.324291890953 4830.6062359134667 617.70195916108787 328.14292137604207 895.9866756927222 10487.10795579385 359.45029826276004 364.45040205307305 1368.8182479976676
leaf_count=75365 12710 7468 6054 1000689 18951 3434 47961 1624 10545 5262 1508 1382 1569 940 4198 1169 4445 1012 132075 3896 2240 124254 10078 3173 1649 1630 18594 912 1583 2490
internal_value=1.24797e-05 6.70193e-05 2.39853e-05 5.84734e-05 1.30694e-05 6.5289e-05 0.000447123 0.00919567 -0.00154491 0.00584256 0.0191213 0.0235147 0.0169002 0.0816901 0.0114505 0.0255777 -0.00230535 -0.00121783 -0.00911266 0.00975629 -0.00155695 -0.00113444 0.00440772 0.0504476 0.0495679 -0.00265795 0.0026191 0.01118 0.0396768 -0.00139771
internal_weight=582214 581160 579541 578470 576545 574251 464190 9660.25 110061 10263.9 4001.14 3673.97 3310.47 363.497 3039.9 1674.36 99797.4 86060.3 13737.1 1864.89 85499.1 83827.8 18705.4 836.912 561.229 6262.74 17410.4 5554.51 723.901 11855.9
internal_count=1508860 1433495 1426027 1419973 1407263 1388312 1050274 49585 338038 31376 19201 17693 15371 2322 13802 8540 306662 166246 140416 8341 163585 161345 37091 4342 2661 12175 33657 12573 2495 21084
cat_boundaries=0 1 2 3
cat_threshold=133120 361924 524296
is_linear=0
shrinkage=0.03


Tree=200
num_leaves=31
num_cat=1
split_feature=97 97 23 66 49 100 131 67 52 97 74 97 65 128 59 97 74 131 124 65 97 67 73 49 121 97 100 67 57 128
split_gain=432.552 936.439 798.54 740.593 768.598 707.852 836.93 1214.19 879.496 800.951 806.365 1512.23 887.703 816.211 974.247 1743.37 743.982 722.462 928.888 700.642 700.121 697.08 683.527 656.697 929.225 898.462 647.602 638.069 622.66 1407.44
threshold=305.50000000000006 70.500000000000014 10.500000000000002 19.500000000000004 0.91994383931159984 168.46680450439456 575.50000000000011 101.50000000000001 619.50000000000011 2686.5000000000005 0.011113683693110945 1695.0000000000002 12.500000000000002 10.500000000000002 1.0000000180025095e-35 337.50000000000006 0.28902274370193487 2642.5000000000005 19.500000000000004 32.500000000000007 333.50000000000006 43.500000000000007 0.36623187363147741 1.0268285274505617 1.5000000000000002 97.500000000000014 -521.54479980468739 140.50000000000003 0 1.5000000000000002
decision_type=10 8 2 2 10 10 2 2 2 10 2 10 2 2 2 10 2 2 2 2 10 2 2 10 2 8 10 2 9 2
left_child=1 -1 5 4 28 6 7 9 16 10 13 12 -12 14 -2 20 -8 -7 -19 23 -16 -14 27 24 -6 -26 -10 -5 -3 -30
right_child=2 3 -4 22 19 17 8 -9 26 -11 11 -13 21 -15 15 -17 -18 18 -20 -21 -22 -23 -24 -25 25 -27 -28 -29 29 -31
leaf_value=0.0016975959400181769 -0.0013578412508799687 0.00024241018119161472 0.020712458414263082 -0.014134768003684009 -0.014962988446015301 -0.0011397969632442261 0.014437542984749656 0.049231691667621133 -0.001588254698353051 -0.010361229674249437 0.0051986513499088427 0.027175757520681462 -0.001954395146764612 0.014127148576898006 -0.0041945625562912489 -0.0095093237943820186 -0.01404369989938809 0.021618125735168858 -0.0096691329309930626 -0.033218465156923928 0.038763794094058279 -0.038518229227175814 0.020589906342595103 0.00039492914774389527 0.053665298823460036 0.012443523897985323 -0.016812871279192395 0.015559663895076499 0.00090156403933615585 -0.0073599639519009276
leaf_weight=93758.087671826303 51295.894773223437 36464.237379893195 1801.0953989475965 8662.0235967049375 913.31107703410089 137652.54154786654 3081.1220327094197 498.72066195309162 4849.1227072784677 4027.1750949365087 60958.174706780352 2765.0505358511582 1334.746655665338 3785.3947202395648 414.84664894640446 1632.8248514011502 1117.2452403753996 2720.8029603194445 1235.6784756164998 528.28743078559637 1872.6549484506249 714.67298956215382 612.00181475281715 68726.253528916684 552.17183261364698 3178.7874202841194 5218.0341852698475 696.02968846261501 28522.794827340869 53105.872379508102
leaf_count=258808 88701 105784 5836 19026 2478 259224 7497 1727 9562 10931 122333 7601 3221 9672 1236 2862 1567 7126 1952 1552 12451 486 3123 288956 2292 10531 6804 1649 97049 157916
internal_value=2.51859e-05 -0.000779997 0.000854901 -0.00193021 -0.00151595 0.000728764 0.00221311 0.00297399 -0.00468062 0.00279108 0.00321637 0.00550031 0.00454494 0.000669826 -0.000255143 0.01414 0.00684292 -0.000776147 0.0118468 0.000883497 0.0309888 -0.01483 -0.00989819 0.00113353 0.0120391 0.0186714 -0.00948837 -0.0119119 -0.00301739 -0.00447291
internal_weight=582696 295720 286976 201962 191992 285175 143566 129300 14265.5 128801 124774 65772.6 63007.6 59001.6 55216.2 3920.33 4198.37 141609 3956.48 73898.8 2287.5 2049.42 9970.06 73370.5 4644.27 3730.96 10067.2 9358.05 118093 81628.7
internal_count=1509953 949164 560789 690356 666558 554953 286651 261221 25430 259494 248563 133641 126040 114922 105250 16549 9064 268302 9078 305809 13687 3707 23798 304257 15301 12823 16366 20675 360749 254965
cat_boundaries=0 1
cat_threshold=262710600
is_linear=0
shrinkage=0.03


Tree=201
num_leaves=31
num_cat=0
split_feature=97 97 51 49 55 131 131 113 23 100 97 52 131 71 49 120 51 131 52 73 71 49 121 97 73 52 97 100 71 100
split_gain=427.694 866.031 732.855 915.352 887.654 782.981 1106.21 849.343 701.741 697.53 893.593 2129.54 894.916 801.531 914.75 860.334 1145.74 730.819 693.206 709.203 690.463 638.106 969.92 807.805 1092.73 715.651 671.272 695.864 601.108 1131.35
threshold=305.50000000000006 70.500000000000014 1112.5000000000002 0.91994383931159984 6.5000000000000009 1736.5000000000002 295.50000000000006 1.0000000180025095e-35 4.5000000000000009 155.97715759277347 2033.0000000000002 1703.5000000000002 575.50000000000011 581.50000000000011 4.1890275478363046 2.5000000000000004 305.50000000000006 8244.0000000000018 630.50000000000011 0.047579713165760047 326.50000000000006 1.1295293569564822 1.5000000000000002 153.50000000000003 0.088752709329128279 433.50000000000006 118.50000000000001 -420.20758056640619 2019.5000000000002 1088.8231201171877
decision_type=10 8 2 10 8 2 2 2 2 10 10 2 2 2 8 2 2 2 2 2 2 8 2 8 2 2 8 8 2 10
left_child=1 28 3 -3 -4 6 -6 -8 9 10 12 -12 -2 15 -15 16 -13 -11 19 -14 21 22 -5 24 -24 -25 -23 -28 29 -1
right_child=8 2 4 20 5 -7 7 -9 -10 17 11 13 18 14 -16 -17 -18 -19 -20 -21 -22 26 23 25 -26 -27 27 -29 -30 -31
leaf_value=0.0017254293028250919 0.0037241823643942192 -0.0041679811150723582 -0.01673850384536061 -0.010698128565472973 0.0058839053536432814 -0.027413140277935833 0.06151101129821375 0.013622093259070815 0.01316979396029914 -0.00095236764051100553 -0.027734391519877413 -0.011813053571181868 0.03155198208056452 0.070820468676508111 -0.015239700358166491 -0.019946162547956146 0.01346783529628429 0.031844374765195076 -0.0094247187682074008 -0.0005343871053856453 -0.0051342492660102325 -0.0055066920151023453 0.047082629013684076 0.011956521494984083 0.011608473198522637 -0.013831339598818495 0.016408434425282992 0.0010809744770038355 -0.014309064650392724 0.04890702072505318
leaf_weight=91283.910929697333 115756.93692592625 108294.37228717218 1500.3459468279034 1937.0884264514316 9883.9984268916305 535.97785035148263 588.60864689946175 769.13438951969147 4087.276501249522 142182.5022302384 2953.0043216645718 2550.1823179004714 761.51226104795933 293.63599374610931 170.55466007441282 1646.0452598882839 4354.8024468496442 604.13968774676323 8670.2466499507427 3154.7443386316299 17915.781567866332 13679.879035077232 1188.1693035662174 3536.0030137300491 2275.0731416866183 1323.1602279361105 2870.9307299759239 35725.648524516844 2080.0871141152456 449.71952937077731
leaf_count=230748 233868 309176 2930 5911 44767 2289 3849 2948 10883 268122 2560 6303 2023 2013 991 2924 10575 1649 13225 6315 120218 32224 3929 9193 7081 8628 8699 127960 26377 1681
internal_value=1.85192e-05 -0.000782038 -0.0018881 -0.00236741 0.00492185 0.00769299 0.00938964 0.0346808 0.000843194 0.000664768 0.00216691 -0.00566995 0.00289809 0.00158015 0.0395454 -0.000524572 0.00412739 -0.000811382 -0.00469633 0.00576925 5.65107e-05 0.00154418 0.00838088 0.0128291 0.0238795 0.00492045 0.000201103 0.00222503 0.00159978 0.00196204
internal_weight=583023 295838 202024 188746 13278.1 11777.7 11241.7 1357.74 287186 283098 140312 11968.2 128343 9015.22 464.191 8551.03 6904.98 142787 12586.5 3916.26 80451.7 62536 10259.5 8322.41 3463.24 4859.16 52276.5 38596.6 93813.7 91733.6
internal_count=1510059 948608 689802 633019 56783 53853 51564 6797 561451 550568 280797 25366 255431 22806 3004 19802 16878 269771 21563 8338 323843 203625 34742 28831 11010 17821 168883 136659 258806 232429
is_linear=0
shrinkage=0.03


Tree=202
num_leaves=31
num_cat=1
split_feature=45 20 55 99 67 74 46 99 52 120 116 54 52 20 97 116 49 66 116 49 99 78 99 54 57 58 121 121 121 64
split_gain=386.783 617.383 595.057 847.708 565.013 503.354 486.47 486.371 432.229 541.518 751.674 845.311 478.853 430.297 370.346 668.076 427.865 554.23 386.216 365.697 597.383 553.17 389.432 513.897 361.797 539.668 362.338 706.466 420.744 397.503
threshold=1.241876006126404 50.500000000000007 5.5000000000000009 2.4903082847595219 7.5000000000000009 0.033310217782855041 0.17500000447034839 73.085105895996108 2588.5000000000005 1.0000000180025095e-35 518.50000000000011 3622.5000000000005 3636.5000000000005 5.5000000000000009 57.500000000000007 163.50000000000003 2.0611604452133183 2.5000000000000004 76.500000000000014 1.3818703889846804 0.5240670144557954 9.0625000000000018 0.59469518065452587 1993.5000000000002 0 1.5000000000000002 517.50000000000011 407.50000000000006 396.50000000000006 11.500000000000002
decision_type=8 2 10 8 2 2 10 10 2 2 10 2 2 2 10 8 8 2 8 10 8 10 8 2 9 2 2 2 2 2
left_child=1 4 6 14 19 13 7 24 -5 12 -11 -12 -10 -6 15 -4 18 -18 -16 21 -21 22 -1 -24 25 -2 27 28 29 -26
right_child=2 -3 3 8 5 -7 -8 -9 9 10 11 -13 -14 -15 16 -17 17 -19 -20 20 -22 -23 23 -25 26 -27 -28 -29 -30 -31
leaf_value=0.035171731972424354 0.020995868673959805 -0.019141360422453589 0.045519368029165355 -0.026702201345355718 0.010040875684195334 0.013077389842468494 0.016599209598964347 -0.019897092838622524 0.01879020652673228 -0.0011118932728186694 0.14475866951806113 -0.0035576510879886452 -0.024547510560416059 -0.020408611751112332 0.0066047734137123365 -0.0088512209366004169 -0.0016307155657958627 0.025261152476019077 -0.016710791875829925 -0.0068046185846376015 0.044339921793032366 -0.022714924876713175 0.036217543200734392 -0.010441220648333574 -0.00015923295120901586 -0.017622781806664684 0.027519021108054584 -0.02059324807641252 0.0251157333922295 0.0088935058793134722
leaf_weight=697.3945474261418 1533.9151951970998 737.20458678901196 396.01201470196247 2102.2604219708592 639.89803382754326 1692.0489584691823 1566.4894198067486 1103.4433375690132 262.79086518567055 760.89563541859388 63.274703176692128 64.612328629475087 1505.8147589976434 1166.8170358035713 838.48082501348108 402.11639864649624 4505.0189806129783 804.23724083602428 2622.3168320227414 265.03798673953861 869.69212766853161 350.25544192944653 312.66217432450503 613.15521714184433 550535.83643299795 404.5085356682539 417.33234901691321 1502.2217358318157 586.78328860912006 4390.2843118943274
leaf_count=2077 6982 11495 1500 3436 1870 5369 5795 9756 1222 7453 1158 920 15106 3457 1924 1644 9151 3203 4987 554 4835 2685 1291 1698 1366252 922 1569 3355 1795 25580
internal_value=-0.000109076 0.00672745 -0.000196303 -0.00623146 0.00963846 0.00135851 -4.23431e-05 -8.91505e-05 -0.0165633 -0.00847238 0.0105527 0.0750013 -0.0180387 -0.00962818 -0.00108001 0.0183556 -0.00286766 0.00248265 -0.0110592 0.0189246 0.032439 0.0110295 0.0184053 0.00553477 -4.97214e-05 0.0128221 -9.49394e-05 -0.000116124 -6.03799e-05 -8.74535e-05
internal_weight=583713 7344.17 576369 14327.8 6606.96 3498.76 562041 560474 4759.65 2657.39 888.783 127.887 1768.61 1806.72 9568.18 798.128 8770.05 5309.26 3460.8 3108.2 1134.73 1973.47 1623.21 925.817 559371 1938.42 557432 557015 555513 554926
internal_count=1509041 35331 1473710 51704 23836 10696 1422006 1416211 29295 25859 9531 2078 16328 5327 22409 3144 19265 12354 6911 13140 5389 7751 5066 2989 1406455 7904 1398551 1396982 1393627 1391832
cat_boundaries=0 1
cat_threshold=77660160
is_linear=0
shrinkage=0.03


Tree=203
num_leaves=31
num_cat=0
split_feature=50 97 98 97 99 60 131 68 67 75 97 97 131 127 73 97 113 54 113 98 54 120 131 131 100 113 71 98 99 52
split_gain=414.376 389.667 749.521 951.435 696.904 1472.15 1251.71 1038.81 936.408 895.257 845.055 889.505 829.34 901.594 846.657 830.77 795.392 1829.7 1684.38 1075.73 1071.35 901.272 824.437 1148.61 957.305 820.147 755.511 743.922 710.329 706.049
threshold=-1.4384884834289549 305.50000000000006 809.56234741210949 261.50000000000006 0.612429440021515 1.5000000000000002 1086.5000000000002 8.5000000000000018 7.5000000000000009 0.013736129738390447 335.50000000000006 420.50000000000006 902.50000000000011 2.5000000000000004 0.09249828010797502 3081.5000000000005 -0.93301269412040699 237.50000000000003 -0.68301269412040699 1461.3860473632815 373.50000000000006 2.5000000000000004 34.500000000000007 154.50000000000003 -70.877441406249986 -0.25000000000000006 3.5000000000000004 1222.8459472656252 2.1831345558166508 1570.5000000000002
decision_type=8 10 10 10 10 2 2 2 2 2 10 10 2 2 2 10 2 2 2 10 2 2 2 2 10 2 2 10 10 2
left_child=-1 2 -2 -4 6 12 -3 -8 -7 10 -10 -12 13 14 15 16 17 -6 -18 -19 22 29 25 28 -25 -20 -21 -23 -24 -22
right_child=1 4 3 -5 5 8 7 -9 9 -11 11 -13 -14 -15 -16 -17 18 19 20 26 21 27 23 24 -26 -27 -28 -29 -30 -31
leaf_value=0.0045052820995415653 -0.00049242850464774161 -0.0020124048022620894 -0.0035157002535396364 -0.020554212947051634 -0.017073441897217618 0.039331452723339079 0.005473907425675377 0.034630648301343443 -0.0034783289544609007 -0.0058545502971981637 0.028804743820754118 -0.026472786646191678 -0.0064501496848863166 0.0081629689395733892 -0.013135121975750884 -0.013656538671635229 -0.0065036095954879199 0.011722926387073763 -0.014213388898118332 0.026262708670562469 0.00063212433653007667 -0.0014958549517792505 0.036448939398502821 0.023249598847033516 -0.013379353440634609 0.0091435806101611179 0.080711540923196545 -0.024057755816204375 0.00056373851184170513 0.0077279512504577633
leaf_weight=17735.667276116146 263647.67877881625 107926.79893163522 17896.180708208587 3523.2190136499703 1838.3867578990757 1142.4951212406158 7545.1788846515119 1278.6481651104987 1309.8610120341182 2179.0539498329163 3381.238006606698 276.24635177850723 11625.759621024597 17955.399407096207 3703.353500187397 3197.9885975806974 21243.70114470832 7101.7854918278754 1703.5386207746342 734.96552227437496 50383.180905733258 3430.1804826706648 2839.3654440641403 1190.2337459027767 1371.5399168282747 6428.0965786026791 334.99013919010758 2124.7229940257967 601.5749737881124 16829.007906914689
leaf_count=66653 824401 199743 73606 4798 2577 4061 16420 3972 3424 3587 18472 314 19473 40255 5008 9606 32148 15348 2632 2269 85082 5689 8354 3359 1732 13695 1470 2409 1277 37110
internal_value=-8.64028e-06 -0.000150476 -0.000931004 -0.0063266 0.000645098 0.00191274 -0.00112392 0.00973339 0.0142222 0.0101586 0.0171809 0.0245689 0.00125205 0.00187859 0.000975705 0.00140737 0.00181621 0.00990228 0.00106691 0.0159844 0.00291811 0.0014494 0.010473 0.018897 0.00366317 0.00423896 0.0438995 -0.0101534 0.030195 0.00240971
internal_weight=582480 564744 285067 21419.4 279677 162927 116751 8823.83 8288.89 7146.4 4967.35 3657.48 154638 143012 125057 121353 118155 10010.1 108145 8171.74 86901.4 72767.1 14134.3 6002.71 2561.77 8131.64 1069.96 5554.9 3440.94 67212.2
internal_count=1508944 1442291 902805 78404 539486 319351 220135 20392 29858 25797 22210 18786 289493 270020 229765 224757 215151 21664 193487 19087 161339 130290 31049 14722 5091 16327 3739 8098 9631 122192
is_linear=0
shrinkage=0.03


Tree=204
num_leaves=31
num_cat=1
split_feature=32 35 49 124 121 100 55 124 71 69 116 75 49 120 116 57 49 54 98 103 97 54 53 54 100 53 98 100 35 98
split_gain=407.042 418.444 653.043 358.915 388.498 1015.57 358.253 787.151 920.964 684.564 716.132 582.713 671.011 553.221 429.945 416.975 412.354 616.04 390.725 512.084 555.599 531.15 619.536 477.166 386.692 567.11 495.431 730.37 549.547 527.219
threshold=127.00000000000001 51.500000000000007 3.2122811079025273 120.50000000000001 5.5000000000000009 -4951.0427246093741 5.5000000000000009 1.0000000180025095e-35 37.500000000000007 5.5000000000000009 254.50000000000003 0.016230027657002214 2.111417412757874 2.5000000000000004 41.500000000000007 0 1.3980849981307986 8004.0000000000009 318.26193237304693 1.0000000180025095e-35 622.50000000000011 3463.5000000000005 314.50000000000006 2616.5000000000005 3090.381469726563 2438.5000000000005 2055.327026367188 1224.4231567382815 2.5000000000000004 2201.2631835937505
decision_type=2 2 10 2 2 10 10 2 2 2 8 2 10 2 10 9 10 2 10 2 10 2 2 2 10 2 10 10 2 10
left_child=1 6 -3 4 -4 -6 15 9 -9 10 18 -12 16 14 -10 -1 17 -13 -8 20 21 22 -20 -21 26 -26 -17 29 -29 -28
right_child=-2 2 3 -5 5 -7 7 8 13 -11 11 12 -14 -15 -16 24 -18 -19 19 23 -22 -23 -24 -25 25 -27 27 28 -30 -31
leaf_value=0.014994649229515109 -0.023557838971392693 0.029252230402639395 -0.015598826245861473 -0.023438116838169529 0.072965950316872336 0.0051066111321311182 -0.00096527786567089885 -0.021715226288428736 0.029142932928917446 -0.024535522864406318 0.026428226313536345 -0.026647504403659379 0.029911464035315079 0.020339409812143317 -0.013888897769881276 0.00014908122792914292 -0.037681348500975397 0.0093988080422739758 0.02818880849875622 -0.014352869201988531 0.012511290831518697 0.015151595744170781 0.096882554508074106 0.017907190322701383 0.014454879131007924 -0.029294931449117479 -0.0075482113335104241 -0.015793296053032431 0.022387807128417085 0.005428392663207454
leaf_weight=1664.9897020522039 648.88509940356016 1098.0952433645725 556.72270817356184 410.02724821120501 212.77520145755261 1839.1690163146704 1881.0834181988612 3893.5504984864965 230.41199344117194 840.91927646961994 378.06169786304235 919.54911317955703 284.45886306744069 886.67043507075869 1609.8674226526637 539156.0999873816 682.91641299054027 781.49406880931929 238.24772252514958 736.89773596636951 1152.228317650035 335.81961540691555 249.26281403191388 912.67552952840924 2895.5816688779742 284.29695880459622 5202.1218567276374 5606.8009032579139 352.49909894587472 6124.1001472515054
leaf_count=5795 1039 4990 3823 580 2007 11270 9196 13682 832 1614 2770 2654 2693 4408 9181 1331892 2345 1860 629 884 2851 816 1428 1981 10370 1974 9997 21927 1160 42376
internal_value=8.40219e-06 3.51078e-05 0.00955401 0.00231556 0.00643754 0.012463 -3.29368e-05 -0.00445594 -0.0123702 0.00112916 0.00367827 -0.00797571 -0.0129305 0.00100326 -0.00837272 9.33333e-05 -0.0181461 -0.0101289 0.010129 0.0158726 0.026137 0.0448269 0.0645531 0.00349632 4.84629e-05 0.0104639 -1.12437e-05 -0.00500917 -0.0135011 -0.000533149
internal_weight=582066 581417 4116.79 3018.69 2608.67 2051.94 577301 16014.1 6620.5 9393.61 8552.7 3046.48 2668.42 2726.95 1840.28 561286 2383.96 1701.04 5506.22 3625.13 1975.56 823.33 487.511 1649.57 559622 3179.88 556442 17285.5 5959.3 11326.2
internal_count=1509024 1507985 22670 17680 17100 13277 1485315 59824 28103 31721 30107 12322 9552 14421 10013 1425491 6859 4514 17785 8589 5724 2873 2057 2865 1419696 12344 1407352 75460 23087 52373
cat_boundaries=0 1
cat_threshold=69271560
is_linear=0
shrinkage=0.03


Tree=205
num_leaves=31
num_cat=0
split_feature=97 75 97 97 98 51 32 98 97 67 75 97 67 52 97 98 112 123 51 68 121 130 98 74 97 72 98 97 74 112
split_gain=403.753 870.474 2612.05 725.478 739.236 941.735 717.094 708.106 748.731 1080.49 742.875 711.586 845.704 1228.68 700.788 710.974 688.876 1284.59 657.634 653.889 644.407 635.951 758.611 633.02 810.405 612.263 835.729 706.159 883.186 646.406
threshold=335.50000000000006 0.013736129738390447 341.50000000000006 70.500000000000014 809.56234741210949 1070.5000000000002 9.5000000000000018 65.862140655517592 88.500000000000014 33.500000000000007 0.0077797938138246545 94.500000000000014 5.5000000000000009 303.50000000000006 244.50000000000003 868.92929077148449 -0.93301269412040699 2.5000000000000004 345.50000000000006 64.500000000000014 16.500000000000004 27.500000000000004 276.24002075195318 1.8228758573532107 24.500000000000004 1357.5000000000002 105.01255798339845 136.50000000000003 0.15168273448944095 0.68301269412040722
decision_type=10 2 10 8 10 2 2 8 8 2 2 8 2 2 10 10 2 2 2 2 2 2 8 2 10 2 8 8 2 2
left_child=3 2 -2 19 5 7 -3 -5 9 10 -9 12 -10 -14 15 -6 17 -7 25 -1 -4 22 -18 -21 -25 26 -13 28 -28 -29
right_child=1 6 20 4 14 16 -8 8 11 -11 -12 18 13 -15 -16 -17 21 -19 -20 23 -22 -23 -24 24 -26 -27 27 29 -30 -31
leaf_value=0.0018833948346111951 0.032080246990953083 0.00031427419799823567 -0.0030109836158462729 0.025829389929670578 0.028719453498880245 0.013795338079486241 0.019233402395898932 0.029700335367182067 -0.022069957095898457 -0.022190805683709236 -0.0053884196318618833 0.030653875121128337 0.011553407197706441 0.07213297577683131 -0.016912209593353034 -0.0053472227293643359 0.031522907912561703 0.11003151525988741 -0.005183775500376471 -0.026379486829905274 0.017603347456475429 -0.0079318668504626353 0.0054428172588906884 -0.014615597201933643 0.030980269167371025 -0.0014306114072479971 0.0058284783491526111 0.0016801731428254842 -0.034718076047776165 0.015966528022353602
leaf_weight=91084.667699061567 3159.3658637180924 259960.53111376334 7785.2926271408796 824.00758908689022 569.07723347097635 581.80061973817647 1805.6840931586921 559.20890602469444 527.13169012963772 3726.3201666083187 11851.3695247164 1020.9991540464107 2445.7732855081558 334.74892434477806 5170.5784267038107 11562.322283118963 1137.4319239873439 150.27846000157297 35328.903389255051 1463.3245185595006 1644.4555107504129 2662.0654283892363 8079.8608432356268 1004.4308340810239 526.31439274549484 109281.45491086069 971.04146533831954 12579.582925049181 948.12132425606251 3676.6079194970662
leaf_count=252691 18420 495409 13609 4396 1477 4091 4941 2507 469 6003 29395 4061 7300 1414 7903 54725 3254 1175 98643 2400 3744 9049 39559 1784 1929 386752 2245 36599 691 11833
internal_value=-2.07375e-05 0.000816249 0.00851857 -0.000766134 -0.00173141 -0.00120823 0.00044551 -0.0017517 -0.00187712 -0.00804615 -0.00378471 -0.00128098 0.0124744 0.019079 -0.00767469 -0.00372684 0.00671931 0.0347669 -0.00155948 0.0014294 0.000598793 0.00496306 0.00869183 -0.0123422 0.0011609 -0.000562549 0.00437735 0.00288523 -0.0142788 0.0049191
internal_weight=582423 274355 12589.1 308067 213989 196687 261766 184075 183251 16136.9 12410.6 167114 3307.65 2780.52 17302 12131.4 12611.4 732.079 163807 94078.7 9429.75 11879.4 9217.29 2994.07 1530.75 128478 19196.4 18175.4 1919.16 16256.2
internal_count=1508468 536123 35773 972345 713541 649436 500350 592308 587912 37905 31902 550007 9183 8714 64105 56202 57128 5266 540824 258804 17353 51862 42813 6113 3713 442181 55429 51368 2936 48432
is_linear=0
shrinkage=0.03


Tree=206
num_leaves=31
num_cat=7
split_feature=114 68 70 116 73 114 124 114 114 100 49 124 70 103 116 71 49 32 68 68 114 65 113 114 35 49 67 114 67 67
split_gain=997.795 414.46 806.116 677.088 924.611 1115.23 1068.21 877.38 854.663 811.787 772.769 1128.54 757.276 666.556 936.224 1152.13 1096.01 840.593 762.479 661.553 818.593 907.01 1095.99 955.87 654.218 703.908 651.429 645.932 627.642 794.465
threshold=0 4.5000000000000009 15.500000000000002 220.00000000000003 0.025032594799995426 1 17.500000000000004 2 3 711.50759887695324 1.3818703889846804 118.50000000000001 1067.5000000000002 1.0000000180025095e-35 262.50000000000006 410.50000000000006 2.3671400547027592 3.5000000000000004 10.500000000000002 2.5000000000000004 4 1.5000000000000002 -0.25000000000000006 5 11.500000000000002 1.3712424635887148 148.50000000000003 6 81.500000000000014 97.500000000000014
decision_type=9 2 2 10 2 9 2 9 9 10 8 2 2 2 10 2 8 2 2 2 9 2 2 9 2 10 2 9 2 2
left_child=-1 19 -3 8 5 -5 -7 9 12 -8 11 -10 24 -6 15 17 -16 -15 -19 -2 26 22 27 -24 28 -26 -21 -22 -4 -30
right_child=1 2 3 4 13 6 7 -9 10 -11 -12 -13 -14 14 16 -17 -18 18 -20 20 21 -23 23 -25 25 -27 -28 -29 29 -31
leaf_value=-0.029461580356320481 4.7184975387638077e-05 -0.012313918526642471 -0.0020017968948786253 0.059945060880700833 -0.0037891159359354884 -0.011071077221085043 0.067653621499447814 0.0073469092710328216 0.026510281923867746 0.00027998867798092439 -0.019470757169077101 -0.017680576082350467 0.035395219213186162 0.034703746968969586 0.0081272493139762439 -0.018334719679675988 -0.014381152693414761 0.020979058905409412 -0.017708271277648301 9.6660523242761903e-05 0.039900421272717215 0.0045986571644043355 -0.0033468104815489361 0.039803151560566026 0.031062267610912037 0.002780461638352493 -0.031005342334831272 -0.006512189254132373 -0.039169211897679489 -0.0027532334528836281
leaf_weight=1012.4552832071786 418272.4090709351 5963.9310604552738 60251.0520918814 452.9765377510339 13703.06215534173 1258.1643960594665 566.53503939462826 1174.286684822524 947.12724042963237 223.40912142395973 4671.3906310028397 1129.2533098850399 486.7162945792079 2209.2270373106003 5020.0185419693589 744.81204327940941 3166.6351106986403 1348.0669687837362 683.13377079367638 21381.493535300018 304.35039952455554 25683.702651077881 587.72490586724598 2202.4370609729085 1019.9178695380688 3439.4555257670581 613.76377338171005 1587.5656723286957 931.0462416857481 1266.446124881506
leaf_count=74887 1060462 10182 126598 1759 25840 4152 3145 6867 3353 608 17972 1506 1773 6721 12588 1087 4812 3942 1246 42538 2461 53812 2639 12446 3553 10101 691 7710 1150 3021
internal_value=4.40637e-06 5.67402e-05 -0.00159521 -0.000983487 0.00277439 0.0168659 0.0104258 0.0242344 -0.00253208 0.0482379 -0.0126953 0.00250724 -0.00151066 0.000841703 0.00565848 0.0158937 -0.000586027 0.0219348 0.00794472 0.000445178 0.00362382 0.00681422 0.0189466 0.0308647 -0.00178461 0.00930391 -0.00078456 0.00130024 -0.00257779 -0.0182897
internal_weight=582303 581290 110657 104693 30550.3 3675.37 3222.4 1964.23 74142.4 789.944 6747.77 2076.38 67394.6 26875 13171.9 4985.24 8186.65 4240.43 2031.2 470633 52361 30365.8 4682.08 2790.16 66907.9 4459.37 21995.3 1891.92 62448.5 2197.49
internal_count=1509622 1434735 251976 241794 72767 16531 14772 10620 169027 3753 22831 4859 146196 56236 30396 12996 17400 11909 5188 1182759 122297 79068 25256 15085 144423 13654 43229 10171 130769 4171
cat_boundaries=0 1 2 3 4 5 6 7
cat_threshold=133120 16512 33872 361952 303176 541184 525072
is_linear=0
shrinkage=0.03


Tree=207
num_leaves=31
num_cat=0
split_feature=72 35 75 71 53 124 51 52 103 121 68 26 75 74 65 53 35 68 26 55 53 68 120 74 71 68 128 75 55 71
split_gain=395.917 564.258 579.842 614.384 484.308 724.515 463.11 409.569 408.856 768.155 565.215 758.699 670.513 968.973 651.562 636.825 837.749 645.975 723.067 630.153 615.054 611.413 574.344 562.537 916.659 624.356 582.234 552.437 827.662 868.962
threshold=1410.5000000000002 12.500000000000002 0.02556555345654488 31.500000000000004 1078.5000000000002 8.5000000000000018 297.50000000000006 288.50000000000006 1.0000000180025095e-35 407.50000000000006 39.500000000000007 15.500000000000002 0.0077797938138246545 0.72231513261795055 21.500000000000004 2695.5000000000005 1.0000000180025095e-35 15.500000000000002 2.5000000000000004 4.5000000000000009 1257.5000000000002 41.500000000000007 1.0000000180025095e-35 0.033310217782855041 69.500000000000014 8.5000000000000018 4.5000000000000009 6.358262538909913 0.014999999664723875 19153.500000000004
decision_type=2 2 2 2 2 2 2 2 2 2 2 2 2 2 2 2 2 2 2 10 2 2 2 2 2 2 2 2 8 2
left_child=1 2 3 7 -4 -6 -5 -1 9 27 11 12 13 23 15 17 19 18 22 -17 -20 -12 -14 24 -10 -25 -26 28 -2 -30
right_child=8 -3 4 6 5 -7 -8 -9 10 -11 21 -13 14 -15 -16 16 -18 -19 20 -21 -22 -23 -24 25 26 -27 -28 -29 29 -31
leaf_value=0.019791320124484552 -0.012999955463796651 0.019208493552983066 -0.00098474027002561255 0.01586111709797193 0.00092049064106473617 0.019831456671814088 -0.015776557315831767 0.063842137000677382 0.014969511179390983 -0.025165247978858465 -0.038189996942415733 0.027150770367406579 0.0014995795010809328 -0.020666409013108282 0.013253653418236307 0.017351721177192737 -0.031688493818643443 -0.013831319461190128 0.0066222850048081074 -0.014676293006876603 0.044093934860984389 -0.0045230566481610675 -0.0018195184597268035 0.026356209279688837 0.0036214060369160416 -0.0057375021481563303 -0.038123012610218582 0.0083781794048151635 -0.00089883914162119461 0.030407351994871285
leaf_weight=506.70040765433805 5092.6747691687196 1813.4767892314121 25701.796055103652 1327.5267198942602 5293.0208470713696 2772.303203867632 595.4124359190464 308.23340295255184 2386.2937228828669 1163.3481229114113 502.11374501138926 987.58304833993316 96666.698043420911 859.62600310146809 3588.7076559960842 4595.7869304735214 387.51810716930777 2941.9367395192385 9571.9982987008989 620.5956876561977 401.66347485780716 9453.3524646107107 91161.627223977819 3154.2685836330056 601.63829018175602 655.35111843049526 588.04383186250925 5726.2296336945146 300949.32737318287 790.09137429669499
leaf_count=1490 65991 7938 49932 3705 22780 12478 766 1245 10482 2497 619 3839 190704 1305 24765 13556 1390 4468 23466 1384 1323 21135 176659 11864 2098 1661 999 13860 817122 15450
internal_value=-2.54152e-05 0.00292137 0.00210722 0.0153596 0.00102848 0.00743729 0.00603399 0.0370246 -0.000233473 -0.000937069 0.000729903 0.00104758 0.000928183 0.0093148 0.000598372 0.000377646 0.0103434 9.89437e-05 0.000306819 0.0135205 0.00817401 -0.0062577 -0.000111341 0.0128276 0.00426302 0.0208347 -0.0171581 -0.000846089 -0.0010185 -0.00081586
internal_weight=581165 38318.5 36505 2737.87 33767.1 8065.32 1922.94 814.934 542846 313722 229125 219169 218182 8245.22 209937 206348 5603.9 200744 197802 5216.38 9973.66 9955.47 187828 7385.6 3575.98 3809.62 1189.68 312558 306832 301739
internal_count=1506971 100334 92396 7206 85190 35258 4471 2735 1406637 914920 491717 469963 466124 28409 437715 412950 16330 396620 392152 14940 24789 21754 367363 27104 13579 13525 3097 912423 898563 832572
is_linear=0
shrinkage=0.03


Tree=208
num_leaves=31
num_cat=0
split_feature=59 100 65 124 113 120 120 128 43 113 121 121 70 54 71 54 131 51 54 75 131 65 113 51 121 112 60 59 98 113
split_gain=435.448 525.866 534.798 400.209 715.955 1041.06 707.327 1256.52 904.78 772.919 809.797 927.863 949.206 763.766 815.341 1051.61 1004.76 758.437 743.192 737.321 970.83 1107.2 847.682 830.121 770.665 722.459 716.285 690.88 671.718 1035.63
threshold=3.5000000000000004 -12.381721496582029 20.500000000000004 8.5000000000000018 -0.93301269412040699 7.5000000000000009 4.5000000000000009 9.5000000000000018 1.0000000180025095e-35 -0.25000000000000006 47.500000000000007 103.50000000000001 3.5000000000000004 4281.5000000000009 5.5000000000000009 2267.5000000000005 41.500000000000007 592.50000000000011 3914.5000000000005 0.02556555345654488 5.5000000000000009 22.500000000000004 -0.25000000000000006 94.500000000000014 5.5000000000000009 0.68301269412040722 1.5000000000000002 1.5000000000000002 353.73271179199224 -0.68301269412040699
decision_type=2 10 2 2 2 2 2 2 2 2 2 2 2 2 2 2 2 2 2 2 2 2 2 2 2 2 2 2 10 2
left_child=3 2 -2 4 5 -1 7 19 -9 28 13 17 -13 14 15 -11 -17 -12 -16 20 21 26 24 -24 27 -18 -6 -22 -8 -30
right_child=1 -3 -4 -5 6 -7 9 8 -10 10 11 12 -14 -15 18 16 25 -19 -20 -21 22 -23 23 -25 -26 -27 -28 -29 29 -31
leaf_value=0.0050593001381760982 0.010722909855383468 0.018248260341514139 -0.015483438765278492 0.0010533652436972183 0.0019248825563339721 -0.01126706149143194 0.0051247221715954965 -0.013082721092863903 -0.0016050364958475672 -0.016024924967128162 0.021195324079556297 -0.03520086036225465 0.01570344148651906 -0.0096929589890535212 0.002520978841521243 0.085694069872674181 0.0011574275884785028 0.061801524150392272 0.039382535263979702 -0.0018115595906132253 -0.013972791163179923 -0.03238455651121655 0.012967578206780067 -0.00089756976960764213 0.001438086924242357 0.052198737469060993 0.010817812172050486 0.014296586262671324 0.0020416327522277894 -0.018485942798493964
leaf_weight=33073.211255083152 1632.8432026132941 2567.0664515607059 1212.2673921659589 182109.80070322554 16889.120975231926 3923.5188549855375 6397.4633149314905 13854.678721332457 11159.722678996099 403.08610612666234 1985.755027563253 462.91544963233173 1078.5099402751075 3119.7965458340477 12115.99908392597 307.28900934755802 558.70561442407779 520.91866628080606 503.2205863147974 223917.82618869952 9528.111060090363 672.85878519713879 5087.414540193975 16351.998671423644 6598.5915458984673 441.76877016038634 15755.827205773443 839.18569908291101 4695.5780977513641 4168.8940942571498
leaf_count=92169 5223 15934 4634 486808 29685 8275 22009 26142 34427 903 5638 323 3250 7301 32460 1499 1310 2103 1763 584129 12766 829 11982 28888 12823 1878 54101 2293 10728 6481
internal_value=-3.02454e-05 0.00843169 -0.000458421 -0.000109828 -0.000646916 0.00332531 -0.00105817 -0.00151006 -0.00796485 0.00288295 0.00654702 0.0186192 0.000287685 0.0037374 0.00666604 0.0260395 0.0390281 0.0298458 0.00402094 -0.00096366 0.00168335 0.0054299 -0.00156747 0.00239704 -0.00657579 0.0239887 0.00621898 -0.0116729 -0.00227917 -0.00762228
internal_weight=581934 5412.18 2845.11 576522 394412 36996.7 357415 320655 25014.4 36759.9 21498 4048.1 1541.43 17449.9 14330.1 1710.85 1307.76 2506.67 12619.2 295641 71723.1 33317.8 38405.3 21439.4 16965.9 1000.47 32644.9 10367.3 15261.9 8864.47
internal_count=1508754 25791 9857 1482963 996155 100444 895711 798065 60569 97646 58428 11314 3573 47114 39813 5590 4687 7741 34223 737496 153367 84615 68752 40870 27882 3188 83786 15059 39218 17209
is_linear=0
shrinkage=0.03


Tree=209
num_leaves=31
num_cat=5
split_feature=114 88 42 66 26 114 112 53 131 131 51 124 53 53 114 69 51 51 114 100 51 112 51 53 55 131 114 131 70 74
split_gain=970.683 380.095 406.936 662.033 532.954 428.068 775.269 1276.31 925.624 1160.12 960.564 1056.61 775.149 1418.47 784.598 779.492 761.49 606.575 570.315 533.513 498.956 1852.95 498.296 489.063 1314.73 453.526 786.787 1179.65 734.006 444.019
threshold=0 15.500000000000002 2.5000000000000004 5.5000000000000009 69.500000000000014 1 0.93301269412040722 1522.5000000000002 538.50000000000011 222.50000000000003 1859.5000000000002 17.500000000000004 2884.5000000000005 2695.5000000000005 2 35.500000000000007 212.50000000000003 289.50000000000006 3 -1972.4381103515623 3720.0000000000005 -1.0000000180025095e-35 704.50000000000011 8116.5000000000009 8.5000000000000018 2348.5000000000005 4 170.50000000000003 2.5000000000000004 0.044423885643482215
decision_type=9 2 2 2 2 9 2 2 2 2 2 2 2 2 9 2 2 2 9 10 2 2 2 2 10 2 9 2 2 2
left_child=-1 2 4 -4 5 23 12 -8 9 10 11 18 13 14 15 -7 -11 -13 -9 -15 22 -22 -14 -2 25 26 -25 29 -29 -28
right_child=1 -3 3 -5 -6 6 7 8 -10 16 -12 17 20 19 -16 -17 -18 -19 -20 -21 21 -23 -24 24 -26 -27 27 28 -30 -31
leaf_value=-0.029445869547843655 0.00023760510403307008 -0.017822181386582862 0.0010857404114847002 0.012277731690018409 -0.030536596598786186 -0.0010340295137264565 -0.0025941396081522235 0.030769262110842337 -0.029339129409433066 0.11097562749723247 0.069972253171951077 0.018803048428071213 -0.0068472342582403299 0.01026548112884158 -0.02431836279675792 -0.022666456970208776 0.025046756382030484 0.093900164086358512 -0.0024059705184365974 0.068782162605137129 0.15181904662784526 -0.020367250891199722 -0.020721350928892563 0.0075278558053495388 -0.016545204486346166 -0.015012303000291438 0.065642795112768451 -0.027409139668356064 0.023667061479811624 0.026263468165384565
leaf_weight=983.30566928087501 437292.76835440076 1054.491985918954 19672.480884977151 6264.637301042676 505.64495851309039 79707.680701352656 5799.0983373681083 592.36739374697208 311.85381708806381 204.15566023858264 280.41774373501539 194.06416049739346 9633.4019886123715 242.16242121206596 1352.1675759217469 1517.9230867782608 176.91441274061799 196.41578188724816 1950.6513951830566 336.87108279298991 70.295492599718273 181.49752508103848 3071.4065164451022 4935.890614060685 1715.6815540830139 498.99782096687704 687.86628365516663 362.13702198863029 784.52588689699769 441.32329924404621
leaf_count=74861 883631 6041 160463 29307 566 144395 10795 1825 1349 1350 1571 1030 88496 991 5407 1851 908 1242 9357 1516 1659 2768 37757 12274 19406 1060 2951 832 2690 1330
internal_value=3.68912e-05 8.78848e-05 0.000120813 0.00379265 -5.14574e-05 -2.30073e-05 -0.00173848 0.00633769 0.0195684 0.0238806 0.0178793 0.0126789 -0.0025548 -0.0014908 -0.00182148 -0.00144085 0.0727431 0.0579792 0.00552317 0.0448992 -0.00937728 0.0316666 -0.010215 0.000383416 0.00714059 0.0124254 0.014342 0.0288639 0.00743876 0.0506177
internal_weight=581019 580036 578981 25937.1 553044 552539 105819 9705.94 3906.84 3594.99 3213.92 2933.5 96113.4 83156.8 82577.8 81225.6 381.07 390.48 2543.02 579.034 12956.6 251.793 12704.8 446719 9426.42 7710.74 7211.74 2275.85 1146.66 1129.19
internal_count=1509679 1434818 1428777 189770 1239007 1238441 314267 29427 18632 17283 15025 13454 284840 154160 151653 146246 2258 2272 11182 2507 130680 4427 126253 924174 40543 21137 20077 7803 3522 4281
cat_boundaries=0 1 2 3 4 5
cat_threshold=133120 361924 16936 32 98496
is_linear=0
shrinkage=0.03


Tree=210
num_leaves=31
num_cat=3
split_feature=114 29 97 55 52 70 78 106 121 70 112 99 114 128 97 100 128 131 97 67 116 35 73 114 113 107 127 116 74 97
split_gain=941.582 400.915 362.961 963.497 1147.12 758.806 707.973 869.221 705.428 806.155 1025.05 679.926 1380.06 1678.11 1219.27 1035.7 1023.13 960.539 1002.27 1182.78 1030 1015 1348.65 929.949 1114 1073.55 1058.2 1120.83 917.877 1765.56
threshold=0 6.5000000000000009 305.50000000000006 0.095000002533197417 8118.5000000000009 116.50000000000001 5.0454545021057138 0.26492869853973394 6.5000000000000009 237.50000000000003 0.25000000000000011 0.59469518065452587 1 1.5000000000000002 3081.5000000000005 1131.5623779296877 36.500000000000007 575.50000000000011 336.50000000000006 18.500000000000004 33.500000000000007 1.0000000180025095e-35 0.055577004328370101 2 -0.68301269412040699 0.2485294118523598 1.0000000180025095e-35 444.00000000000006 0.011113683693110945 1483.5000000000002
decision_type=9 2 8 8 2 2 8 2 2 2 2 10 9 2 10 10 2 2 10 2 10 2 2 9 2 2 2 10 2 10
left_child=-1 2 3 4 -2 11 7 -5 9 10 -7 12 15 23 17 16 -4 18 19 21 -21 22 -13 24 -14 -25 -26 -28 -20 -30
right_child=1 -3 5 6 -6 8 -8 -9 -10 -11 -12 14 13 -15 -16 -17 -18 -19 28 20 -22 -23 -24 25 26 -27 27 -29 29 -31
leaf_value=-0.029428659340459809 -0.019986956325222967 0.026973816898702929 0.00018117989814923341 0.02235873825626741 0.012678845439006879 0.020066373087332466 -0.00080167279598675125 -0.006023739392529928 0.010674240505131993 -0.0092002796317609201 -0.0050075446730402868 0.0067530013337764212 -0.0099575817036734113 -0.0070823230564987048 -0.016259473395566763 0.012541058594079833 0.042285517248371651 -0.0055617271275140486 -0.00046307916189370241 0.018656851859706964 -0.026645828141325104 -0.018100417108261675 0.034020669069749515 -0.004591601204967404 0.012427735748232409 0.019804739658763119 0.023381183819702223 0.099578784116762672 0.0023006249268779141 0.015173449228430641
leaf_weight=960.11221852601739 4516.266819559969 485.51487367600203 61012.985531357117 2577.2084207478911 1223.1466577807441 2924.3713126629591 243551.35561890586 1549.0279932320118 12569.169843587093 4633.3630535909906 2928.7414389553014 3054.9013603515923 1722.9571269899607 51679.821796032251 3365.5595991564915 7222.4783312780783 513.88148552179337 13905.612609790638 66475.765358786099 735.57217102125287 1138.3342810720205 636.45832943916321 3511.0935545936227 13304.17414297536 5138.9674780010246 1838.8267227155156 513.44758204440586 259.66585878888145 56158.878408519551 11554.898874194361
leaf_count=75124 72795 4223 135417 12429 4389 10122 537879 3522 59164 26553 7667 5968 5980 143340 9075 16546 1626 21620 116769 2590 1220 815 18091 56506 20300 7871 2456 1716 101453 25549
internal_value=-4.90349e-05 5.5301e-07 -2.24822e-05 -0.000874541 -0.0130155 0.000638254 -0.000592686 0.0117149 0.00588404 0.000137767 0.00753291 0.000239893 -0.00126287 -0.00409217 0.00158043 0.00180184 0.000539656 0.00196345 0.00269419 0.0123369 -0.00885834 0.0178561 0.0213636 0.00269036 0.0112117 -0.00161695 0.0174064 0.0499185 0.0020411 0.0044992
internal_weight=581663 580702 580217 253417 5739.41 326800 247678 4126.24 23055.6 10486.5 5853.11 303744 143207 74457.9 160537 68749.3 61526.9 157172 143266 9076.36 1873.91 7202.45 6565.99 22778 7635.04 15143 5912.08 773.113 134190 67713.8
internal_count=1508775 1433651 1429428 631014 77184 798414 553830 15951 103506 44342 17789 694908 391758 238169 303150 153589 137043 294075 272455 28684 3810 24874 24059 94829 30452 64377 24472 4172 243771 127002
cat_boundaries=0 1 2 3
cat_threshold=133120 115460 787464
is_linear=0
shrinkage=0.03


end of trees

feature_importances:
код_типа_датчика=621
start_gap_last=340
start_gap_ewm=296
state_last_ffill=250
nbr_n_ev_168h=226
start_expected_in_h=224
nbr_n_alarm_720h=220
h_since_event=219
h_since_alarm=216
пикет=215
h_since_start=205
start_same_window_1y_ago=194
мес_sin=191
v_last_ffill=171
мес_cos=157
start_overdue=152
nbr_n_start_720h=147
h_since_tech=146
n_ev_2160h=128
tech_rate_90d=121
hist_h_90d=119
nbr_n_tech_168h=119
start_rate_90d=110
n_tech_2160h=100
ldtz_max_max_168h=96
start_rate_ratio_168_2160=95
nbr_n_alarm_168h=80
n_ev_720h=78
n_tech_720h=67
n_start_2160h=64
n_alarm_2160h=64
n_alarm_ref_168h=58
n_alarm_720h=57
start_same_window_14d_ago=52
weeks_with_start_12w=48
nbr_n_start_168h=43
n_start_720h=39
n_ev_168h=35
alarm_share_168h=35
объект_охранный=34
n_alarm_raw_168h=32
v_max_max_168h=30
h_since_v_pos=30
v_slope_168h=29
active_hours_168h=27
v_mean_168h=24
n_start_168h=22
nbr_n_tech_24h=22
n_alarm_ref_24h=21
vz_absmax_max_168h=21
nbr_n_ev_24h=20
n_tech_168h=17
weeks_with_start_same_window_4w=15
tech_share_168h=15
nbr_n_alarm_24h=15
n_alarm_168h=14
n_lowhist_168h=13
v_trend_24h=12
h_since_v_hi=12
v_max_max_24h=11
active_hours_24h=10
start_same_window_7d_ago=10
n_v_hi_720h=9
n_alarm_24h=8
ldtz_min_24h=7
v_mean_24h=7
n_ev_24h=5
weeks_with_start_4w=5
v_drift_24_168=4
n_v_pos_168h=4
v_slope_6h=4
nbr_n_start_24h=4
ldtz_max_max_24h=3
n_v_pos_720h=3
v_slope_1h=3
v_std_max_24h=2
nbr_n_ev_6h=2
v_last=1
n_tech_24h=1
vz_absmax_max_24h=1
n_v_pos_24h=1
nbr_n_alarm_6h=1
nbr_n_tech_6h=1

parameters:
[boosting: gbdt]
[objective: binary]
[metric: average_precision]
[tree_learner: serial]
[device_type: cpu]
[data_sample_strategy: bagging]
[data: ]
[valid: ]
[num_iterations: 5000]
[learning_rate: 0.03]
[num_leaves: 31]
[num_threads: 20]
[seed: 42]
[deterministic: 0]
[force_col_wise: 0]
[force_row_wise: 0]
[histogram_pool_size: -1]
[max_depth: -1]
[min_data_in_leaf: 1000]
[min_sum_hessian_in_leaf: 0.001]
[bagging_fraction: 0.7]
[pos_bagging_fraction: 1]
[neg_bagging_fraction: 1]
[bagging_freq: 1]
[bagging_seed: 400]
[bagging_by_query: 0]
[feature_fraction: 0.6]
[feature_fraction_bynode: 1]
[feature_fraction_seed: 30056]
[extra_trees: 0]
[extra_seed: 12879]
[early_stopping_round: 0]
[early_stopping_min_delta: 0]
[first_metric_only: 0]
[max_delta_step: 0]
[lambda_l1: 0]
[lambda_l2: 10]
[linear_lambda: 0]
[min_gain_to_split: 0]
[drop_rate: 0.1]
[max_drop: 50]
[skip_drop: 0.5]
[xgboost_dart_mode: 0]
[uniform_drop: 0]
[drop_seed: 17869]
[top_rate: 0.2]
[other_rate: 0.1]
[min_data_per_group: 500]
[max_cat_threshold: 16]
[cat_l2: 10]
[cat_smooth: 50]
[max_cat_to_onehot: 4]
[top_k: 20]
[monotone_constraints: ]
[monotone_constraints_method: basic]
[monotone_penalty: 0]
[feature_contri: ]
[forcedsplits_filename: ]
[refit_decay_rate: 0.9]
[cegb_tradeoff: 1]
[cegb_penalty_split: 0]
[cegb_penalty_feature_lazy: ]
[cegb_penalty_feature_coupled: ]
[path_smooth: 0]
[interaction_constraints: ]
[verbosity: -1]
[saved_feature_importance_type: 0]
[use_quantized_grad: 0]
[num_grad_quant_bins: 4]
[quant_train_renew_leaf: 0]
[stochastic_rounding: 1]
[linear_tree: 0]
[max_bin: 255]
[max_bin_by_feature: ]
[min_data_in_bin: 3]
[bin_construct_sample_cnt: 200000]
[data_random_seed: 175]
[is_enable_sparse: 1]
[enable_bundle: 1]
[use_missing: 1]
[zero_as_missing: 0]
[feature_pre_filter: 1]
[pre_partition: 0]
[two_round: 0]
[header: 0]
[label_column: ]
[weight_column: ]
[group_column: ]
[ignore_column: ]
[categorical_feature: 57,114]
[forcedbins_filename: ]
[precise_float_parser: 0]
[parser_config_file: ]
[objective_seed: 16083]
[num_class: 1]
[is_unbalance: 0]
[scale_pos_weight: 1]
[sigmoid: 1]
[boost_from_average: 1]
[reg_sqrt: 0]
[alpha: 0.9]
[fair_c: 1]
[poisson_max_delta_step: 0.7]
[tweedie_variance_power: 1.5]
[lambdarank_truncation_level: 30]
[lambdarank_norm: 1]
[label_gain: ]
[lambdarank_position_bias_regularization: 0]
[eval_at: ]
[multi_error_top_k: 1]
[auc_mu_weights: ]
[num_machines: 1]
[local_listen_port: 12400]
[time_out: 120]
[machine_list_filename: ]
[machines: ]
[gpu_platform_id: -1]
[gpu_device_id: -1]
[gpu_device_id_list: ]
[gpu_use_dp: 0]
[num_gpu: 1]

end of parameters

pandas_categorical:[]
