ид_канала_данных,код_типа_датчика,код_объекта,код_комплекса,объект_охранный,пикет
2866,3,2,5,1,506
2868,3,2,5,1,498
2869,6,2,5,1,498
2870,3,2,5,1,484
2871,6,2,5,1,484
2874,3,2,5,1,483
2875,6,2,5,1,483
2876,3,2,5,1,469
2877,6,2,5,1,469
2878,3,2,5,1,457
2879,6,2,5,1,457
2880,3,2,5,1,451
2881,6,2,5,1,451
2884,3,2,5,1,451
2885,6,2,5,1,451
2886,3,2,5,1,428
2887,6,2,5,1,428
2888,3,2,5,1,424
2892,3,2,5,1,414
2896,3,2,5,1,410
2898,3,2,5,1,399
2899,6,2,5,1,399
2902,3,2,5,1,389
2904,3,2,5,1,378
2906,3,2,5,1,377
2907,6,2,5,1,377
2942,3,2,5,1,366
2943,6,2,5,1,366
2944,3,2,5,1,349
2945,6,2,5,1,349
2946,3,2,5,1,339
2947,6,2,5,1,339
2952,3,2,5,1,312
2956,3,2,5,1,300
2957,6,2,5,1,300
2960,3,2,5,1,296
2961,6,2,5,1,296
2962,3,2,5,1,282
2964,3,2,5,1,274
2965,6,2,5,1,274
2976,3,2,5,1,227
2977,6,2,5,1,227
2978,3,2,5,1,223
2979,6,2,5,1,223
2982,3,2,5,1,192
2984,3,2,5,1,186
2985,6,2,5,1,186
2988,3,2,5,1,177
2989,6,2,5,1,177
2992,9,2,5,1,506
2994,8,2,5,1,484
2995,8,2,5,1,484
2996,10,2,5,1,469
2997,9,2,5,1,457
2999,9,2,5,1,457
3000,8,2,5,1,451
3001,9,2,5,1,451
3002,9,2,5,1,451
3003,8,2,5,1,451
3006,9,2,5,1,410
3007,9,2,5,1,410
3009,8,2,5,1,399
3011,8,2,5,1,378
3012,9,2,5,1,377
3018,9,34,5,0,24
3035,9,2,5,1,366
3036,9,2,5,1,366
3037,8,2,5,1,366
3038,9,2,5,1,366
3039,8,2,5,1,349
3041,9,2,5,1,321
3042,8,2,5,1,321
3043,9,34,5,0,321
3044,9,2,5,1,312
3045,9,2,5,1,312
3046,9,2,5,1,312
3048,9,2,5,1,300
3050,8,2,5,1,300
3051,8,2,5,1,296
3053,8,2,5,1,274
3056,9,2,5,1,254
3057,9,2,5,1,254
3058,8,2,5,1,254
3059,9,2,5,1,254
3060,9,34,5,0,254
3062,9,2,5,1,192
3063,9,2,5,1,192
3064,8,2,5,1,192
3067,8,2,5,1,177
3068,8,2,5,1,169
3069,4,4,5,0,
3070,9,34,5,0,
3071,9,4,5,0,
3072,18,4,5,0,
3073,3,4,5,0,
3074,4,4,5,0,
3075,9,4,5,0,
3076,18,4,5,0,
3077,3,4,5,0,
3078,4,4,5,0,
3080,9,4,5,0,
3082,3,4,5,0,
3083,4,4,5,0,
3084,3,4,5,0,
3085,4,4,5,0,
3086,9,4,5,0,
3087,12,4,5,0,
3088,4,4,5,0,
3089,9,4,5,0,
3090,3,4,5,0,
3091,12,4,5,0,
3092,3,4,5,0,
3094,4,4,5,0,
3095,12,4,5,0,
3096,4,4,5,0,
3097,9,4,5,0,
3098,3,4,5,0,
3099,4,4,5,0,
3100,3,4,5,0,
3107,13,2,5,1,506
3108,13,2,5,1,484
3109,13,2,5,1,451
3110,13,2,5,1,451
3111,13,2,5,1,424
3112,13,2,5,1,410
3113,13,2,5,1,399
3114,13,2,5,1,378
3115,13,2,5,1,366
3116,13,2,5,1,350
3117,13,2,5,1,321
3118,13,2,5,1,312
3119,13,2,5,1,300
3120,13,2,5,1,296
3121,13,2,5,1,275
3122,13,2,5,1,254
3123,13,2,5,1,217
3124,13,2,5,1,192
3125,13,2,5,1,177
3126,7,34,5,0,24
3127,7,34,5,0,
3128,7,34,5,0,321
3129,7,34,5,0,254
8767,14,6,2,0,102
8768,14,6,2,0,91
8769,14,6,2,0,87
8770,14,6,2,0,87
8771,14,6,2,0,77
8772,14,6,2,0,48
8773,14,6,2,0,47
8774,14,6,2,0,28
8775,14,6,2,0,11
8776,17,6,2,0,87
8777,17,6,2,0,63
8778,17,6,2,0,48
8779,17,6,2,0,48
8780,17,6,2,0,28
8781,17,6,2,0,11
8782,17,6,2,0,58
8783,17,6,2,0,58
8784,17,6,2,0,58
8785,17,6,2,0,58
8786,17,6,2,0,58
8787,17,6,2,0,58
8790,11,6,2,0,102
8791,11,6,2,0,91
8792,11,6,2,0,87
8793,11,6,2,0,87
8794,11,6,2,0,77
8795,11,6,2,0,48
8796,11,6,2,0,46
8797,11,6,2,0,28
8798,11,6,2,0,11
8799,11,6,2,0,58
8800,11,6,2,0,58
8801,11,6,2,0,58
8802,11,6,2,0,58
8803,11,6,2,0,58
8804,11,6,2,0,58
8808,2,6,2,0,2
8809,2,6,2,0,2
8810,2,6,2,0,65
8811,17,6,2,0,
8812,15,6,2,0,51
8813,17,6,2,0,28
8814,17,6,2,0,28
8815,17,6,2,0,25
8816,17,6,2,0,25
8817,17,6,2,0,5
8818,14,6,2,0,28
8819,14,6,2,0,24
8820,14,6,2,0,24
8821,14,6,2,0,14
8822,17,6,2,0,28
8823,17,6,2,0,28
8824,17,6,2,0,28
8825,17,6,2,0,28
8826,17,6,2,0,28
8827,11,6,2,0,28
8828,11,6,2,0,24
8829,11,6,2,0,24
8830,11,6,2,0,14
8831,11,6,2,0,28
8832,11,6,2,0,28
8833,11,6,2,0,28
8834,11,6,2,0,28
8835,11,6,2,0,28
9328,16,34,5,0,
9329,16,4,5,0,
9330,16,2,5,1,
9333,6,2,5,1,484
9334,6,2,5,1,469
9335,6,2,5,1,457
9336,6,2,5,1,451
9337,6,2,5,1,451
9338,6,2,5,1,424
9340,6,2,5,1,399
9351,6,2,5,1,349
9357,6,2,5,1,296
9359,6,2,5,1,274
9361,6,2,5,1,254
9363,6,2,5,1,192
9365,6,2,5,1,177
9366,6,2,5,1,169
9367,6,4,5,0,
9368,6,4,5,0,
9369,6,4,5,0,
9370,6,4,5,0,
9371,6,4,5,0,
9372,6,4,5,0,
9374,6,4,5,0,
9375,6,4,5,0,
9376,6,4,5,0,
9377,6,4,5,0,
9378,6,4,5,0,
9379,6,4,5,0,
47585,17,6,2,0,58
47586,17,6,2,0,58
47838,2,6,2,0,2
47840,17,6,2,0,
48120,17,6,2,0,28
48121,17,6,2,0,28
50638,16,5,14,0,
50733,6,3,8,1,790
50960,4,5,14,0,
50961,9,5,14,0,
50962,3,5,14,0,
50963,12,5,14,0,
50965,6,5,14,0,
50966,4,5,14,0,
50967,9,5,14,0,
50968,9,5,14,0,
50969,12,5,14,0,
50970,6,5,14,0,
50973,7,27,14,0,
51139,17,21,14,0,0
51140,17,21,14,0,24
51141,17,21,14,0,24
51142,17,21,14,0,53
51143,17,21,14,0,84
51148,11,21,14,0,24
51663,17,21,14,0,42
51664,17,21,14,0,63
51667,14,21,14,0,24
51668,14,21,14,0,42
51669,14,21,14,0,63
51670,14,21,14,0,83
51671,14,21,14,0,104
51672,14,21,14,0,112
51673,14,21,14,0,53
51675,15,21,14,0,109
51676,15,21,14,0,109
51678,17,21,14,0,
51680,17,21,14,0,
51682,17,21,14,0,
51684,17,21,14,0,
51688,2,21,14,0,
51690,11,21,14,0,42
51691,11,21,14,0,63
51692,11,21,14,0,83
51693,11,21,14,0,104
51694,11,21,14,0,112
51695,11,21,14,0,53
51697,11,21,14,0,
51699,11,21,14,0,
51701,11,21,14,0,
51703,11,21,14,0,
77532,16,8,9,1,
77533,16,9,9,0,
77534,4,9,9,0,
77535,9,10,9,0,
77536,9,9,9,0,
77537,9,9,9,0,
77538,3,9,9,0,
77539,18,9,9,0,
77541,4,9,9,0,
77542,18,9,9,0,
77544,7,10,9,0,
77545,7,10,9,0,
77546,3,8,9,1,501
77548,3,8,9,1,505
77550,3,8,9,1,507
77552,3,8,9,1,507
77553,6,8,9,1,507
77560,3,8,9,1,526
77562,3,8,9,1,526
77563,6,8,9,1,527
77568,3,8,9,1,540
77569,6,8,9,1,540
77570,3,8,9,1,541
77571,6,8,9,1,541
77672,3,8,9,1,708
77678,3,8,9,1,720
77679,6,8,9,1,720
77682,3,8,9,1,720
77683,6,8,9,1,720
77686,3,8,9,1,722
77690,3,8,9,1,722
77691,6,8,9,1,722
77702,3,8,9,1,753
77704,3,8,9,1,753
77705,6,8,9,1,753
77708,3,8,9,1,765
77710,3,8,9,1,765
77712,3,8,9,1,765
77713,6,8,9,1,765
77718,3,8,9,1,773
77719,6,8,9,1,773
77724,3,8,9,1,785
77726,3,8,9,1,785
77727,6,8,9,1,785
77728,3,8,9,1,785
77734,3,8,9,1,799
77735,6,8,9,1,799
77736,3,8,9,1,799
77737,6,8,9,1,799
77744,3,8,9,1,815
77752,3,8,9,1,826
77753,6,8,9,1,826
77754,3,8,9,1,826
77755,6,8,9,1,826
77758,3,8,9,1,834
77759,6,8,9,1,834
77764,3,8,9,1,842
77765,6,8,9,1,842
77766,3,8,9,1,842
77770,3,8,9,1,848
77771,6,8,9,1,848
77772,3,8,9,1,851
77773,6,8,9,1,851
77774,3,8,9,1,852
77775,6,8,9,1,852
77776,8,8,9,1,500
77777,6,8,9,1,500
77778,8,8,9,1,507
77779,6,8,9,1,505
77780,9,8,9,1,508
77781,9,8,9,1,508
77782,9,8,9,1,508
77783,6,8,9,1,508
77784,8,8,9,1,526
77785,9,8,9,1,526
77786,6,8,9,1,526
77787,9,8,9,1,526
77788,6,8,9,1,529
77789,9,8,9,1,541
77790,6,8,9,1,541
77827,8,8,9,1,722
77828,9,8,9,1,723
77829,9,8,9,1,723
77830,6,8,9,1,723
77831,9,8,9,1,754
77832,6,8,9,1,749
77833,8,8,9,1,753
77834,9,8,9,1,754
77835,6,8,9,1,754
77836,8,8,9,1,765
77837,6,8,9,1,765
77838,8,8,9,1,785
77839,9,8,9,1,785
77840,9,8,9,1,785
77842,8,8,9,1,815
77843,9,8,9,1,815
77844,9,8,9,1,815
77845,6,8,9,1,815
77846,9,8,9,1,815
77847,9,8,9,1,815
77849,9,8,9,1,842
77850,8,8,9,1,842
77851,6,8,9,1,842
77852,9,8,9,1,842
77853,6,8,9,1,844
77854,8,8,9,1,852
77855,6,8,9,1,850
90695,10,8,9,1,765
90696,10,8,9,1,765
90698,10,8,9,1,785
90699,10,8,9,1,849
90700,10,8,9,1,851
90715,10,8,9,1,720
90716,10,8,9,1,720
90718,10,8,9,1,773
90720,10,8,9,1,799
90722,10,8,9,1,799
90723,10,8,9,1,800
90724,10,8,9,1,825
90726,10,8,9,1,825
93138,16,11,10,1,
93181,3,11,10,1,510
93187,3,11,10,1,510
93191,3,11,10,1,491
93193,3,11,10,1,491
93197,3,11,10,1,473
93198,6,11,10,1,473
93199,3,11,10,1,473
93203,3,11,10,1,459
93205,3,11,10,1,459
93207,3,11,10,1,458
93209,3,11,10,1,447
93211,3,11,10,1,447
93215,3,11,10,1,432
93217,3,11,10,1,432
93221,3,11,10,1,419
93222,6,11,10,1,419
93223,3,11,10,1,419
93229,3,11,10,1,391
93231,3,11,10,1,391
93237,3,11,10,1,371
93238,6,11,10,1,371
93239,3,11,10,1,371
93241,3,11,10,1,371
93243,3,11,10,1,370
93244,6,11,10,1,370
93245,3,11,10,1,355
93247,3,11,10,1,355
93251,3,11,10,1,340
93253,3,11,10,1,340
93259,3,11,10,1,319
93261,3,11,10,1,319
93269,3,11,10,1,304
93271,3,11,10,1,304
93272,6,11,10,1,304
93277,3,11,10,1,287
93279,3,11,10,1,287
93280,6,11,10,1,287
93285,3,11,10,1,269
93287,3,11,10,1,269
93291,3,11,10,1,269
93292,6,11,10,1,269
93424,4,11,10,1,510
93425,8,11,10,1,510
93426,9,11,10,1,510
93428,4,11,10,1,510
93429,19,11,10,1,510
93430,9,11,10,1,510
93433,19,11,10,1,510
93434,19,11,10,1,510
93435,6,11,10,1,510
93437,19,11,10,1,510
93438,6,11,10,1,510
93439,19,11,10,1,510
93440,19,11,10,1,510
93441,9,11,10,1,510
93442,6,11,10,1,510
93443,4,11,10,1,510
93447,4,11,10,1,510
93448,8,11,10,1,510
93450,19,11,10,1,508
93451,19,11,10,1,505
93452,6,11,10,1,510
93454,19,11,10,1,492
93455,19,11,10,1,498
93456,19,11,10,1,501
93457,6,11,10,1,492
93458,4,11,10,1,491
93461,4,11,10,1,491
93462,9,11,10,1,491
93464,19,11,10,1,489
93465,19,11,10,1,486
93466,19,11,10,1,483
93467,9,11,10,1,491
93468,19,11,10,1,491
93470,4,11,10,1,473
93472,6,11,10,1,473
93473,8,11,10,1,474
93475,6,11,10,1,473
93476,19,11,10,1,473
93477,9,11,10,1,474
93478,19,11,10,1,474
93479,19,11,10,1,477
93481,6,11,10,1,473
93482,19,11,10,1,459
93483,19,11,10,1,462
93484,19,11,10,1,465
93485,19,11,10,1,468
93486,19,11,10,1,471
93487,6,11,10,1,459
93488,4,11,10,1,459
93489,8,11,10,1,459
93491,4,11,10,1,459
93492,9,11,10,1,459
93494,19,11,10,1,459
93495,19,11,10,1,459
93496,9,11,10,1,459
93498,19,11,10,1,459
93499,19,11,10,1,459
93500,9,11,10,1,459
93501,6,11,10,1,459
93502,19,11,10,1,448
93503,19,11,10,1,451
93504,19,11,10,1,454
93505,19,11,10,1,457
93507,4,11,10,1,447
93508,9,11,10,1,447
93510,4,11,10,1,447
93511,8,11,10,1,447
93513,19,11,10,1,447
93514,9,11,10,1,447
93516,19,11,10,1,445
93517,19,11,10,1,442
93518,19,11,10,1,447
93519,19,11,10,1,447
93520,9,11,10,1,447
93522,4,11,10,1,432
93523,8,11,10,1,432
93524,19,11,10,1,432
93525,19,11,10,1,434
93527,4,11,10,1,432
93528,9,11,10,1,432
93530,19,11,10,1,432
93531,19,11,10,1,432
93532,9,11,10,1,432
93534,19,11,10,1,432
93535,19,11,10,1,432
93536,9,11,10,1,432
93538,19,11,10,1,432
93539,19,11,10,1,432
93540,9,11,10,1,432
93541,19,11,10,1,428
93542,19,11,10,1,425
93543,6,11,10,1,431
93544,19,11,10,1,419
93545,9,11,10,1,419
93546,19,11,10,1,419
93547,19,11,10,1,422
93548,6,11,10,1,419
93549,4,11,10,1,419
93550,9,11,10,1,419
93551,8,11,10,1,419
93553,19,11,10,1,419
93554,9,11,10,1,419
93556,19,11,10,1,415
93557,19,11,10,1,411
93558,19,11,10,1,408
93559,19,11,10,1,403
93560,6,11,10,1,417
93561,19,11,10,1,391
93562,19,11,10,1,394
93563,19,11,10,1,397
93564,19,11,10,1,401
93565,6,11,10,1,391
93566,4,11,10,1,391
93567,8,11,10,1,391
93569,4,11,10,1,391
93570,9,11,10,1,391
93572,19,11,10,1,390
93573,9,11,10,1,391
93574,9,11,10,1,391
93576,19,11,10,1,387
93578,19,11,10,1,380
93579,6,11,10,1,390
93580,19,11,10,1,371
93581,19,11,10,1,374
93582,19,11,10,1,377
93583,6,11,10,1,371
93584,4,11,10,1,371
93585,8,11,10,1,371
93586,6,11,10,1,371
93587,4,11,10,1,371
93588,8,11,10,1,371
93590,4,11,10,1,371
93591,9,11,10,1,371
93593,19,11,10,1,371
93594,9,11,10,1,371
93595,19,11,10,1,371
93596,6,11,10,1,371
93597,19,11,10,1,367
93598,19,11,10,1,364
93600,19,11,10,1,358
93601,6,11,10,1,369
93602,19,11,10,1,355
93603,19,11,10,1,355
93604,9,11,10,1,355
93606,4,11,10,1,355
93607,8,11,10,1,355
93610,9,11,10,1,355
93612,9,11,10,1,355
93613,19,11,10,1,355
93615,19,11,10,1,352
93616,19,11,10,1,349
93617,19,11,10,1,345
93618,9,11,10,1,355
93619,6,11,10,1,354
93620,19,11,10,1,341
93621,19,11,10,1,343
93622,19,11,10,1,346
93623,6,11,10,1,341
93624,4,11,10,1,340
93626,8,11,10,1,340
93628,4,11,10,1,340
93631,19,11,10,1,340
93632,19,11,10,1,340
93633,9,11,10,1,340
93635,19,11,10,1,340
93636,19,11,10,1,340
93638,6,11,10,1,340
93639,19,11,10,1,334
93640,19,11,10,1,331
93642,19,11,10,1,338
93643,6,11,10,1,331
93644,19,11,10,1,321
93645,9,11,10,1,319
93646,19,11,10,1,329
93647,19,11,10,1,326
93648,19,11,10,1,322
93649,6,11,10,1,322
93650,4,11,10,1,319
93651,8,11,10,1,319
93652,19,11,10,1,321
93654,4,11,10,1,319
93655,9,11,10,1,319
93656,19,11,10,1,321
93658,9,11,10,1,319
93659,19,11,10,1,321
93661,19,11,10,1,318
93662,19,11,10,1,315
93663,19,11,10,1,313
93664,6,11,10,1,313
93665,19,11,10,1,304
93666,9,11,10,1,304
93667,19,11,10,1,305
93668,19,11,10,1,307
93669,19,11,10,1,309
93670,6,11,10,1,305
93671,4,11,10,1,304
93672,9,11,10,1,304
93673,8,11,10,1,304
93674,19,11,10,1,304
93676,9,11,10,1,304
93677,19,11,10,1,304
93678,6,11,10,1,304
93679,19,11,10,1,296
93680,19,11,10,1,299
93681,19,11,10,1,302
93682,19,11,10,1,293
93683,6,11,10,1,296
93684,19,11,10,1,287
93685,9,11,10,1,287
93686,19,11,10,1,284
93687,19,11,10,1,287
93688,19,11,10,1,290
93689,6,11,10,1,287
93690,8,11,10,1,287
93692,19,11,10,1,287
93693,9,11,10,1,287
93695,9,11,10,1,287
93696,19,11,10,1,287
93698,19,11,10,1,284
93699,19,11,10,1,281
93700,19,11,10,1,278
93701,19,11,10,1,275
93702,6,11,10,1,277
93703,19,11,10,1,275
93704,19,11,10,1,272
93705,19,11,10,1,269
93707,9,11,10,1,269
93710,8,11,10,1,269
93712,9,11,10,1,269
93713,19,11,10,1,269
93714,19,11,10,1,269
93716,19,11,10,1,269
93718,19,11,10,1,269
93719,19,11,10,1,269
93720,6,11,10,1,269
93747,3,11,10,1,238
93749,3,11,10,1,238
93755,3,11,10,1,228
93756,6,11,10,1,228
93757,3,11,10,1,228
93759,3,11,10,1,227
93763,3,11,10,1,209
93765,3,11,10,1,209
93769,3,11,10,1,196
93771,3,11,10,1,196
93775,3,11,10,1,183
93777,3,11,10,1,183
93779,3,11,10,1,174
93781,3,11,10,1,174
93782,6,11,10,1,174
93783,3,11,10,1,167
93785,3,11,10,1,166
93787,3,11,10,1,167
93789,3,11,10,1,167
93793,3,11,10,1,167
93794,6,11,10,1,167
93797,3,11,10,1,155
93799,3,11,10,1,155
93805,3,11,10,1,144
93807,3,11,10,1,144
93813,3,11,10,1,144
93817,3,11,10,1,123
93819,3,11,10,1,123
93825,3,11,10,1,123
93826,6,11,10,1,123
93829,3,11,10,1,106
93833,3,11,10,1,106
93837,3,11,10,1,86
93838,6,11,10,1,86
93839,3,11,10,1,85
93843,3,11,10,1,76
93845,3,11,10,1,77
93847,3,11,10,1,77
93855,3,11,10,1,75
93856,6,11,10,1,75
93859,3,11,10,1,66
93861,3,11,10,1,66
93865,3,11,10,1,65
93869,3,11,10,1,50
93873,3,11,10,1,50
93879,3,11,10,1,39
93881,3,11,10,1,39
93889,3,11,10,1,26
93895,3,11,10,1,11
93897,3,11,10,1,10
93898,6,11,10,1,10
93901,3,11,10,1,4
93902,6,11,10,1,4
93907,3,11,10,1,2
93908,6,11,10,1,2
93909,3,11,10,1,0
93911,19,11,10,1,238
93912,19,11,10,1,241
93913,19,11,10,1,245
93915,19,11,10,1,251
93917,4,11,10,1,238
93918,8,11,10,1,237
93919,9,11,10,1,237
93921,4,11,10,1,238
93923,19,11,10,1,238
93924,19,11,10,1,238
93925,9,11,10,1,237
93927,19,11,10,1,235
93928,19,11,10,1,233
93929,19,11,10,1,231
93930,19,11,10,1,229
93931,6,11,10,1,237
93932,19,11,10,1,228
93933,19,11,10,1,228
93934,9,11,10,1,228
93936,4,11,10,1,228
93937,8,11,10,1,228
93940,8,11,10,1,227
93941,9,11,10,1,228
93943,19,11,10,1,228
93944,19,11,10,1,228
93945,9,11,10,1,228
93947,19,11,10,1,225
93948,19,11,10,1,223
93949,19,11,10,1,220
93950,19,11,10,1,217
93951,19,11,10,1,215
93953,19,11,10,1,206
93954,19,11,10,1,206
93956,19,11,10,1,206
93958,9,11,10,1,209
93959,8,11,10,1,209
93961,19,11,10,1,204
93962,19,11,10,1,201
93964,19,11,10,1,196
93965,19,11,10,1,198
93966,19,11,10,1,195
93967,19,11,10,1,195
93969,8,11,10,1,195
93972,19,11,10,1,195
93974,19,11,10,1,193
93975,19,11,10,1,190
93976,19,11,10,1,188
93977,19,11,10,1,184
93979,19,11,10,1,183
93980,19,11,10,1,183
93982,4,11,10,1,183
93983,8,11,10,1,183
93984,9,11,10,1,183
93987,19,11,10,1,180
93988,19,11,10,1,177
93989,19,11,10,1,175
93991,19,11,10,1,174
93992,10,11,10,1,174
93994,19,11,10,1,174
93995,6,11,10,1,174
93996,19,11,10,1,171
93997,19,11,10,1,168
93998,19,11,10,1,174
93999,6,11,10,1,173
94001,4,11,10,1,166
94002,9,11,10,1,167
94003,9,11,10,1,167
94004,8,11,10,1,166
94006,4,11,10,1,167
94008,4,11,10,1,167
94010,8,11,10,1,167
94013,19,11,10,1,167
94016,19,11,10,1,167
94017,19,11,10,1,167
94019,19,11,10,1,168
94020,19,11,10,1,167
94022,19,11,10,1,155
94023,19,11,10,1,159
94026,8,11,10,1,155
94028,19,11,10,1,155
94029,19,11,10,1,155
94032,19,11,10,1,148
94033,19,11,10,1,151
94034,19,11,10,1,154
94035,6,11,10,1,145
94036,19,11,10,1,144
94038,19,11,10,1,144
94039,8,11,10,1,144
94042,19,11,10,1,144
94044,19,11,10,1,144
94045,19,11,10,1,141
94046,19,11,10,1,139
94048,19,11,10,1,124
94049,19,11,10,1,127
94050,19,11,10,1,130
94051,19,11,10,1,133
94052,19,11,10,1,136
94053,6,11,10,1,132
94054,8,11,10,1,123
94057,19,11,10,1,123
94060,9,11,10,1,123
94062,19,11,10,1,123
94064,19,11,10,1,121
94065,19,11,10,1,123
94067,19,11,10,1,109
94068,19,11,10,1,112
94069,19,11,10,1,114
94070,19,11,10,1,117
94071,6,11,10,1,112
94074,4,11,10,1,106
94075,8,11,10,1,106
94079,19,11,10,1,106
94081,19,11,10,1,103
94082,19,11,10,1,106
94083,6,11,10,1,106
94084,19,11,10,1,86
94085,19,11,10,1,89
94086,19,11,10,1,82
94087,19,11,10,1,96
94088,19,11,10,1,100
94089,6,11,10,1,92
94090,8,11,10,1,86
94091,6,11,10,1,86
94092,6,11,10,1,85
94094,4,11,10,1,85
94095,9,11,10,1,85
94097,6,11,10,1,85
94098,19,11,10,1,85
94099,9,11,10,1,85
94100,19,11,10,1,83
94101,19,11,10,1,80
94102,6,11,10,1,85
94103,4,11,10,1,76
94104,9,11,10,1,76
94106,8,11,10,1,77
94108,8,11,10,1,77
94110,19,11,10,1,76
94111,19,11,10,1,76
94113,19,11,10,1,76
94115,19,11,10,1,76
94116,6,11,10,1,76
94117,19,11,10,1,66
94118,19,11,10,1,69
94119,19,11,10,1,72
94120,19,11,10,1,74
94121,19,11,10,1,76
94122,6,11,10,1,75
94123,19,11,10,1,66
94124,6,11,10,1,66
94125,8,11,10,1,66
94127,19,11,10,1,66
94128,9,11,10,1,66
94133,19,11,10,1,66
94135,19,11,10,1,66
94136,19,11,10,1,63
94137,6,11,10,1,65
94138,6,11,10,1,57
94139,8,11,10,1,50
94143,9,11,10,1,50
94145,19,11,10,1,50
94146,19,11,10,1,50
94147,9,11,10,1,50
94148,6,11,10,1,50
94149,9,11,10,1,50
94150,19,11,10,1,47
94151,19,11,10,1,51
94152,6,11,10,1,50
94153,8,11,10,1,39
94158,4,11,10,1,39
94160,19,11,10,1,39
94161,19,11,10,1,39
94162,6,11,10,1,39
94163,19,11,10,1,39
94164,19,11,10,1,39
94165,19,11,10,1,43
94166,6,11,10,1,39
94167,19,11,10,1,33
94168,19,11,10,1,37
94169,19,11,10,1,30
94170,19,11,10,1,28
94172,8,11,10,1,26
94174,9,11,10,1,27
94176,19,11,10,1,27
94177,6,11,10,1,27
94180,19,11,10,1,27
94181,19,11,10,1,27
94182,9,11,10,1,27
94184,19,11,10,1,21
94185,19,11,10,1,17
94186,19,11,10,1,15
94187,19,11,10,1,12
94188,6,11,10,1,17
94189,9,11,10,1,10
94191,8,11,10,1,11
94192,19,11,10,1,10
94194,6,11,10,1,10
94195,19,11,10,1,10
94196,6,11,10,1,10
94197,19,11,10,1,9
94198,19,11,10,1,7
94199,6,11,10,1,9
94200,19,11,10,1,3
94201,19,11,10,1,2
94203,19,11,10,1,2
94205,19,11,10,1,2
94206,19,11,10,1,2
94208,19,11,10,1,2
94210,9,11,10,1,2
94211,8,11,10,1,2
94215,6,11,10,1,0
94216,6,11,10,1,0
94217,4,11,10,1,0
94218,9,11,10,1,0
94816,8,11,10,1,491
94817,4,11,10,1,228
94818,4,11,10,1,227
94819,4,11,10,1,206
94820,4,11,10,1,206
94821,4,11,10,1,195
94822,9,11,10,1,195
94823,4,11,10,1,195
94824,9,11,10,1,183
94825,4,11,10,1,183
94826,4,11,10,1,167
94827,4,11,10,1,167
94828,9,11,10,1,167
94829,4,11,10,1,155
94830,9,11,10,1,155
94831,4,11,10,1,155
94832,19,11,10,1,155
94833,9,11,10,1,155
94834,9,11,10,1,155
94835,4,11,10,1,144
94836,4,11,10,1,144
94837,9,11,10,1,144
94838,4,11,10,1,123
94839,4,11,10,1,123
94840,4,11,10,1,123
94841,4,11,10,1,123
94842,9,11,10,1,123
94843,9,11,10,1,123
94844,4,11,10,1,106
94845,4,11,10,1,106
94846,4,11,10,1,106
94847,4,11,10,1,86
94848,4,11,10,1,85
94849,4,11,10,1,66
94850,4,11,10,1,50
94851,4,11,10,1,50
94852,9,11,10,1,39
94853,4,11,10,1,39
94854,4,11,10,1,39
94855,4,11,10,1,27
94856,19,11,10,1,27
94857,4,11,10,1,27
94858,4,11,10,1,27
94859,19,11,10,1,23
94860,9,11,10,1,10
94861,4,11,10,1,0
95332,14,13,10,0,459
95336,14,13,10,0,474
95340,14,13,10,0,491
95344,14,13,10,0,491
95348,14,13,10,0,510
95352,14,13,10,0,526
95356,17,13,10,0,541
95357,17,13,10,0,541
95358,17,13,10,0,474
95359,17,13,10,0,585
95360,17,13,10,0,
95361,17,13,10,0,
95362,17,13,10,0,541
95363,17,13,10,0,541
95364,17,13,10,0,
95365,17,13,10,0,
95366,17,13,10,0,
95367,17,13,10,0,
95368,17,13,10,0,
95369,17,13,10,0,
95370,17,13,10,0,
95371,17,13,10,0,
95372,17,13,10,0,
95373,17,13,10,0,
95374,15,13,10,0,
95375,15,13,10,0,
95376,15,13,10,0,
95377,15,13,10,0,
95378,15,13,10,0,
95379,15,13,10,0,
95380,17,13,10,0,447
95381,17,13,10,0,459
95382,17,13,10,0,474
95383,17,13,10,0,491
95384,17,13,10,0,509
95385,15,13,10,0,
95386,15,13,10,0,
95387,15,13,10,0,
95388,17,13,10,0,526
95389,17,13,10,0,541
95390,17,13,10,0,557
95391,17,13,10,0,572
95392,17,13,10,0,585
95393,14,13,10,0,557
95397,14,13,10,0,572
95401,14,13,10,0,585
95405,14,13,10,0,585
95409,11,13,10,0,459
95410,11,13,10,0,474
95412,11,13,10,0,491
95413,11,13,10,0,510
95414,11,13,10,0,526
95415,11,13,10,0,557
95416,11,13,10,0,572
95417,11,13,10,0,585
95418,11,13,10,0,585
95419,11,13,10,0,
95420,11,13,10,0,
95421,11,13,10,0,541
95422,11,13,10,0,541
95423,11,13,10,0,474
95424,11,13,10,0,585
95425,11,13,10,0,
95426,11,13,10,0,
95427,11,13,10,0,
95428,11,13,10,0,
95429,11,13,10,0,
95430,11,13,10,0,
95431,11,13,10,0,
95432,11,13,10,0,
95433,11,13,10,0,
95434,11,13,10,0,
95435,17,13,10,0,371
95436,17,13,10,0,371
95437,17,13,10,0,
95438,17,13,10,0,
95439,17,13,10,0,341
95440,17,13,10,0,
95442,17,13,10,0,
95443,17,13,10,0,
95444,17,13,10,0,
95445,17,13,10,0,
95448,17,13,10,0,
95449,17,13,10,0,
95450,17,13,10,0,
95451,17,13,10,0,371
95452,17,13,10,0,371
95453,14,13,10,0,320
95457,14,13,10,0,340
95461,14,13,10,0,340
95465,14,13,10,0,355
95469,14,13,10,0,371
95473,15,13,10,0,
95474,15,13,10,0,
95475,15,13,10,0,
95476,15,13,10,0,
95477,15,13,10,0,
95478,15,13,10,0,
95479,17,13,10,0,305
95480,17,13,10,0,320
95481,17,13,10,0,340
95482,17,13,10,0,355
95483,17,13,10,0,371
95484,17,13,10,0,381
95485,17,13,10,0,391
95486,17,13,10,0,419
95487,17,13,10,0,432
95488,14,13,10,0,419
95492,14,13,10,0,432
95496,14,13,10,0,446
95500,11,13,10,0,371
95501,11,13,10,0,371
95502,11,13,10,0,
95503,11,13,10,0,
95504,11,13,10,0,341
95505,11,13,10,0,
95507,11,13,10,0,
95508,11,13,10,0,
95509,11,13,10,0,
95510,11,13,10,0,
95513,11,13,10,0,
95514,11,13,10,0,
95515,11,13,10,0,
95516,11,13,10,0,320
95517,11,13,10,0,340
95518,11,13,10,0,340
95519,11,13,10,0,355
95520,11,13,10,0,371
95521,11,13,10,0,419
95522,11,13,10,0,432
95523,11,13,10,0,446
95914,9,78,3,0,
96207,17,13,10,0,227
96212,15,13,10,0,
96215,15,13,10,0,
96217,14,13,10,0,228
96220,14,13,10,0,287
96236,14,13,10,0,155
96237,14,13,10,0,166
96241,14,13,10,0,182
96246,17,13,10,0,
96247,17,13,10,0,
96253,17,13,10,0,
96255,17,13,10,0,
96257,17,13,10,0,
96259,17,13,10,0,
96262,17,13,10,0,
96263,17,13,10,0,
96264,17,13,10,0,173
96265,17,13,10,0,
96266,17,13,10,0,228
96278,11,13,10,0,155
96279,11,13,10,0,166
96280,11,13,10,0,166
96281,11,13,10,0,182
96282,11,13,10,0,195
96283,11,13,10,0,228
96284,11,13,10,0,228
96285,11,13,10,0,237
96286,11,13,10,0,256
96287,11,13,10,0,269
96288,11,13,10,0,287
96289,11,13,10,0,
96290,11,13,10,0,
96291,11,13,10,0,
96292,11,13,10,0,
96293,11,13,10,0,
96294,11,13,10,0,
96295,11,13,10,0,
96296,11,13,10,0,
96297,11,13,10,0,228
96298,11,13,10,0,228
96299,11,13,10,0,
96300,11,13,10,0,
96301,11,13,10,0,
96302,11,13,10,0,
96303,11,13,10,0,
96304,11,13,10,0,
96305,11,13,10,0,
96311,17,13,10,0,
96312,17,13,10,0,
96313,17,13,10,0,
96318,17,13,10,0,0
96319,17,13,10,0,11
96320,17,13,10,0,26
96321,17,13,10,0,39
96322,17,13,10,0,50
96323,17,13,10,0,77
96324,17,13,10,0,106
96327,14,13,10,0,26
96328,14,13,10,0,50
96329,14,13,10,0,66
96330,14,13,10,0,66
96331,14,13,10,0,77
96332,14,13,10,0,106
96336,14,13,10,0,106
96345,17,13,10,0,77
96346,17,13,10,0,77
96359,11,13,10,0,0
96360,11,13,10,0,77
96361,11,13,10,0,
96362,11,13,10,0,
96363,11,13,10,0,
96364,11,13,10,0,26
96365,11,13,10,0,106
96366,11,13,10,0,
96367,11,13,10,0,
96368,11,13,10,0,
96369,11,13,10,0,
96370,11,13,10,0,
96372,11,13,10,0,11
96373,11,13,10,0,26
96374,11,13,10,0,39
96375,11,13,10,0,50
96376,11,13,10,0,66
96377,11,13,10,0,66
96378,11,13,10,0,77
96379,11,13,10,0,106
96380,11,13,10,0,106
96381,11,13,10,0,123
96405,17,13,10,0,144
96406,17,13,10,0,156
96407,17,13,10,0,167
96408,17,13,10,0,173
96409,17,13,10,0,183
96410,17,13,10,0,195
96411,15,13,10,0,
96412,15,13,10,0,
96413,15,13,10,0,
96414,17,13,10,0,227
96415,17,13,10,0,209
96416,17,13,10,0,228
96417,17,13,10,0,257
96418,17,13,10,0,257
96419,17,13,10,0,269
96420,15,13,10,0,
96423,14,13,10,0,237
96426,14,13,10,0,256
96430,14,13,10,0,269
96437,14,13,10,0,166
96441,14,13,10,0,195
96445,14,13,10,0,228
96449,17,13,10,0,
96450,17,13,10,0,
96451,17,13,10,0,
96452,17,13,10,0,256
96453,17,13,10,0,
96454,17,13,10,0,228
96455,15,13,10,0,
96456,15,13,10,0,
96457,15,13,10,0,
96458,15,13,10,0,
96459,15,13,10,0,
96460,15,13,10,0,
96461,15,13,10,0,
96462,15,13,10,0,
96463,15,13,10,0,
96464,17,13,10,0,
96465,17,13,10,0,77
96466,17,13,10,0,77
96467,17,13,10,0,26
96468,17,13,10,0,106
96469,17,13,10,0,
96470,17,13,10,0,
96471,17,13,10,0,
96472,17,13,10,0,
96473,17,13,10,0,66
96474,17,13,10,0,86
96475,17,13,10,0,123
96476,14,13,10,0,11
96477,14,13,10,0,39
96480,14,13,10,0,123
98141,9,11,10,1,510
98142,19,11,10,1,492
98151,19,11,10,1,210
98152,19,11,10,1,212
98153,19,11,10,1,207
98154,9,11,10,1,195
98155,19,11,10,1,167
98156,19,11,10,1,167
98157,19,11,10,1,167
98158,9,11,10,1,167
98159,19,11,10,1,155
98160,19,11,10,1,155
98161,19,11,10,1,145
98162,19,11,10,1,144
98163,9,11,10,1,144
98164,9,11,10,1,144
98165,9,11,10,1,144
98166,9,11,10,1,123
98167,19,11,10,1,123
98168,19,11,10,1,123
98169,19,11,10,1,106
98170,9,11,10,1,106
98171,9,11,10,1,106
98172,9,11,10,1,106
98173,4,11,10,1,85
98174,4,11,10,1,77
98175,4,11,10,1,77
98176,9,11,10,1,76
98177,9,11,10,1,76
98178,9,11,10,1,66
98179,4,11,10,1,66
98181,9,11,10,1,66
98182,4,11,10,1,66
98183,4,11,10,1,50
98184,9,11,10,1,50
98185,4,11,10,1,50
98187,19,11,10,1,50
98188,4,11,10,1,39
98189,4,11,10,1,26
98190,4,11,10,1,10
98191,4,11,10,1,11
98194,4,11,10,1,2
98195,4,11,10,1,2
98196,3,11,10,1,255
98198,3,11,10,1,255
98202,19,11,10,1,255
98203,19,11,10,1,258
98204,19,11,10,1,261
98205,19,11,10,1,264
98206,19,11,10,1,267
98208,9,11,10,1,256
98210,8,11,10,1,256
98213,19,11,10,1,255
98214,19,11,10,1,255
98220,6,11,10,1,255
98221,19,11,10,1,255
98222,19,11,10,1,255
98223,9,11,10,1,256
98224,19,11,10,1,252
98225,6,11,10,1,255
98275,2,13,10,0,511
98276,2,13,10,0,448
98277,2,13,10,0,372
98278,2,13,10,0,0
98279,2,13,10,0,84
98281,2,13,10,0,196
98282,2,13,10,0,270
98283,17,13,10,0,
98284,17,13,10,0,
103904,14,12,11,0,3
103905,11,12,11,0,3
103907,17,12,11,0,0
103908,17,12,11,0,20
103910,15,12,11,0,47
103911,15,12,11,0,47
103913,17,12,11,0,47
103915,17,12,11,0,57
103916,14,12,11,0,57
103917,14,12,11,0,57
103918,11,12,11,0,57
103919,11,12,11,0,57
103921,17,12,11,0,85
103922,14,12,11,0,85
103923,11,12,11,0,85
103925,15,12,11,0,104
103926,15,12,11,0,104
103928,17,12,11,0,104
103930,17,12,11,0,121
103931,14,12,11,0,121
103932,11,12,11,0,121
103937,15,12,11,0,161
103938,15,12,11,0,161
103940,15,12,11,0,161
103941,17,12,11,0,162
103942,14,12,11,0,162
103943,11,12,11,0,162
103945,17,12,11,0,172
103946,14,12,11,0,173
103947,14,12,11,0,173
103948,11,12,11,0,173
103949,11,12,11,0,173
103951,15,12,11,0,186
103952,15,12,11,0,186
103954,15,12,11,0,205
103955,15,12,11,0,205
103957,17,12,11,0,194
103959,14,12,11,0,210
103960,14,12,11,0,210
103961,11,12,11,0,210
103962,11,12,11,0,210
103964,17,12,11,0,210
103965,14,12,11,0,230
103966,11,12,11,0,230
103968,17,12,11,0,230
103969,17,12,11,0,247
103970,14,12,11,0,247
103971,11,12,11,0,247
103973,17,12,11,0,265
103974,14,12,11,0,281
103975,14,12,11,0,282
103976,11,12,11,0,281
103977,11,12,11,0,282
103979,15,12,11,0,293
103980,15,12,11,0,293
103982,17,12,11,0,283
103984,17,12,11,0,300
103986,17,12,11,0,300
103988,11,12,11,0,300
103989,11,12,11,0,300
103991,17,12,11,0,300
103993,17,12,11,0,300
103995,17,12,11,0,300
103996,17,12,11,0,300
103997,11,12,11,0,300
103998,11,12,11,0,300
104000,17,12,11,0,20
104002,17,12,11,0,20
104004,11,12,11,0,20
104005,11,12,11,0,20
104007,17,12,11,0,20
104009,17,12,11,0,20
104011,11,12,11,0,20
104012,11,12,11,0,20
104014,17,12,11,0,20
104016,17,12,11,0,20
104017,17,12,11,0,20
104018,11,12,11,0,20
104020,17,12,11,0,20
104022,17,12,11,0,20
104024,11,12,11,0,20
104025,11,12,11,0,20
104026,2,12,11,0,4
104027,2,12,11,0,20
104028,2,12,11,0,28
104029,2,12,11,0,30
104030,2,12,11,0,43
104031,2,12,11,0,45
104032,2,12,11,0,56
104033,2,12,11,0,58
104034,2,12,11,0,71
104035,2,12,11,0,83
104036,2,12,11,0,85
104037,2,12,11,0,87
104038,2,12,11,0,96
104039,2,12,11,0,108
104040,2,12,11,0,110
104041,2,12,11,0,111
104042,2,12,11,0,120
104043,2,12,11,0,122
104044,2,12,11,0,134
104045,2,12,11,0,145
104046,2,12,11,0,157
104047,2,12,11,0,159
104048,2,12,11,0,162
104049,2,12,11,0,172
104050,2,12,11,0,174
104051,2,12,11,0,191
104052,2,12,11,0,193
104053,2,12,11,0,200
104054,2,12,11,0,200
104055,2,12,11,0,210
104056,2,12,11,0,212
104057,2,12,11,0,229
104058,2,12,11,0,231
104059,2,12,11,0,246
104060,2,12,11,0,248
104061,2,12,11,0,265
104062,2,12,11,0,268
104063,2,12,11,0,283
104064,2,12,11,0,284
104065,2,12,11,0,294
104066,2,12,11,0,298
104813,9,8,9,1,784
104814,9,8,9,1,842
113979,16,18,13,1,
113980,16,20,13,0,
113981,3,18,13,1,14
113983,3,18,13,1,42
113985,8,18,13,1,0
113987,9,18,13,1,8
113988,10,18,13,1,9
113990,8,18,13,1,14
113991,9,18,13,1,14
113992,9,18,13,1,14
113994,8,18,13,1,42
113995,9,18,13,1,42
113996,9,18,13,1,42
113997,6,18,13,1,42
113998,10,18,13,1,68
113999,8,18,13,1,72
114000,8,18,13,1,78
114002,9,20,13,0,
114003,9,35,13,0,
114004,6,20,13,0,
114005,4,20,13,0,
114006,12,20,13,0,
114007,6,20,13,0,
114008,4,20,13,0,
114009,12,20,13,0,
114010,6,20,13,0,
114011,13,18,13,1,0
114012,13,18,13,1,9
114013,13,18,13,1,14
114014,13,18,13,1,42
114015,13,18,13,1,72
114016,13,18,13,1,78
114046,3,20,13,0,
115208,3,17,6,1,0
115209,8,17,6,1,0
115211,9,17,6,1,0
115215,3,17,6,1,13
115216,8,17,6,1,13
115217,3,17,6,1,13
115218,9,17,6,1,13
115219,6,17,6,1,13
115223,3,17,6,1,28
115224,6,17,6,1,28
115225,9,17,6,1,28
115229,3,17,6,1,28
115230,8,17,6,1,28
115231,3,17,6,1,28
115235,3,17,6,1,42
115236,8,17,6,1,42
115237,3,17,6,1,43
115238,9,17,6,1,43
115239,6,17,6,1,42
115240,6,17,6,1,43
115244,3,17,6,1,55
115245,8,17,6,1,55
115246,3,17,6,1,56
115247,9,17,6,1,55
115248,6,17,6,1,56
115252,3,17,6,1,70
115253,8,17,6,1,69
115254,3,17,6,1,70
115255,9,17,6,1,70
115256,6,17,6,1,70
115260,3,17,6,1,81
115261,8,17,6,1,81
115262,3,17,6,1,81
115263,9,17,6,1,81
115264,6,17,6,1,82
115268,3,17,6,1,93
115269,8,17,6,1,93
115271,9,17,6,1,93
115275,3,17,6,1,94
115276,9,17,6,1,94
115277,6,17,6,1,94
115278,9,17,6,1,93
115282,3,17,6,1,106
115283,8,17,6,1,106
115284,3,17,6,1,106
115285,9,17,6,1,106
115286,6,17,6,1,106
115290,3,17,6,1,122
115291,8,17,6,1,122
115292,3,17,6,1,122
115293,9,17,6,1,122
115298,9,17,6,1,128
115299,10,17,6,1,128
115302,3,17,6,1,138
115303,8,17,6,1,138
115304,3,17,6,1,138
115305,9,17,6,1,138
115310,3,17,6,1,147
115311,8,17,6,1,147
115312,3,17,6,1,147
115313,9,17,6,1,147
115315,6,17,6,1,147
115319,3,17,6,1,157
115320,8,17,6,1,157
115321,3,17,6,1,157
115322,9,17,6,1,157
115323,9,17,6,1,157
115325,6,17,6,1,157
115337,3,16,6,1,423
115338,8,16,6,1,423
115339,3,16,6,1,423
115340,9,16,6,1,424
115345,3,16,6,1,414
115346,8,16,6,1,414
115347,6,16,6,1,414
115348,9,16,6,1,414
115349,9,16,6,1,414
115353,3,16,6,1,414
115354,8,16,6,1,414
115355,6,16,6,1,414
115359,3,16,6,1,403
115360,8,16,6,1,404
115361,3,16,6,1,404
115362,9,16,6,1,404
115363,9,16,6,1,404
115364,6,16,6,1,404
115369,3,16,6,1,394
115370,8,16,6,1,394
115371,3,16,6,1,395
115372,9,16,6,1,395
115373,9,16,6,1,395
115374,6,16,6,1,395
115379,3,16,6,1,385
115380,8,16,6,1,384
115381,3,16,6,1,384
115382,9,16,6,1,384
115383,9,16,6,1,384
115384,6,16,6,1,384
115385,6,16,6,1,385
115389,3,16,6,1,373
115390,8,16,6,1,373
115391,3,16,6,1,375
115392,9,16,6,1,376
115393,9,16,6,1,376
115394,6,16,6,1,376
115398,3,16,6,1,355
115400,3,16,6,1,355
115401,9,16,6,1,355
115406,3,16,6,1,356
115407,9,16,6,1,356
115408,9,16,6,1,356
115409,6,16,6,1,355
115410,6,16,6,1,356
115414,3,16,6,1,344
115415,8,16,6,1,344
115416,3,16,6,1,344
115417,8,16,6,1,344
115418,9,16,6,1,344
115536,9,15,6,0,28
115537,7,15,6,0,28
115540,9,15,6,0,157
115541,7,15,6,0,157
115544,9,15,6,0,355
115545,7,15,6,0,355
115548,9,15,6,0,260
115549,7,15,6,0,260
115552,14,14,6,0,0
115553,11,14,6,0,0
115555,17,14,6,0,13
115556,15,14,6,0,13
115558,17,14,6,0,28
115559,17,14,6,0,29
115560,14,14,6,0,28
115561,14,14,6,0,28
115562,11,14,6,0,28
115563,11,14,6,0,28
115565,17,14,6,0,
115566,17,14,6,0,
115567,17,14,6,0,28
115568,17,14,6,0,28
115571,11,14,6,0,28
115572,11,14,6,0,28
115574,17,14,6,0,
115575,17,14,6,0,
115578,11,14,6,0,28
115579,11,14,6,0,28
115581,17,14,6,0,13
115582,14,14,6,0,28
115584,11,14,6,0,28
115585,11,14,6,0,28
115587,17,14,6,0,0
115589,11,14,6,0,28
115591,17,14,6,0,56
115592,14,14,6,0,55
115593,11,14,6,0,55
115595,17,14,6,0,71
115596,14,14,6,0,69
115597,11,14,6,0,69
115599,14,14,6,0,81
115600,11,14,6,0,81
115602,14,14,6,0,93
115603,11,14,6,0,93
115605,17,14,6,0,106
115606,14,14,6,0,106
115607,11,14,6,0,106
115609,17,14,6,0,123
115610,14,14,6,0,122
115611,11,14,6,0,122
115613,15,14,6,0,129
115615,14,14,6,0,138
115616,14,14,6,0,138
115617,17,14,6,0,139
115618,11,14,6,0,138
115619,11,14,6,0,138
115621,14,14,6,0,147
115622,11,14,6,0,147
115624,17,14,6,0,157
115625,17,14,6,0,157
115626,14,14,6,0,157
115627,14,14,6,0,157
115628,11,14,6,0,157
115629,11,14,6,0,157
115631,17,14,6,0,
115632,17,14,6,0,
115633,17,14,6,0,157
115634,17,14,6,0,157
115637,11,14,6,0,157
115638,11,14,6,0,157
115640,17,14,6,0,
115641,17,14,6,0,
115644,11,14,6,0,157
115645,11,14,6,0,157
115647,17,14,6,0,128
115648,17,14,6,0,433
115651,11,14,6,0,157
115652,11,14,6,0,157
115654,17,14,6,0,82
115656,11,14,6,0,157
115658,17,14,6,0,171
115659,17,14,6,0,171
115660,14,14,6,0,171
115661,11,14,6,0,171
115663,15,14,6,0,433
115665,14,14,6,0,423
115666,11,14,6,0,423
115668,14,14,6,0,423
115669,11,14,6,0,423
115671,14,14,6,0,414
115672,11,14,6,0,414
115674,17,14,6,0,404
115675,14,14,6,0,404
115676,11,14,6,0,404
115678,14,14,6,0,394
115679,11,14,6,0,394
115681,17,14,6,0,384
115682,17,14,6,0,384
115684,14,14,6,0,373
115685,11,14,6,0,373
115687,17,14,6,0,
115688,17,14,6,0,
115689,17,14,6,0,355
115690,17,14,6,0,355
115693,11,14,6,0,355
115694,11,14,6,0,355
115696,17,14,6,0,
115697,17,14,6,0,
115700,11,14,6,0,355
115701,11,14,6,0,355
115703,17,14,6,0,344
115707,11,14,6,0,355
115709,17,14,6,0,355
115711,11,14,6,0,355
115714,17,14,6,0,356
115716,14,14,6,0,355
115717,14,14,6,0,355
115718,17,14,6,0,355
115719,11,14,6,0,355
115720,11,14,6,0,355
115722,15,14,6,0,344
115724,17,14,6,0,327
115725,14,14,6,0,327
115726,11,14,6,0,327
115728,14,14,6,0,316
115729,11,14,6,0,316
115731,17,14,6,0,302
115732,14,14,6,0,302
115733,11,14,6,0,302
115735,17,14,6,0,287
115736,17,14,6,0,287
115737,14,14,6,0,287
115738,11,14,6,0,287
115740,15,14,6,0,276
115742,14,14,6,0,273
115743,14,14,6,0,274
115744,11,14,6,0,273
115745,11,14,6,0,274
115747,17,14,6,0,260
115748,17,14,6,0,260
115749,14,14,6,0,260
115750,11,14,6,0,260
115752,17,14,6,0,
115753,17,14,6,0,
115754,17,14,6,0,260
115755,17,14,6,0,260
115758,11,14,6,0,260
115759,11,14,6,0,260
115761,17,14,6,0,
115762,17,14,6,0,
115765,11,14,6,0,260
115766,11,14,6,0,260
115768,17,14,6,0,223
115769,17,14,6,0,276
115772,11,14,6,0,260
115773,11,14,6,0,260
115775,17,14,6,0,260
115777,11,14,6,0,260
115779,17,14,6,0,246
115780,14,14,6,0,246
115781,11,14,6,0,246
115783,17,14,6,0,232
115785,15,14,6,0,223
115787,14,14,6,0,218
115788,14,14,6,0,218
115789,17,14,6,0,219
115790,11,14,6,0,218
115791,11,14,6,0,218
115793,17,14,6,0,187
115794,14,14,6,0,186
115795,11,14,6,0,186
115797,15,14,6,0,13
115798,15,14,6,0,13
115800,15,14,6,0,129
115801,15,14,6,0,129
115803,15,14,6,0,433
115804,15,14,6,0,433
115806,15,14,6,0,344
115807,15,14,6,0,344
115809,15,14,6,0,276
115810,15,14,6,0,276
115812,15,14,6,0,223
115813,15,14,6,0,223
115815,13,14,6,0,0
115821,13,14,6,0,13
115827,13,14,6,0,13
115833,13,14,6,0,28
115839,13,14,6,0,28
115845,13,14,6,0,42
115851,13,14,6,0,55
115857,13,14,6,0,70
115863,13,14,6,0,81
115869,13,14,6,0,94
115875,13,14,6,0,105
115881,13,14,6,0,122
115887,13,14,6,0,128
115893,13,14,6,0,138
115899,13,14,6,0,147
115905,13,14,6,0,157
115911,13,14,6,0,157
115917,13,14,6,0,171
115923,13,14,6,0,433
115929,13,14,6,0,423
115935,13,14,6,0,414
115941,13,14,6,0,404
115947,13,14,6,0,395
115953,13,14,6,0,384
115959,13,14,6,0,375
115965,13,14,6,0,355
115971,13,14,6,0,355
115977,13,14,6,0,344
115983,13,14,6,0,327
115989,13,14,6,0,316
115995,13,14,6,0,302
116001,13,14,6,0,287
116007,13,14,6,0,276
116013,13,14,6,0,274
116019,13,14,6,0,260
116025,13,14,6,0,260
116031,13,14,6,0,246
116037,13,14,6,0,231
116043,13,14,6,0,223
116049,13,14,6,0,219
116055,13,14,6,0,203
116061,13,14,6,0,187
116066,2,14,6,0,1
116067,2,14,6,0,12
116068,2,14,6,0,14
116069,2,14,6,0,27
116070,2,14,6,0,29
116071,2,14,6,0,41
116072,2,14,6,0,44
116073,2,14,6,0,54
116074,2,14,6,0,56
116075,2,14,6,0,58
116076,2,14,6,0,60
116077,2,14,6,0,69
116078,2,14,6,0,71
116079,2,14,6,0,77
116080,2,14,6,0,81
116081,2,14,6,0,82
116082,2,14,6,0,92
116083,2,14,6,0,95
116084,2,14,6,0,105
116085,2,14,6,0,107
116086,2,14,6,0,185
116087,2,14,6,0,187
116088,2,14,6,0,202
116089,2,14,6,0,203
116090,2,14,6,0,218
116091,2,14,6,0,220
116092,2,14,6,0,229
116093,2,14,6,0,232
116094,2,14,6,0,238
116095,2,14,6,0,244
116096,2,14,6,0,245
116097,2,14,6,0,247
116098,2,14,6,0,251
116099,2,14,6,0,259
116100,2,14,6,0,261
116101,2,14,6,0,273
116102,2,14,6,0,275
116103,2,14,6,0,286
116104,2,14,6,0,288
116105,2,14,6,0,301
116106,2,14,6,0,356
116107,2,14,6,0,372
116108,2,14,6,0,376
116109,2,14,6,0,383
116110,2,14,6,0,385
116111,2,14,6,0,389
116112,2,14,6,0,391
116113,2,14,6,0,393
116114,2,14,6,0,395
116115,2,14,6,0,397
116116,2,14,6,0,403
116117,2,14,6,0,405
116118,2,14,6,0,413
116119,2,14,6,0,414
116120,2,14,6,0,415
116121,2,14,6,0,419
116122,2,14,6,0,422
116123,2,14,6,0,425
116124,2,14,6,0,436
116125,2,14,6,0,120
116126,2,14,6,0,123
116127,2,14,6,0,137
116128,2,14,6,0,139
116129,2,14,6,0,145
116130,2,14,6,0,148
116131,2,14,6,0,155
116132,2,14,6,0,159
116133,2,14,6,0,169
116134,2,14,6,0,172
116135,2,14,6,0,303
116136,2,14,6,0,315
116137,2,14,6,0,317
116138,2,14,6,0,326
116139,2,14,6,0,328
116140,2,14,6,0,343
116141,2,14,6,0,343
116142,2,14,6,0,345
116143,2,14,6,0,353
116144,2,14,6,0,355
116145,16,17,6,1,
116147,16,16,6,1,
116148,9,15,6,0,355
117764,17,14,6,0,316
117765,11,14,6,0,355
117767,17,14,6,0,28
117768,11,14,6,0,28
117769,17,14,6,0,157
117770,11,14,6,0,157
117771,17,14,6,0,356
117772,17,14,6,0,204
117773,11,14,6,0,260
120116,16,7,2,1,
120117,16,6,2,0,
120118,16,33,2,0,
120151,3,7,2,1,12
120153,3,7,2,1,12
120154,6,7,2,1,12
120155,3,7,2,1,12
120156,6,7,2,1,12
120161,3,7,2,1,2
120162,6,7,2,1,2
120165,3,7,2,1,5
120166,6,7,2,1,5
120169,3,7,2,1,3
120171,3,7,2,1,0
120172,6,7,2,1,0
120225,6,7,2,1,12
120226,4,7,2,1,12
120227,8,7,2,1,12
120228,12,7,2,1,12
120230,4,7,2,1,12
120231,9,7,2,1,12
120232,12,7,2,1,12
120233,6,7,2,1,12
120234,4,7,2,1,12
120235,12,7,2,1,12
120236,6,7,2,1,12
120237,4,7,2,1,12
120238,12,7,2,1,12
120239,6,7,2,1,12
120240,12,7,2,1,12
120241,6,7,2,1,12
120242,4,7,2,1,7
120243,12,7,2,1,11
120244,6,7,2,1,11
120245,4,7,2,1,7
120246,12,7,2,1,7
120247,6,7,2,1,7
120248,12,7,2,1,3
120249,6,7,2,1,3
120250,4,7,2,1,2
120251,12,7,2,1,2
120252,6,7,2,1,3
120253,6,7,2,1,1
120254,4,7,2,1,0
120255,12,7,2,1,0
120256,6,7,2,1,0
120257,4,7,2,1,0
120258,9,7,2,1,0
120259,9,7,2,1,0
120260,6,7,2,1,0
120261,4,7,2,1,0
120262,8,7,2,1,0
120263,6,7,2,1,0
120264,6,7,2,1,0
120265,4,7,2,1,0
120266,8,7,2,1,0
120267,12,7,2,1,0
120269,4,6,2,0,
120270,9,6,2,0,
120271,9,33,2,0,
120272,12,6,2,0,
120273,9,33,2,0,
120274,9,6,2,0,
120276,4,6,2,0,
120277,9,6,2,0,
120278,18,6,2,0,
120279,12,6,2,0,
120280,9,6,2,0,
120281,9,6,2,0,
120283,7,33,2,0,
120285,16,1,2,1,
120289,3,1,2,1,106
120290,6,1,2,1,106
120291,3,1,2,1,105
120297,3,1,2,1,88
120298,6,1,2,1,88
120299,3,1,2,1,88
120300,6,1,2,1,88
120305,3,1,2,1,90
120309,3,1,2,1,90
120311,3,1,2,1,91
120312,6,1,2,1,91
120315,3,1,2,1,87
120317,3,1,2,1,86
120318,6,1,2,1,86
120325,3,1,2,1,82
120326,6,1,2,1,82
120331,3,1,2,1,78
120332,6,1,2,1,78
120335,3,1,2,1,77
120336,6,1,2,1,77
120337,3,1,2,1,76
120338,6,1,2,1,76
120345,3,1,2,1,63
120346,6,1,2,1,63
120347,3,1,2,1,62
120348,6,1,2,1,62
120355,3,1,2,1,58
120356,6,1,2,1,58
120359,3,1,2,1,50
120360,6,1,2,1,50
120361,3,1,2,1,49
120362,6,1,2,1,49
120365,3,1,2,1,47
120366,6,1,2,1,47
120367,3,1,2,1,47
120368,6,1,2,1,47
120379,3,1,2,1,30
120380,6,1,2,1,30
120381,3,1,2,1,29
120383,3,1,2,1,28
120385,3,1,2,1,28
120386,6,1,2,1,28
120395,3,1,2,1,13
120396,6,1,2,1,13
120397,3,1,2,1,13
120398,6,1,2,1,13
120399,3,1,2,1,11
120407,3,1,2,1,5
120408,6,1,2,1,5
120413,3,1,2,1,0
120414,6,1,2,1,0
120457,19,1,2,1,106
120458,9,1,2,1,106
120459,6,1,2,1,106
120460,8,1,2,1,105
120462,19,1,2,1,103
120463,9,1,2,1,103
120464,6,1,2,1,103
120465,19,1,2,1,102
120466,6,1,2,1,103
120467,19,1,2,1,100
120468,6,1,2,1,100
120469,19,1,2,1,98
120470,9,1,2,1,99
120471,6,1,2,1,99
120472,19,1,2,1,97
120473,6,1,2,1,97
120474,19,1,2,1,94
120475,6,1,2,1,94
120476,19,1,2,1,94
120477,6,1,2,1,94
120478,19,1,2,1,92
120479,6,1,2,1,92
120480,19,1,2,1,90
120482,19,1,2,1,90
120483,9,1,2,1,90
120485,19,1,2,1,90
120487,19,1,2,1,90
120488,8,1,2,1,90
120490,19,1,2,1,90
120491,6,1,2,1,90
120492,19,1,2,1,87
120493,9,1,2,1,87
120494,6,1,2,1,87
120495,19,1,2,1,87
120497,8,1,2,1,87
120499,9,1,2,1,87
120500,6,1,2,1,87
120501,19,1,2,1,87
120503,19,1,2,1,86
120504,19,1,2,1,86
120505,6,1,2,1,86
120506,19,1,2,1,83
120507,10,1,2,1,83
120508,6,1,2,1,83
120509,19,1,2,1,81
120510,19,1,2,1,82
120511,6,1,2,1,82
120512,4,1,2,1,79
120513,6,1,2,1,79
120514,19,1,2,1,79
120515,6,1,2,1,79
120516,19,1,2,1,78
120517,9,1,2,1,78
120518,6,1,2,1,78
120519,8,1,2,1,77
120520,6,1,2,1,76
120521,19,1,2,1,77
120522,9,1,2,1,77
120523,6,1,2,1,77
120524,19,1,2,1,74
120525,19,1,2,1,74
120526,6,1,2,1,74
120527,19,1,2,1,71
120528,19,1,2,1,70
120529,6,1,2,1,71
120530,19,1,2,1,67
120531,19,1,2,1,66
120532,6,1,2,1,67
120533,19,1,2,1,63
120534,9,1,2,1,63
120535,6,1,2,1,63
120537,19,1,2,1,59
120538,19,1,2,1,60
120539,6,1,2,1,60
120540,19,1,2,1,55
120541,19,1,2,1,55
120542,6,1,2,1,55
120543,4,1,2,1,58
120544,8,1,2,1,58
120545,6,1,2,1,58
120546,19,1,2,1,51
120547,19,1,2,1,52
120548,6,1,2,1,52
120549,19,1,2,1,49
120550,6,1,2,1,49
120551,9,1,2,1,49
120552,6,1,2,1,49
120553,19,1,2,1,48
120554,6,1,2,1,48
120555,19,1,2,1,48
120556,9,1,2,1,48
120557,9,1,2,1,48
120558,6,1,2,1,48
120559,19,1,2,1,44
120560,19,1,2,1,43
120561,6,1,2,1,44
120562,19,1,2,1,40
120563,19,1,2,1,40
120564,6,1,2,1,40
120565,19,1,2,1,39
120566,19,1,2,1,39
120567,6,1,2,1,39
120568,19,1,2,1,36
120569,19,1,2,1,34
120570,6,1,2,1,36
120571,19,1,2,1,31
120572,6,1,2,1,31
120573,4,1,2,1,29
120574,19,1,2,1,29
120575,9,1,2,1,29
120576,6,1,2,1,29
120577,19,1,2,1,29
120578,8,1,2,1,28
120580,19,1,2,1,29
120582,19,1,2,1,29
120583,9,1,2,1,29
120584,6,1,2,1,29
120585,19,1,2,1,23
120586,6,1,2,1,20
120587,19,1,2,1,20
120588,6,1,2,1,20
120589,19,1,2,1,19
120590,19,1,2,1,19
120591,6,1,2,1,19
120592,19,1,2,1,14
120593,19,1,2,1,14
120594,6,1,2,1,14
120595,4,1,2,1,12
120596,19,1,2,1,12
120597,9,1,2,1,12
120598,9,1,2,1,12
120599,6,1,2,1,12
120600,19,1,2,1,12
120602,8,1,2,1,11
120604,19,1,2,1,11
120605,6,1,2,1,11
120606,19,1,2,1,9
120607,19,1,2,1,9
120608,6,1,2,1,9
120609,19,1,2,1,6
120610,19,1,2,1,6
120612,6,1,2,1,6
120613,19,1,2,1,5
120614,6,1,2,1,5
120615,19,1,2,1,3
120616,6,1,2,1,3
120617,19,1,2,1,2
120618,6,1,2,1,2
120619,19,1,2,1,0
120620,6,1,2,1,0
120624,9,33,2,0,28
120674,13,1,2,1,106
120675,13,1,2,1,100
120676,13,1,2,1,99
120677,13,1,2,1,94
120678,13,1,2,1,91
120679,13,1,2,1,90
120680,13,1,2,1,90
120681,13,1,2,1,88
120682,13,1,2,1,87
120683,13,1,2,1,87
120684,13,1,2,1,82
120685,13,1,2,1,78
120686,13,1,2,1,77
120687,13,1,2,1,72
120688,13,1,2,1,69
120689,13,1,2,1,62
120690,13,1,2,1,58
120691,13,1,2,1,58
120692,13,1,2,1,54
120693,13,1,2,1,49
120694,13,1,2,1,47
120695,13,1,2,1,39
120696,13,1,2,1,33
120697,13,1,2,1,30
120698,13,1,2,1,29
120699,13,1,2,1,26
120700,13,1,2,1,23
120701,13,1,2,1,17
120702,13,1,2,1,12
120703,13,1,2,1,12
120704,13,1,2,1,9
120705,13,1,2,1,6
120706,13,1,2,1,3
120966,8,1,2,1,63
120967,8,17,6,1,43
121145,15,20,13,0,9
121146,15,20,13,0,9
121147,15,20,13,0,72
121148,15,20,13,0,72
121149,14,20,13,0,14
121150,14,20,13,0,42
121151,17,20,13,0,0
121152,17,20,13,0,14
121153,17,20,13,0,42
121154,17,20,13,0,
121155,17,20,13,0,
121156,17,20,13,0,
121157,17,20,13,0,
121158,17,20,13,0,
121159,17,20,13,0,
121160,17,20,13,0,72
121161,2,20,13,0,2
121162,17,20,13,0,
121163,11,20,13,0,
121164,11,20,13,0,
121165,11,20,13,0,
121166,11,20,13,0,
121167,11,20,13,0,14
121168,11,20,13,0,42
135185,16,19,6,1,
135187,3,19,6,1,1
135188,6,19,6,1,1
135189,3,19,6,1,4
135190,6,19,6,1,4
135191,3,19,6,1,4
135192,6,19,6,1,4
135193,3,19,6,1,36
135194,6,19,6,1,36
135195,3,19,6,1,51
135196,6,19,6,1,51
135197,3,19,6,1,72
135198,6,19,6,1,72
135199,3,19,6,1,84
135200,6,19,6,1,84
135201,9,19,6,1,2
135202,8,19,6,1,4
135203,6,19,6,1,4
135204,9,19,6,1,19
135205,8,19,6,1,20
135206,9,19,6,1,20
135207,9,19,6,1,20
135208,6,19,6,1,20
135209,9,19,6,1,35
135210,9,19,6,1,36
135211,8,19,6,1,36
135212,9,19,6,1,36
135213,6,19,6,1,36
135215,9,19,6,1,51
135216,8,19,6,1,51
135217,9,19,6,1,51
135219,9,19,6,1,72
135220,10,19,6,1,72
135221,9,19,6,1,72
135222,8,19,6,1,72
135223,6,19,6,1,72
135225,8,19,6,1,92
135227,9,25,6,0,
135228,8,19,6,1,0
135229,3,19,6,1,
135230,12,19,6,1,
135232,13,19,6,1,0
135233,13,19,6,1,20
135234,13,19,6,1,36
135235,13,19,6,1,51
135236,13,19,6,1,72
135237,13,19,6,1,92
143491,4,22,14,1,73
143492,4,22,14,1,70
143493,4,22,14,1,70
143494,8,22,14,1,73
143497,4,22,14,1,61
143498,4,22,14,1,61
143499,8,22,14,1,61
143503,9,22,14,1,61
143505,4,22,14,1,43
143506,8,22,14,1,43
143508,9,22,14,1,43
143510,9,22,14,1,43
143511,9,22,14,1,43
143512,6,22,14,1,43
143513,4,22,14,1,43
143514,8,22,14,1,43
143515,9,27,14,0,43
143517,4,22,14,1,40
143518,4,22,14,1,40
143520,4,22,14,1,19
143521,4,22,14,1,19
143523,4,22,14,1,18
143526,8,22,14,1,18
143527,9,22,14,1,18
143528,9,22,14,1,18
143530,4,22,14,1,172
143531,4,22,14,1,172
143532,4,22,14,1,0
143533,9,22,14,1,172
143534,9,22,14,1,172
143535,9,22,14,1,172
143537,6,22,14,1,172
143538,4,22,14,1,172
143539,8,22,14,1,172
143541,8,22,14,1,172
143543,4,22,14,1,192
143544,4,22,14,1,192
143545,4,22,14,1,192
143546,9,22,14,1,195
143548,8,22,14,1,195
143552,4,22,14,1,192
143553,8,22,14,1,192
143554,9,27,14,0,192
143555,6,22,14,1,192
143556,4,22,14,1,211
143557,4,22,14,1,211
143558,9,22,14,1,211
143564,8,22,14,1,211
143565,4,22,14,1,211
143567,4,22,14,1,230
143568,4,22,14,1,230
143570,4,22,14,1,148
143571,4,22,14,1,148
143577,4,22,14,1,148
143580,4,22,14,1,128
143587,6,22,14,1,128
143588,4,22,14,1,124
143590,9,22,14,1,124
143592,8,22,14,1,124
143593,6,22,14,1,124
143594,4,22,14,1,110
143595,4,22,14,1,110
143596,9,22,14,1,110
143597,9,22,14,1,110
143599,8,22,14,1,110
143600,9,22,14,1,110
143602,4,22,14,1,88
143603,4,22,14,1,88
143610,6,22,14,1,88
143611,4,22,14,1,83
143613,6,22,14,1,83
143614,4,22,14,1,68
143615,4,22,14,1,68
143616,9,22,14,1,66
143620,4,22,14,1,50
143621,4,22,14,1,50
143622,4,22,14,1,50
143623,9,22,14,1,50
143624,9,22,14,1,50
143625,6,22,14,1,50
143626,8,22,14,1,50
143627,9,22,14,1,50
143630,9,22,14,1,50
143632,4,22,14,1,34
143633,4,22,14,1,34
143634,9,22,14,1,34
143635,6,22,14,1,34
143636,4,22,14,1,34
143637,9,22,14,1,34
143638,8,22,14,1,34
143642,4,22,14,1,34
143643,8,22,14,1,34
143644,9,27,14,0,34
143647,6,22,14,1,34
143648,4,22,14,1,16
143649,4,22,14,1,16
143650,4,22,14,1,16
143651,9,22,14,1,16
143652,9,22,14,1,16
143653,6,22,14,1,16
143661,3,22,14,1,73
143663,3,22,14,1,73
143665,3,22,14,1,61
143667,3,22,14,1,61
143669,3,22,14,1,43
143671,3,22,14,1,43
143673,3,22,14,1,43
143674,6,22,14,1,43
143675,3,22,14,1,18
143677,3,22,14,1,18
143679,3,22,14,1,172
143681,3,22,14,1,172
143683,3,22,14,1,172
143685,3,22,14,1,195
143687,3,22,14,1,195
143689,3,22,14,1,192
143690,6,22,14,1,192
143691,3,22,14,1,211
143693,3,22,14,1,211
143695,3,22,14,1,230
143696,6,22,14,1,230
143699,3,22,14,1,148
143701,3,22,14,1,148
143703,3,22,14,1,124
143705,3,22,14,1,124
143707,3,22,14,1,110
143709,3,22,14,1,110
143711,3,22,14,1,83
143713,3,22,14,1,83
143715,3,22,14,1,50
143717,3,22,14,1,50
143719,3,22,14,1,34
143721,3,22,14,1,34
144733,16,23,11,1,
144734,16,24,11,0,
144735,3,23,11,1,0
144736,6,23,11,1,0
144737,3,23,11,1,3
144739,3,23,11,1,20
144740,6,23,11,1,20
144741,3,23,11,1,28
144742,6,23,11,1,28
144743,3,23,11,1,29
144744,6,23,11,1,29
144745,3,23,11,1,47
144747,3,23,11,1,57
144749,3,23,11,1,57
144751,3,23,11,1,85
144752,6,23,11,1,85
144753,3,23,11,1,85
144755,3,23,11,1,104
144756,6,23,11,1,104
144757,3,23,11,1,109
144758,6,23,11,1,109
144759,3,23,11,1,110
144760,6,23,11,1,110
144761,3,23,11,1,121
144762,6,23,11,1,121
144763,3,23,11,1,121
144764,6,23,11,1,121
144765,3,23,11,1,161
144766,6,23,11,1,161
144767,3,23,11,1,162
144768,6,23,11,1,162
144769,3,23,11,1,173
144771,3,23,11,1,173
144773,3,23,11,1,186
144774,6,23,11,1,186
144775,3,23,11,1,192
144776,6,23,11,1,192
144777,3,23,11,1,192
144779,3,23,11,1,200
144781,3,23,11,1,200
144782,6,23,11,1,200
144783,3,23,11,1,205
144784,6,23,11,1,205
144785,3,23,11,1,210
144786,6,23,11,1,210
144787,3,23,11,1,210
144789,3,23,11,1,230
144791,3,23,11,1,230
144793,3,23,11,1,247
144795,3,23,11,1,247
144797,3,23,11,1,265
144798,6,23,11,1,265
144799,3,23,11,1,268
144800,6,23,11,1,268
144801,3,23,11,1,268
144802,6,23,11,1,268
144803,3,23,11,1,285
144805,3,23,11,1,285
144807,3,23,11,1,293
144809,3,23,11,1,294
144810,6,23,11,1,294
144811,3,23,11,1,300
144812,6,23,11,1,300
144813,9,23,11,1,3
144814,8,23,11,1,3
144816,9,23,11,1,20
144817,6,23,11,1,20
144818,9,23,11,1,29
144820,10,23,11,1,47
144821,9,23,11,1,57
144822,8,23,11,1,57
144823,6,23,11,1,57
144824,9,23,11,1,85
144825,8,23,11,1,85
144826,6,23,11,1,85
144828,9,23,11,1,110
144829,6,23,11,1,110
144830,8,23,11,1,121
144831,9,23,11,1,121
144833,8,23,11,1,162
144834,9,23,11,1,162
144835,6,23,11,1,161
144836,9,23,11,1,173
144837,8,23,11,1,173
144839,10,23,11,1,186
144840,9,23,11,1,192
144841,6,23,11,1,186
144845,10,23,11,1,205
144846,8,23,11,1,210
144847,9,23,11,1,210
144848,6,23,11,1,210
144849,9,23,11,1,230
144850,8,23,11,1,230
144851,6,23,11,1,230
144852,9,23,11,1,247
144853,8,23,11,1,247
144854,6,23,11,1,247
144855,10,23,11,1,265
144856,8,23,11,1,265
144857,9,23,11,1,268
144859,8,23,11,1,285
144860,9,23,11,1,285
144861,6,23,11,1,282
144862,8,23,11,1,294
144864,9,32,11,0,300
144865,9,23,11,1,300
144866,8,23,11,1,300
144868,9,32,11,0,300
144869,6,23,11,1,300
144871,9,32,11,0,5
144872,9,32,11,0,5
144873,6,24,11,0,20
144874,7,32,11,0,5
144875,7,32,11,0,180
144876,13,23,11,1,3
144877,13,23,11,1,20
144878,13,23,11,1,47
144879,13,23,11,1,57
144880,13,23,11,1,85
144881,13,23,11,1,121
144882,13,23,11,1,161
144883,13,23,11,1,173
144884,13,23,11,1,186
144885,13,23,11,1,205
144886,13,23,11,1,210
144887,13,23,11,1,230
144888,13,23,11,1,247
144889,13,23,11,1,282
144890,13,23,11,1,294
144891,13,23,11,1,300
144901,9,32,11,0,
144902,6,24,11,0,
147000,16,22,14,1,
147001,16,27,14,0,
147008,9,22,14,1,16
147010,8,22,14,1,16
147011,9,22,14,1,16
147013,4,22,14,1,0
147016,7,27,14,0,43
147017,3,22,14,1,34
147018,6,22,14,1,34
147019,3,22,14,1,16
147024,13,22,14,1,73
147025,13,22,14,1,70
147026,13,22,14,1,70
147027,13,22,14,1,61
147028,13,22,14,1,61
147029,13,22,14,1,43
147030,13,22,14,1,43
147031,13,22,14,1,43
147032,13,22,14,1,172
147033,13,22,14,1,18
147034,13,22,14,1,18
147035,13,22,14,1,172
147036,13,22,14,1,172
147037,13,22,14,1,195
147038,13,22,14,1,195
147039,13,22,14,1,192
147040,13,22,14,1,211
147041,13,22,14,1,211
147042,13,22,14,1,230
147043,13,22,14,1,230
147044,13,22,14,1,148
147045,13,22,14,1,148
147046,13,22,14,1,148
147047,13,22,14,1,124
147048,13,22,14,1,124
147049,13,22,14,1,110
147050,13,22,14,1,83
147051,13,22,14,1,83
147052,13,22,14,1,110
147053,13,22,14,1,50
147054,13,22,14,1,50
147055,13,22,14,1,34
147056,13,22,14,1,34
147096,17,21,14,0,172
147097,17,21,14,0,172
147098,17,21,14,0,172
147099,17,21,14,0,172
147100,17,21,14,0,172
147101,17,21,14,0,172
147102,17,21,14,0,172
147103,11,21,14,0,172
147104,11,21,14,0,172
147105,11,21,14,0,172
147106,11,21,14,0,172
147107,11,21,14,0,172
147108,11,21,14,0,172
147109,11,21,14,0,172
147110,11,21,14,0,172
147111,11,21,14,0,172
147112,11,21,14,0,172
147113,11,21,14,0,172
147116,17,21,14,0,211
147117,17,21,14,0,195
147118,17,21,14,0,172
147119,17,21,14,0,147
147120,17,21,14,0,124
147121,17,21,14,0,110
147122,14,21,14,0,172
147123,14,21,14,0,172
147124,14,21,14,0,124
147125,14,21,14,0,110
147126,14,21,14,0,195
147127,14,21,14,0,211
147128,17,21,14,0,195
147129,17,21,14,0,195
147130,17,21,14,0,195
147131,17,21,14,0,195
147132,17,21,14,0,195
147133,17,21,14,0,195
147134,17,21,14,0,195
147135,17,21,14,0,195
147136,14,21,14,0,148
147140,11,21,14,0,172
147141,11,21,14,0,172
147142,11,21,14,0,124
147143,11,21,14,0,110
147144,11,21,14,0,195
147145,11,21,14,0,211
147146,11,21,14,0,195
147147,11,21,14,0,195
147148,11,21,14,0,195
147149,11,21,14,0,195
147150,11,21,14,0,195
147151,11,21,14,0,195
147152,11,21,14,0,148
147155,14,21,14,0,34
147156,14,21,14,0,34
147157,14,21,14,0,16
147158,17,21,14,0,34
147159,17,21,14,0,34
147160,17,21,14,0,34
147161,17,21,14,0,34
147162,17,21,14,0,34
147163,17,21,14,0,34
147164,11,21,14,0,83
147165,11,21,14,0,67
147167,11,21,14,0,34
147168,11,21,14,0,34
147169,11,21,14,0,16
147170,11,21,14,0,34
147171,11,21,14,0,34
147172,11,21,14,0,34
147173,11,21,14,0,34
147174,11,21,14,0,34
147175,11,21,14,0,34
147176,11,21,14,0,34
147179,2,21,14,0,172
147180,2,21,14,0,172
147181,2,21,14,0,172
147182,2,21,14,0,172
147183,2,21,14,0,172
147184,2,21,14,0,172
147185,2,21,14,0,172
147186,2,21,14,0,172
147187,2,21,14,0,228
147188,2,21,14,0,212
147189,2,21,14,0,209
147190,2,21,14,0,207
147191,2,21,14,0,206
147192,2,21,14,0,197
147193,2,21,14,0,193
147194,2,21,14,0,174
147195,2,21,14,0,171
147196,2,21,14,0,149
147197,2,21,14,0,145
147198,2,21,14,0,125
147199,2,21,14,0,122
147200,2,21,14,0,111
147201,2,21,14,0,108
147202,2,21,14,0,85
147203,2,21,14,0,82
147204,2,21,14,0,68
147205,2,21,14,0,65
147206,2,21,14,0,51
147207,2,21,14,0,48
147208,2,21,14,0,34
147209,2,21,14,0,31
147210,2,21,14,0,17
147211,2,21,14,0,14
147212,2,21,14,0,2
147802,14,21,14,0,172
147803,14,21,14,0,172
147804,14,21,14,0,172
147805,14,21,14,0,172
147806,15,21,14,0,172
147807,15,21,14,0,172
147808,15,21,14,0,172
147809,15,21,14,0,
147810,15,21,14,0,
147811,15,21,14,0,
147812,17,21,14,0,34
147813,17,21,14,0,34
147814,17,21,14,0,34
147932,7,27,14,0,192
147933,7,27,14,0,34
147934,17,21,14,0,83
147935,17,21,14,0,67
147936,17,21,14,0,49
147937,17,21,14,0,33
147938,17,21,14,0,15
147939,17,21,14,0,0
147940,14,21,14,0,83
147941,14,21,14,0,67
148745,17,21,14,0,73
148746,17,21,14,0,172
148747,17,21,14,0,172
148864,17,21,14,0,61
148865,17,21,14,0,43
148866,17,21,14,0,17
154100,16,28,15,0,
154102,16,29,15,0,
154103,9,29,15,0,
154106,4,28,15,0,
154107,9,28,15,0,
154108,18,28,15,0,
154109,3,28,15,0,
154110,9,28,15,0,
154111,12,28,15,0,
154112,6,28,15,0,
154113,4,28,15,0,
154114,18,28,15,0,
154115,3,28,15,0,
154116,9,28,15,0,
154117,12,28,15,0,
154118,6,28,15,0,
154119,4,28,15,0,
154120,18,28,15,0,
154121,3,28,15,0,
154122,6,28,15,0,
154123,4,28,15,0,
154124,9,28,15,0,
154125,18,28,15,0,
154126,3,28,15,0,
154127,9,28,15,0,
154129,7,29,15,0,
154847,4,7,2,1,12
154848,4,7,2,1,12
154849,4,7,2,1,3
154850,4,7,2,1,0
154851,4,7,2,1,0
155051,8,1,2,1,47
157261,7,33,2,0,28
157284,9,22,14,1,18
157285,8,22,14,1,172
157286,9,22,14,1,172
157287,9,22,14,1,172
157288,9,22,14,1,195
157289,9,22,14,1,195
157290,9,22,14,1,211
157292,8,22,14,1,230
157293,9,22,14,1,148
157294,8,22,14,1,148
157295,9,22,14,1,148
157297,9,22,14,1,124
157298,9,22,14,1,124
157299,9,22,14,1,124
157300,4,22,14,1,110
157302,9,22,14,1,110
157303,9,22,14,1,83
157305,8,22,14,1,83
157306,9,22,14,1,83
157307,9,22,14,1,83
157308,9,22,14,1,83
157309,4,22,14,1,0
157310,8,22,14,1,0
157311,9,22,14,1,0
157316,3,22,14,1,16
157320,3,22,14,1,0
157322,13,22,14,1,34
157323,13,22,14,1,16
157324,13,22,14,1,16
157325,13,22,14,1,0
157326,13,22,14,1,0
158890,9,25,6,0,
158891,7,25,6,0,
158894,2,26,6,0,2
158899,2,26,6,0,4
158904,2,26,6,0,4
158909,2,26,6,0,10
158914,2,26,6,0,19
158919,2,26,6,0,21
158924,2,26,6,0,28
158929,2,26,6,0,35
158934,2,26,6,0,37
158939,2,26,6,0,44
158944,2,26,6,0,50
158949,2,26,6,0,52
158954,2,26,6,0,61
158959,2,26,6,0,71
158964,2,26,6,0,73
158969,2,26,6,0,82
158974,2,26,6,0,92
158980,9,25,6,0,
158981,7,25,6,0,
158985,17,26,6,0,0
158986,17,26,6,0,0
158987,17,26,6,0,0
158988,11,26,6,0,0
158991,17,26,6,0,0
158992,11,26,6,0,0
158995,17,26,6,0,0
158997,17,26,6,0,0
158998,17,26,6,0,0
158999,11,26,6,0,0
159000,11,26,6,0,0
159002,14,26,6,0,20
159003,17,26,6,0,20
159004,11,26,6,0,20
159006,15,26,6,0,20
159007,15,26,6,0,20
159009,14,26,6,0,20
159010,11,26,6,0,20
159012,14,26,6,0,36
159013,17,26,6,0,36
159014,11,26,6,0,36
159016,14,26,6,0,51
159017,17,26,6,0,51
159018,11,26,6,0,51
159020,14,26,6,0,72
159021,17,26,6,0,72
159022,11,26,6,0,72
162754,8,31,15,1,0
162757,8,31,15,1,15
162761,8,31,15,1,34
162765,8,31,15,1,55
162766,8,31,15,1,55
162769,9,29,15,0,55
162770,8,31,15,1,55
162771,7,29,15,0,55
162774,9,31,15,1,74
162775,8,31,15,1,74
162778,8,31,15,1,93
162779,8,31,15,1,93
162782,8,31,15,1,103
162783,8,31,15,1,103
162786,8,31,15,1,116
162787,9,31,15,1,116
162791,8,31,15,1,136
162795,8,31,15,1,154
162798,8,31,15,1,168
162801,8,31,15,1,185
162805,8,31,15,1,213
162809,8,31,15,1,227
162813,8,31,15,1,248
162818,8,31,15,1,262
162822,8,31,15,1,276
162825,8,31,15,1,291
162826,9,31,15,1,291
162829,8,31,15,1,305
162830,8,31,15,1,305
162833,9,29,15,0,305
162834,8,31,15,1,305
162835,7,29,15,0,305
162838,8,31,15,1,324
162839,9,31,15,1,324
162843,8,31,15,1,341
162846,8,31,15,1,359
162847,8,31,15,1,359
162850,8,31,15,1,373
162854,9,31,15,1,400
162855,8,31,15,1,400
162858,8,31,15,1,423
162861,8,31,15,1,440
162865,9,29,15,0,440
162866,9,31,15,1,440
162867,7,29,15,0,440
162870,8,31,15,1,464
162874,8,31,15,1,481
162878,9,31,15,1,502
162879,8,31,15,1,502
162882,8,31,15,1,522
162885,8,31,15,1,168
162889,7,29,15,0,168
162899,16,31,15,1,
162911,9,31,15,1,168
166955,3,2,5,1,217
168445,10,19,6,1,4
168535,8,31,15,1,154
171363,9,34,5,0,
171367,3,2,5,1,254
171368,6,2,5,1,254
171369,3,2,5,1,228
171375,16,14,6,0,
171537,4,14,6,0,
171538,9,14,6,0,
171539,9,14,6,0,
171540,9,14,6,0,
171541,3,14,6,0,
171542,3,14,6,0,
171544,4,14,6,0,
171545,9,14,6,0,
171546,9,14,6,0,
171547,9,14,6,0,
171550,4,14,6,0,
171551,9,14,6,0,
171552,3,14,6,0,
171553,9,14,6,0,
171554,9,14,6,0,
171556,9,14,6,0,
171557,9,14,6,0,
171558,3,14,6,0,
171559,9,14,6,0,
171563,9,14,6,0,
171564,3,14,6,0,
171565,9,14,6,0,
171569,12,14,6,0,
171570,9,14,6,0,
171571,9,14,6,0,
171572,3,14,6,0,
171575,4,14,6,0,
171576,9,14,6,0,
171577,3,14,6,0,
171580,12,14,6,0,
171581,9,14,6,0,
171582,3,14,6,0,
171583,9,14,6,0,
171584,9,14,6,0,
171587,4,14,6,0,
171588,9,14,6,0,
171589,3,14,6,0,
171590,3,14,6,0,
171593,12,14,6,0,
171594,18,14,6,0,
171595,3,14,6,0,
171596,9,14,6,0,
171597,9,14,6,0,
171599,9,14,6,0,
171600,4,14,6,0,
171601,9,14,6,0,
171602,3,14,6,0,
171603,9,14,6,0,
171604,18,14,6,0,
171606,3,14,6,0,
171607,4,14,6,0,
171608,9,14,6,0,
171609,3,14,6,0,
171610,9,14,6,0,
171611,12,14,6,0,
171612,18,14,6,0,
171614,4,14,6,0,
171615,9,14,6,0,
171616,3,14,6,0,
171617,9,14,6,0,
171618,18,14,6,0,
171620,9,14,6,0,
171621,4,14,6,0,
171622,9,14,6,0,
171623,3,14,6,0,
171624,18,14,6,0,
171625,9,14,6,0,
171627,4,14,6,0,
171628,9,14,6,0,
171629,3,14,6,0,
171630,9,14,6,0,
171631,18,14,6,0,
171632,12,14,6,0,
171634,4,14,6,0,
171635,9,14,6,0,
171636,3,14,6,0,
171637,18,14,6,0,
171638,9,14,6,0,
171640,9,14,6,0,
171641,9,14,6,0,
171645,9,15,6,0,
171646,4,14,6,0,
171647,9,14,6,0,
171648,9,14,6,0,
171649,3,14,6,0,
171654,9,15,6,0,
171993,19,11,10,1,50
171994,19,11,10,1,53
171995,19,11,10,1,56
171996,19,11,10,1,60
178249,17,37,15,0,55
178251,11,37,15,0,55
178252,11,37,15,0,55
178254,17,37,15,0,168
178256,11,37,15,0,168
178257,11,37,15,0,168
178259,17,37,15,0,305
178261,11,37,15,0,305
178264,17,37,15,0,440
178266,11,37,15,0,440
178267,11,37,15,0,440
178330,16,10,9,0,
178331,16,32,11,0,
178332,16,35,13,0,
178334,16,15,6,0,
178336,7,38,10,0,
179149,14,39,5,0,312
179150,14,39,5,0,312
179151,14,39,5,0,366
179152,14,39,5,0,366
179153,14,39,5,0,24
179154,14,39,5,0,24
179155,14,39,5,0,80
179156,14,39,5,0,80
179157,14,39,5,0,411
179158,14,39,5,0,411
179159,14,39,5,0,457
179160,14,39,5,0,457
179162,17,39,5,0,321
179163,17,39,5,0,24
179164,17,39,5,0,451
179166,17,39,5,0,321
179167,17,39,5,0,24
179168,17,39,5,0,451
179170,17,39,5,0,321
179171,17,39,5,0,24
179172,17,39,5,0,451
179173,17,39,5,0,300
179174,17,39,5,0,321
179175,17,39,5,0,24
179176,17,39,5,0,451
179177,2,39,5,0,170
179178,2,39,5,0,313
179179,2,39,5,0,354
179180,2,39,5,0,412
179181,2,39,5,0,1
179182,2,39,5,0,25
179186,17,39,5,0,
179187,17,39,5,0,
179188,17,39,5,0,
179209,15,39,5,0,300
179210,15,39,5,0,300
179211,15,39,5,0,300
179212,15,39,5,0,366
179213,15,39,5,0,366
179214,15,39,5,0,366
179215,15,39,5,0,64
179216,15,39,5,0,64
179217,15,39,5,0,64
179218,15,39,5,0,424
179221,15,39,5,0,424
179222,15,39,5,0,424
179228,17,39,5,0,297
179229,17,39,5,0,321
179230,17,39,5,0,351
179231,17,39,5,0,366
179232,17,39,5,0,378
179233,17,39,5,0,24
179234,17,39,5,0,51
179235,17,39,5,0,80
179236,17,39,5,0,378
179237,17,39,5,0,399
179238,17,39,5,0,399
179239,17,39,5,0,424
179240,17,39,5,0,424
179241,17,39,5,0,451
179242,17,39,5,0,451
179243,17,39,5,0,469
179244,17,39,5,0,484
179381,11,39,5,0,366
179382,11,39,5,0,366
179383,11,39,5,0,312
179384,11,39,5,0,312
179385,11,39,5,0,80
179386,11,39,5,0,80
179387,11,39,5,0,24
179388,11,39,5,0,24
179389,11,39,5,0,457
179390,11,39,5,0,457
179391,11,39,5,0,411
179392,11,39,5,0,411
179395,11,39,5,0,300
179397,11,39,5,0,321
179398,11,39,5,0,321
179399,11,39,5,0,321
179400,11,39,5,0,321
179401,11,39,5,0,24
179402,11,39,5,0,24
179403,11,39,5,0,24
179404,11,39,5,0,24
179405,11,39,5,0,451
179406,11,39,5,0,451
179407,11,39,5,0,451
179408,11,39,5,0,451
179752,5,19,6,1,20
185838,9,8,9,1,536
185904,9,14,6,0,
192988,11,14,6,0,
193078,3,11,10,1,601
193083,3,11,10,1,585
193085,3,11,10,1,585
193089,3,11,10,1,573
193090,6,11,10,1,573
193091,3,11,10,1,573
193093,3,11,10,1,573
193095,3,11,10,1,557
193097,3,11,10,1,557
193099,3,11,10,1,541
193100,6,11,10,1,541
193101,3,11,10,1,541
193103,3,11,10,1,541
193107,3,11,10,1,526
193108,3,11,10,1,526
193113,4,11,10,1,601
193114,8,11,10,1,601
193115,4,11,10,1,601
193116,19,11,10,1,601
193117,19,11,10,1,601
193118,19,11,10,1,599
193119,19,11,10,1,597
193120,6,11,10,1,600
193121,19,11,10,1,597
193123,6,11,10,1,597
193124,19,11,10,1,594
193125,19,11,10,1,588
193126,19,11,10,1,591
193127,19,11,10,1,586
193128,4,11,10,1,585
193130,4,11,10,1,585
193131,9,11,10,1,585
193132,8,11,10,1,585
193134,19,11,10,1,585
193135,19,11,10,1,585
193136,9,11,10,1,585
193138,19,11,10,1,585
193139,19,11,10,1,585
193140,9,11,10,1,585
193141,6,11,10,1,585
193142,19,11,10,1,582
193143,19,11,10,1,579
193144,19,11,10,1,585
193145,19,11,10,1,584
193146,9,11,10,1,585
193147,19,11,10,1,573
193148,19,11,10,1,576
193149,19,11,10,1,573
193150,6,11,10,1,554
193151,19,11,10,1,573
193152,4,11,10,1,573
193153,8,11,10,1,572
193155,4,11,10,1,573
193156,9,11,10,1,572
193157,19,11,10,1,573
193158,19,11,10,1,573
193159,9,11,10,1,572
193161,19,11,10,1,558
193162,19,11,10,1,561
193163,19,11,10,1,564
193164,19,11,10,1,567
193165,19,11,10,1,570
193166,6,11,10,1,558
193167,4,11,10,1,557
193169,4,11,10,1,557
193170,8,11,10,1,557
193171,9,11,10,1,557
193172,19,11,10,1,557
193173,9,11,10,1,557
193174,19,11,10,1,553
193175,19,11,10,1,549
193176,19,11,10,1,557
193177,19,11,10,1,557
193179,19,11,10,1,541
193180,19,11,10,1,544
193181,19,11,10,1,547
193182,6,11,10,1,541
193183,4,11,10,1,541
193184,8,11,10,1,541
193185,6,11,10,1,541
193186,4,11,10,1,541
193187,8,11,10,1,541
193188,9,11,10,1,541
193190,4,11,10,1,541
193192,19,11,10,1,541
193193,19,11,10,1,541
193194,9,11,10,1,541
193196,19,11,10,1,538
193197,19,11,10,1,535
193198,19,11,10,1,541
193199,19,11,10,1,541
193200,9,11,10,1,541
193202,19,11,10,1,527
193203,19,11,10,1,530
193204,19,11,10,1,533
193205,19,11,10,1,526
193206,9,11,10,1,526
193207,6,11,10,1,527
193208,4,11,10,1,526
193209,8,11,10,1,526
193211,4,11,10,1,526
193213,9,11,10,1,526
193215,19,11,10,1,526
193216,19,11,10,1,526
193217,9,11,10,1,526
193219,19,11,10,1,523
193220,19,11,10,1,520
193221,19,11,10,1,517
193222,19,11,10,1,526
193223,6,11,10,1,525
193224,19,11,10,1,511
193225,19,11,10,1,514
193226,6,11,10,1,511
193227,19,11,10,1,510
193228,7,38,10,0,
193449,7,38,10,0,541
196139,2,37,15,0,0
196140,2,37,15,0,55
196141,2,37,15,0,115
196142,2,37,15,0,168
196143,2,37,15,0,213
196144,2,37,15,0,305
196145,2,37,15,0,359
196146,2,37,15,0,440
196147,17,37,15,0,
196148,17,37,15,0,
196149,17,37,15,0,
196150,17,37,15,0,
196205,17,37,15,0,
196228,16,43,1,0,
196231,16,44,1,0,
196464,4,43,1,0,
196465,9,43,1,0,
196466,3,43,1,0,
196467,6,43,1,0,
196468,4,43,1,0,
196469,6,43,1,0,
196470,4,43,1,0,
196471,6,43,1,0,
196472,4,43,1,0,
196473,6,43,1,0,
196474,4,43,1,0,
196475,6,43,1,0,
196476,4,43,1,0,
196477,6,43,1,0,
196478,4,43,1,0,
196479,9,43,1,0,
196480,3,43,1,0,
196481,6,43,1,0,
196482,4,43,1,0,
196483,3,43,1,0,
196484,9,53,1,0,
196485,9,53,1,0,
196486,6,43,1,0,
196487,4,43,1,0,
196488,9,43,1,0,
196489,9,43,1,0,
196490,9,43,1,0,
196491,3,43,1,0,
196492,6,43,1,0,
196493,4,43,1,0,
196494,3,43,1,0,
196495,9,43,1,0,
196496,6,43,1,0,
196497,4,43,1,0,
196498,9,43,1,0,
196499,3,43,1,0,
196500,9,43,1,0,
196501,6,43,1,0,
196502,4,43,1,0,
196503,3,43,1,0,
196504,9,43,1,0,
196505,6,43,1,0,
196506,4,44,1,0,
196507,3,44,1,0,
196508,6,44,1,0,
196509,4,44,1,0,
196510,9,44,1,0,
196511,9,44,1,0,
196512,6,44,1,0,
196513,4,44,1,0,
196514,9,44,1,0,
196515,9,44,1,0,
196516,3,44,1,0,
196517,6,44,1,0,
196518,4,44,1,0,
196519,9,44,1,0,
196520,9,44,1,0,
196521,3,44,1,0,
196522,6,44,1,0,
196523,4,44,1,0,
196524,9,44,1,0,
196525,3,44,1,0,
196526,6,44,1,0,
196527,4,44,1,0,
196528,9,44,1,0,
196529,9,44,1,0,
196530,9,44,1,0,
196531,3,44,1,0,
196532,6,44,1,0,
196622,7,53,1,0,
196623,15,42,1,0,137
196624,15,42,1,0,137
196625,15,42,1,0,137
196627,15,42,1,0,100
196628,17,42,1,0,26
196629,17,42,1,0,63
196630,17,42,1,0,63
196631,17,42,1,0,137
196632,17,42,1,0,137
196633,17,42,1,0,137
196634,17,42,1,0,154
196635,17,42,1,0,181
196636,17,42,1,0,206
196637,17,42,1,0,181
196638,17,42,1,0,181
196639,17,42,1,0,181
196640,17,42,1,0,181
196641,17,42,1,0,181
196642,17,42,1,0,181
196643,17,42,1,0,181
196644,14,42,1,0,202
196645,14,42,1,0,177
196646,14,42,1,0,154
196647,14,42,1,0,137
196648,14,42,1,0,116
196649,14,42,1,0,94
196650,14,42,1,0,72
196651,14,42,1,0,54
196652,14,42,1,0,37
196653,14,42,1,0,18
196654,11,42,1,0,202
196655,11,42,1,0,177
196656,11,42,1,0,154
196657,11,42,1,0,137
196658,11,42,1,0,116
196659,11,42,1,0,94
196660,11,42,1,0,72
196661,11,42,1,0,54
196662,11,42,1,0,37
196663,11,42,1,0,18
196664,11,42,1,0,181
196665,11,42,1,0,181
196666,11,42,1,0,181
196667,11,42,1,0,181
196668,11,42,1,0,181
196669,15,42,1,0,112
196672,15,42,1,0,231
196673,17,42,1,0,231
196674,17,42,1,0,0
196675,17,42,1,0,29
196677,17,42,1,0,81
196678,17,42,1,0,50
196679,17,42,1,0,112
196680,14,42,1,0,181
196681,14,42,1,0,148
196682,14,42,1,0,147
196683,14,42,1,0,112
196684,14,42,1,0,111
196685,14,42,1,0,80
196686,14,42,1,0,29
196687,14,42,1,0,9
196688,14,42,1,0,148
196689,15,42,1,0,148
196691,17,42,1,0,148
196692,17,42,1,0,148
196694,17,42,1,0,181
196695,17,42,1,0,112
196696,17,42,1,0,148
196697,17,42,1,0,148
196698,17,42,1,0,148
196699,17,42,1,0,0
196700,17,42,1,0,148
196701,17,42,1,0,148
196702,17,42,1,0,148
196703,17,42,1,0,148
196704,17,42,1,0,148
196706,11,42,1,0,181
196707,11,42,1,0,148
196708,11,42,1,0,147
196709,11,42,1,0,112
196710,11,42,1,0,111
196711,11,42,1,0,80
196712,11,42,1,0,29
196713,11,42,1,0,9
196714,11,42,1,0,148
196715,11,42,1,0,148
196716,11,42,1,0,148
196717,11,42,1,0,148
196718,11,42,1,0,148
196719,11,42,1,0,148
196720,11,42,1,0,148
196721,11,42,1,0,148
196722,11,42,1,0,148
196723,2,42,1,0,200
196725,2,42,1,0,181
196726,2,42,1,0,178
196727,2,42,1,0,175
196728,2,42,1,0,149
196729,2,42,1,0,146
196730,2,42,1,0,140
196731,2,42,1,0,132
196732,2,42,1,0,128
196733,2,42,1,0,123
196734,2,42,1,0,113
196735,2,42,1,0,110
196736,2,42,1,0,101
196737,2,42,1,0,97
196738,2,42,1,0,94
196739,2,42,1,0,84
196740,2,42,1,0,79
196741,2,42,1,0,66
196742,2,42,1,0,63
196743,2,42,1,0,51
196744,2,42,1,0,48
196745,2,42,1,0,29
196746,2,42,1,0,27
196750,2,42,1,0,10
196751,2,42,1,0,7
196752,2,42,1,0,2
196753,2,42,1,0,231
196755,2,42,1,0,8
196756,2,42,1,0,231
196759,2,42,1,0,204
196760,2,42,1,0,200
196761,2,42,1,0,196
196762,2,42,1,0,183
196763,2,42,1,0,180
196764,2,42,1,0,178
196765,2,42,1,0,173
196767,2,42,1,0,155
196768,2,42,1,0,152
196771,2,42,1,0,137
196772,2,42,1,0,8
196774,2,42,1,0,16
196775,2,42,1,0,134
196777,2,42,1,0,112
196778,2,42,1,0,101
196779,2,42,1,0,95
196780,2,42,1,0,92
196783,2,42,1,0,73
196784,2,42,1,0,70
196785,2,42,1,0,55
196786,2,42,1,0,52
196789,2,42,1,0,38
196790,2,42,1,0,35
196792,2,42,1,0,19
196793,2,42,1,0,16
196796,2,42,1,0,1
196813,9,8,9,1,539
196820,16,45,7,1,
196823,16,46,7,0,
196824,16,36,7,0,
196882,3,45,7,1,0
196883,6,45,7,1,0
196884,3,45,7,1,0
196885,3,45,7,1,0
196887,3,45,7,1,20
196889,3,45,7,1,20
196892,3,45,7,1,35
196893,3,45,7,1,56
196894,3,45,7,1,56
196895,6,45,7,1,56
196896,3,45,7,1,56
196897,3,45,7,1,56
196898,6,45,7,1,56
196899,3,45,7,1,67
196900,6,45,7,1,67
196903,3,45,7,1,62
196904,6,45,7,1,62
196905,3,45,7,1,68
196906,6,45,7,1,68
196907,3,45,7,1,69
196908,6,45,7,1,69
196909,3,45,7,1,71
196910,6,45,7,1,71
196911,3,45,7,1,71
196912,6,45,7,1,71
196913,3,45,7,1,71
196914,6,45,7,1,71
196949,9,62,7,1,71
196950,8,62,7,1,71
196961,9,45,7,1,0
196962,8,45,7,1,0
196963,8,45,7,1,0
196964,6,45,7,1,0
196965,9,45,7,1,20
196966,8,45,7,1,20
196967,8,45,7,1,35
196968,8,45,7,1,56
196969,4,45,7,1,57
196970,8,45,7,1,56
196971,9,45,7,1,56
196972,6,45,7,1,55
196973,4,45,7,1,56
196974,9,45,7,1,56
196976,4,45,7,1,60
196977,6,45,7,1,64
196978,4,45,7,1,65
196979,9,45,7,1,67
196981,9,45,7,1,66
196982,8,45,7,1,68
196983,9,45,7,1,69
196984,6,45,7,1,69
196985,4,45,7,1,57
196986,10,45,7,1,62
196987,6,45,7,1,60
196988,4,45,7,1,61
196989,9,45,7,1,67
196990,6,45,7,1,65
196991,4,45,7,1,66
196992,9,45,7,1,69
196993,10,45,7,1,69
196994,6,45,7,1,69
196995,4,45,7,1,71
196996,10,45,7,1,71
196997,9,45,7,1,71
196998,6,45,7,1,71
196999,6,45,7,1,71
197000,4,45,7,1,71
197001,9,36,7,0,
197002,9,46,7,0,
197003,3,46,7,0,
197004,9,46,7,0,
197016,13,45,7,1,0
197017,13,45,7,1,20
197018,13,45,7,1,35
197019,13,45,7,1,56
197020,13,45,7,1,56
197021,13,45,7,1,67
197022,13,45,7,1,60
197023,13,45,7,1,71
197024,13,45,7,1,71
197031,7,36,7,0,
197032,4,46,7,0,
197033,12,46,7,0,
197034,6,46,7,0,
197035,4,46,7,0,
197036,12,46,7,0,
197037,6,46,7,0,
197113,2,46,7,0,1
197114,2,46,7,0,22
197115,2,46,7,0,50
197116,2,46,7,0,65
197119,2,46,7,0,35
197120,2,46,7,0,56
197121,2,46,7,0,68
197124,2,46,7,0,71
197125,14,46,7,0,0
197126,14,46,7,0,0
197127,14,46,7,0,20
197128,14,46,7,0,35
197129,14,46,7,0,66
197130,14,46,7,0,66
197131,14,6,2,0,96
197132,14,6,2,0,96
197133,14,6,2,0,11
197134,14,6,2,0,3
197135,17,46,7,0,20
197136,17,46,7,0,35
197137,17,46,7,0,35
197138,17,46,7,0,56
197139,17,46,7,0,56
197140,17,46,7,0,71
197141,17,6,2,0,0
197142,17,6,2,0,96
197143,17,6,2,0,81
197144,17,6,2,0,0
197145,17,6,2,0,96
197146,15,46,7,0,35
197147,15,46,7,0,35
197148,15,46,7,0,35
197149,15,46,7,0,35
197150,15,46,7,0,35
197152,17,46,7,0,
197153,17,46,7,0,
197154,17,6,2,0,
197155,17,6,2,0,
197156,17,46,7,0,
197158,17,6,2,0,
197159,17,6,2,0,
197160,17,46,7,0,
197161,17,6,2,0,
197162,17,6,2,0,
197163,17,46,7,0,
197164,17,46,7,0,
197167,11,46,7,0,0
197168,11,46,7,0,0
197169,11,46,7,0,20
197170,11,46,7,0,35
197171,11,46,7,0,66
197172,11,46,7,0,66
197173,11,6,2,0,96
197174,11,6,2,0,96
197175,11,6,2,0,11
197176,11,6,2,0,0
197177,11,46,7,0,
197178,11,46,7,0,
197179,11,6,2,0,
197180,11,6,2,0,
197181,11,46,7,0,
197183,11,6,2,0,
197184,11,6,2,0,
197185,11,46,7,0,
197186,11,6,2,0,
197187,11,6,2,0,
197188,11,46,7,0,
197189,11,46,7,0,
197250,13,11,10,1,418
197251,13,11,10,1,392
197252,13,11,10,1,391
197253,13,11,10,1,391
197254,13,11,10,1,390
197255,13,11,10,1,371
197256,13,11,10,1,371
197257,13,11,10,1,371
197258,13,11,10,1,371
197259,13,11,10,1,370
197260,13,11,10,1,355
197261,13,11,10,1,354
197262,13,11,10,1,340
197263,13,11,10,1,340
197264,13,11,10,1,339
197265,13,11,10,1,321
197266,13,11,10,1,320
197267,13,11,10,1,320
197268,13,11,10,1,305
197269,13,11,10,1,304
197270,13,11,10,1,304
197271,13,11,10,1,287
197272,13,11,10,1,287
197273,13,11,10,1,287
197274,13,11,10,1,270
197275,13,11,10,1,269
197276,13,11,10,1,269
197277,13,11,10,1,269
197278,13,11,10,1,256
197279,13,11,10,1,256
197280,13,11,10,1,256
197281,13,11,10,1,256
197282,13,11,10,1,256
197283,13,11,10,1,237
197284,13,11,10,1,237
197285,13,11,10,1,237
197286,13,11,10,1,228
197287,13,11,10,1,227
197288,13,11,10,1,227
197289,13,11,10,1,227
197290,13,11,10,1,209
197291,13,11,10,1,209
197292,13,11,10,1,209
197293,13,11,10,1,195
197294,13,11,10,1,195
197295,13,11,10,1,195
197296,13,11,10,1,183
197297,13,11,10,1,183
197298,13,11,10,1,183
197299,13,11,10,1,173
197300,13,11,10,1,173
197301,13,11,10,1,173
197302,13,11,10,1,0
197303,13,11,10,1,0
197304,13,11,10,1,0
197305,13,11,10,1,11
197306,13,11,10,1,9
197307,13,11,10,1,166
197308,13,11,10,1,155
197309,13,11,10,1,155
197310,13,11,10,1,155
197311,13,11,10,1,155
197312,13,11,10,1,144
197313,13,11,10,1,144
197314,13,11,10,1,144
197315,13,11,10,1,144
197316,13,11,10,1,144
197317,13,11,10,1,123
197318,13,11,10,1,123
197319,13,11,10,1,123
197320,13,11,10,1,123
197321,13,11,10,1,123
197322,13,11,10,1,106
197323,13,11,10,1,106
197324,13,11,10,1,106
197325,13,11,10,1,106
197326,13,11,10,1,85
197327,13,11,10,1,85
197328,13,11,10,1,85
197329,13,11,10,1,77
197330,13,11,10,1,77
197331,13,11,10,1,77
197332,13,11,10,1,77
197333,13,11,10,1,77
197334,13,11,10,1,75
197335,13,11,10,1,66
197336,13,11,10,1,66
197337,13,11,10,1,66
197338,13,11,10,1,66
197339,13,11,10,1,65
197340,13,11,10,1,50
197341,13,11,10,1,49
197342,13,11,10,1,39
197343,13,11,10,1,39
197344,13,11,10,1,39
197345,13,11,10,1,26
197346,13,11,10,1,22
197347,13,11,10,1,24
197348,13,11,10,1,10
197349,13,11,10,1,10
197350,13,11,10,1,3
197351,13,11,10,1,2
197352,13,11,10,1,0
197353,13,11,10,1,4
197354,13,11,10,1,0
197355,13,11,10,1,602
197356,13,11,10,1,601
197357,13,11,10,1,596
197358,13,11,10,1,585
197359,13,11,10,1,585
197360,13,11,10,1,584
197361,13,11,10,1,573
197362,13,11,10,1,572
197363,13,11,10,1,572
197364,13,11,10,1,571
197365,13,11,10,1,557
197366,13,11,10,1,557
197367,13,11,10,1,556
197368,13,11,10,1,541
197369,13,11,10,1,541
197370,13,11,10,1,540
197371,13,11,10,1,526
197372,13,11,10,1,526
197373,13,11,10,1,526
197374,13,11,10,1,525
197375,13,11,10,1,3
197376,13,11,10,1,3
197377,13,11,10,1,2
197378,13,11,10,1,2
197379,13,11,10,1,509
197380,13,11,10,1,509
197381,13,11,10,1,492
197382,13,11,10,1,492
197383,13,11,10,1,491
197384,13,11,10,1,474
197385,13,11,10,1,474
197386,13,11,10,1,473
197387,13,11,10,1,459
197388,13,11,10,1,459
197389,13,11,10,1,458
197390,13,11,10,1,447
197391,13,11,10,1,447
197392,13,11,10,1,446
197393,13,11,10,1,432
197394,13,11,10,1,432
197395,13,11,10,1,431
197396,13,11,10,1,419
197413,11,39,5,0,107
197414,14,39,5,0,107
197717,3,20,13,0,
197718,3,20,13,0,
197719,4,20,13,0,
197720,18,20,13,0,
197721,3,20,13,0,
197722,9,20,13,0,
197723,9,20,13,0,
197729,3,14,6,0,
197979,3,18,13,1,68
197980,6,18,13,1,68
197981,3,18,13,1,72
197982,6,18,13,1,72
197983,3,18,13,1,78
197984,6,18,13,1,78
197985,3,18,13,1,0
197986,6,18,13,1,0
198148,8,17,6,1,157
209982,2,13,10,0,147
209984,9,9,9,0,
209985,3,9,9,0,
209986,12,9,9,0,
209987,9,9,9,0,
209988,18,9,9,0,
209989,3,9,9,0,
209990,12,9,9,0,
209991,4,9,9,0,
210314,9,32,11,0,180
210587,3,1,2,1,98
210589,3,1,2,1,99
210643,15,42,1,0,231
210644,15,42,1,0,231
211784,5,7,2,1,0
212075,9,41,4,0,
212076,7,41,4,0,
212077,9,41,4,0,
212078,7,41,4,0,
212081,9,40,4,1,396
212082,9,40,4,1,396
212083,3,40,4,1,396
212084,9,40,4,1,396
212085,4,40,4,1,396
212086,3,40,4,1,396
212087,4,40,4,1,396
212093,9,40,4,1,396
212094,3,40,4,1,396
212095,4,40,4,1,396
212096,4,40,4,1,392
212097,4,40,4,1,397
212103,3,40,4,1,2
212104,6,40,4,1,1
212105,9,40,4,1,2
212106,5,40,4,1,0
212107,3,40,4,1,394
212108,4,40,4,1,0
212114,8,40,4,1,2
212115,3,40,4,1,1
212116,6,40,4,1,2
212117,4,40,4,1,2
212118,9,40,4,1,2
212119,4,40,4,1,2
212125,4,40,4,1,5
212126,4,40,4,1,9
212127,4,40,4,1,13
212133,3,40,4,1,20
212134,6,40,4,1,20
212135,9,40,4,1,20
212136,4,40,4,1,16
212142,8,40,4,1,21
212143,3,40,4,1,21
212144,6,40,4,1,21
212145,4,40,4,1,21
212146,9,40,4,1,21
212147,4,40,4,1,21
212148,4,40,4,1,24
212154,3,40,4,1,26
212155,6,40,4,1,26
212156,4,40,4,1,26
212157,3,40,4,1,26
212163,4,40,4,1,29
212164,4,40,4,1,26
212165,4,40,4,1,33
212171,8,40,4,1,39
212172,3,40,4,1,39
212173,4,40,4,1,39
212174,9,40,4,1,39
212175,3,40,4,1,38
212176,9,40,4,1,39
212177,4,40,4,1,35
212178,4,40,4,1,39
212184,3,40,4,1,49
212185,6,40,4,1,49
212186,10,40,4,1,44
212187,9,40,4,1,50
212188,10,40,4,1,45
212189,4,40,4,1,46
212190,4,40,4,1,43
212194,8,40,4,1,50
212195,3,40,4,1,50
212196,6,40,4,1,50
212197,4,40,4,1,50
212198,9,40,4,1,50
212199,4,40,4,1,50
212205,10,40,4,1,63
212206,4,40,4,1,57
212207,4,40,4,1,54
212208,4,40,4,1,60
212209,4,40,4,1,63
212215,8,40,4,1,72
212216,3,40,4,1,72
212217,9,40,4,1,72
212218,3,40,4,1,73
212219,10,40,4,1,74
212221,4,40,4,1,67
212222,4,40,4,1,72
212228,4,40,4,1,75
212229,4,40,4,1,79
212235,8,40,4,1,86
212236,3,40,4,1,86
212237,9,40,4,1,86
212238,3,40,4,1,85
212240,4,40,4,1,86
212241,4,40,4,1,83
212247,3,40,4,1,87
212248,6,40,4,1,87
212249,9,40,4,1,86
212250,4,40,4,1,86
212251,4,40,4,1,89
212257,10,40,4,1,101
212259,4,40,4,1,94
212260,4,40,4,1,91
212261,4,40,4,1,98
212266,9,40,4,1,106
212268,4,40,4,1,103
212269,4,40,4,1,106
212275,9,41,4,0,106
212276,7,41,4,0,106
212282,8,40,4,1,108
212283,3,40,4,1,108
212284,6,40,4,1,108
212285,4,40,4,1,108
212286,9,40,4,1,108
212287,4,40,4,1,107
212293,3,40,4,1,109
212294,6,40,4,1,109
212296,9,40,4,1,109
212297,4,40,4,1,109
212305,4,40,4,1,115
212306,4,40,4,1,112
212307,4,40,4,1,118
212309,4,40,4,1,117
212314,10,40,4,1,126
212318,4,40,4,1,122
212319,4,40,4,1,126
212325,8,40,4,1,133
212326,3,40,4,1,133
212327,4,40,4,1,133
212328,9,40,4,1,133
212329,4,40,4,1,129
212330,4,40,4,1,133
212336,3,40,4,1,134
212337,9,40,4,1,134
212338,4,40,4,1,134
212339,4,40,4,1,136
212347,4,40,4,1,142
212348,4,40,4,1,139
212349,4,40,4,1,145
212350,4,40,4,1,147
212356,8,40,4,1,156
212357,3,40,4,1,156
212358,4,40,4,1,156
212359,9,40,4,1,155
212360,3,40,4,1,155
212361,5,40,4,1,155
212362,6,40,4,1,155
212363,4,40,4,1,153
212364,4,40,4,1,150
212370,3,40,4,1,231
212371,9,40,4,1,231
212372,4,40,4,1,231
212378,4,40,4,1,234
212379,4,40,4,1,238
212380,4,40,4,1,241
212386,9,41,4,0,249
212387,7,41,4,0,249
212388,8,40,4,1,249
212389,3,40,4,1,249
212390,6,40,4,1,249
212391,4,40,4,1,249
212392,9,40,4,1,249
212393,9,40,4,1,249
212399,3,40,4,1,248
212400,6,40,4,1,249
212401,10,40,4,1,253
212402,9,40,4,1,249
212403,10,40,4,1,252
212404,4,40,4,1,245
212405,4,40,4,1,249
212406,4,40,4,1,252
212412,4,40,4,1,257
212413,4,40,4,1,255
212414,4,40,4,1,261
212415,4,40,4,1,263
212421,8,40,4,1,272
212422,3,40,4,1,272
212423,6,40,4,1,272
212424,4,40,4,1,272
212425,9,40,4,1,272
212426,4,40,4,1,269
212427,4,40,4,1,266
212433,3,40,4,1,272
212434,6,40,4,1,272
212435,9,40,4,1,272
212436,4,40,4,1,272
212437,4,40,4,1,275
212443,4,40,4,1,281
212444,4,40,4,1,278
212445,4,40,4,1,284
212446,4,40,4,1,288
212452,8,40,4,1,296
212453,3,40,4,1,296
212454,6,40,4,1,295
212455,4,40,4,1,296
212456,9,40,4,1,296
212457,4,40,4,1,294
212458,4,40,4,1,291
212464,3,40,4,1,296
212465,6,40,4,1,297
212466,3,40,4,1,298
212467,9,40,4,1,297
212468,4,40,4,1,296
212469,4,40,4,1,299
212474,8,40,4,1,305
212475,3,40,4,1,305
212476,6,40,4,1,305
212477,4,40,4,1,305
212478,9,40,4,1,305
212479,4,40,4,1,305
212480,4,40,4,1,302
212481,9,40,4,1,305
212487,3,40,4,1,305
212488,6,40,4,1,305
212490,5,40,4,1,305
212491,4,40,4,1,305
212492,4,40,4,1,305
212499,5,40,4,1,305
212500,4,40,4,1,305
212501,4,40,4,1,305
212502,4,40,4,1,305
212503,4,40,4,1,305
212509,8,40,4,1,305
212510,3,40,4,1,305
212511,6,40,4,1,305
212512,4,40,4,1,305
212513,9,40,4,1,305
212514,3,40,4,1,305
212515,4,40,4,1,305
212516,4,40,4,1,305
212522,3,40,4,1,305
212525,4,40,4,1,305
212526,4,40,4,1,305
212545,8,40,4,1,307
212546,3,40,4,1,307
212547,9,40,4,1,307
212549,4,40,4,1,307
212550,4,40,4,1,310
212551,4,40,4,1,305
212557,5,40,4,1,316
212559,4,40,4,1,313
212560,4,40,4,1,317
212566,8,40,4,1,326
212567,3,40,4,1,326
212568,4,40,4,1,326
212569,9,40,4,1,326
212570,6,40,4,1,326
212571,6,40,4,1,327
212572,9,40,4,1,326
212573,4,40,4,1,322
212574,4,40,4,1,326
212580,4,40,4,1,333
212581,4,40,4,1,331
212582,4,40,4,1,336
212583,4,40,4,1,340
212589,4,40,4,1,345
212590,4,40,4,1,342
212591,4,40,4,1,347
212592,4,40,4,1,351
212598,8,40,4,1,358
212599,3,40,4,1,359
212600,6,40,4,1,358
212601,9,40,4,1,358
212602,3,40,4,1,358
212603,6,40,4,1,359
212604,4,40,4,1,353
212605,4,40,4,1,358
212612,4,40,4,1,365
212613,4,40,4,1,362
212614,4,40,4,1,368
212620,4,40,4,1,375
212621,4,40,4,1,372
212622,4,40,4,1,378
212628,6,40,4,1,386
212629,6,40,4,1,387
212630,9,40,4,1,386
212634,4,40,4,1,383
212635,4,40,4,1,387
212641,9,41,4,0,385
212642,7,41,4,0,385
212643,4,40,4,1,385
212644,9,40,4,1,385
212645,8,40,4,1,385
212646,3,40,4,1,385
212647,9,40,4,1,387
212648,3,40,4,1,387
212654,3,40,4,1,402
212657,4,40,4,1,401
212658,4,40,4,1,405
212663,3,40,4,1,415
212664,6,40,4,1,413
212665,9,40,4,1,414
212666,4,40,4,1,409
212670,8,40,4,1,415
212671,3,40,4,1,414
212672,6,40,4,1,414
212673,4,40,4,1,414
212679,4,40,4,1,421
212680,4,40,4,1,418
212681,4,40,4,1,424
212682,4,40,4,1,427
212684,3,40,4,1,428
212692,4,40,4,1,430
212693,4,40,4,1,434
212699,6,40,4,1,440
212700,6,40,4,1,441
212701,9,40,4,1,441
212702,4,40,4,1,437
212703,4,40,4,1,441
212704,4,40,4,1,444
212710,8,40,4,1,441
212711,3,40,4,1,441
212712,4,40,4,1,441
212713,9,40,4,1,441
212714,3,40,4,1,441
212721,3,40,4,1,449
212724,4,40,4,1,450
212725,4,40,4,1,447
212726,4,40,4,1,453
212727,4,40,4,1,456
212733,3,40,4,1,464
212734,6,40,4,1,464
212735,3,40,4,1,476
212736,4,40,4,1,463
212737,4,40,4,1,459
212738,4,40,4,1,466
212739,9,40,4,1,466
212745,4,40,4,1,474
212746,8,40,4,1,475
212747,3,40,4,1,475
212748,4,40,4,1,474
212749,4,40,4,1,472
212755,9,41,4,0,476
212756,7,41,4,0,476
212757,10,40,4,1,476
212758,4,40,4,1,476
212759,9,40,4,1,476
212760,8,40,4,1,476
212761,3,40,4,1,476
212762,4,40,4,1,476
212763,9,40,4,1,476
212767,3,40,4,1,476
212768,5,40,4,1,476
212769,9,40,4,1,476
212770,9,40,4,1,476
212771,6,40,4,1,476
212773,4,40,4,1,476
212774,4,40,4,1,479
212780,4,40,4,1,484
212781,4,40,4,1,482
212782,4,40,4,1,488
212783,4,40,4,1,490
212789,9,40,4,1,498
212790,9,40,4,1,498
212791,4,40,4,1,498
212792,8,40,4,1,498
212793,3,40,4,1,498
212794,4,40,4,1,498
212795,9,40,4,1,498
212796,3,40,4,1,498
212802,4,40,4,1,493
212803,4,40,4,1,498
212804,4,40,4,1,500
212810,4,40,4,1,506
212811,4,40,4,1,503
212812,4,40,4,1,509
212818,3,40,4,1,515
212819,3,40,4,1,514
212820,10,40,4,1,514
212821,4,40,4,1,512
212822,4,40,4,1,515
212828,8,40,4,1,519
212829,3,40,4,1,519
212830,4,40,4,1,517
212836,17,30,4,0,21
212838,17,30,4,0,39
212840,17,30,4,0,50
212842,17,30,4,0,72
212844,17,30,4,0,106
212845,11,30,4,0,106
212847,14,30,4,0,106
212848,17,30,4,0,106
212849,17,30,4,0,106
212850,11,30,4,0,106
212852,17,30,4,0,106
212853,17,30,4,0,106
212854,11,30,4,0,106
212856,14,30,4,0,249
212857,17,30,4,0,249
212858,17,30,4,0,249
212859,11,30,4,0,249
212862,14,30,4,0,305
212863,11,30,4,0,305
212865,17,30,4,0,307
212867,14,30,4,0,326
212868,11,30,4,0,326
212870,17,30,4,0,358
212872,14,30,4,0,385
212873,11,30,4,0,385
212875,17,30,4,0,385
212876,17,30,4,0,385
212878,17,30,4,0,414
212880,17,30,4,0,441
212882,17,30,4,0,467
212883,14,30,4,0,467
212884,11,30,4,0,467
212886,14,30,4,0,2
212887,11,30,4,0,2
212889,17,30,4,0,72
212890,14,30,4,0,86
212891,11,30,4,0,86
212893,17,30,4,0,106
212895,17,30,4,0,106
212896,11,30,4,0,106
212897,11,30,4,0,106
212899,17,30,4,0,106
212900,11,30,4,0,106
212902,14,30,4,0,108
212903,11,30,4,0,108
212905,17,30,4,0,133
212906,14,30,4,0,133
212907,11,30,4,0,133
212910,14,30,4,0,156
212911,11,30,4,0,156
212913,14,30,4,0,249
212914,17,30,4,0,249
212915,17,30,4,0,249
212916,11,30,4,0,249
212918,17,30,4,0,272
212919,14,30,4,0,272
212920,11,30,4,0,272
212922,17,30,4,0,296
212923,14,30,4,0,296
212924,11,30,4,0,296
212926,14,30,4,0,385
212927,14,30,4,0,385
212928,17,30,4,0,358
212929,17,30,4,0,385
212930,11,30,4,0,385
212931,11,30,4,0,385
212933,17,30,4,0,385
212934,17,30,4,0,385
212935,11,30,4,0,385
212936,11,30,4,0,385
212938,17,30,4,0,385
212939,17,30,4,0,385
212940,11,30,4,0,385
212941,11,30,4,0,385
212943,17,30,4,0,385
212944,17,30,4,0,385
212945,11,30,4,0,385
212946,11,30,4,0,385
212948,17,30,4,0,385
212949,11,30,4,0,385
212951,14,30,4,0,396
212952,11,30,4,0,396
212954,15,30,4,0,476
212955,15,30,4,0,476
212957,15,30,4,0,476
212958,14,30,4,0,476
212959,11,30,4,0,476
212961,17,30,4,0,498
212962,14,30,4,0,498
212963,11,30,4,0,498
212965,13,40,4,1,0
212971,13,40,4,1,0
212977,13,40,4,1,2
212983,13,40,4,1,11
212989,13,40,4,1,21
212995,13,40,4,1,26
213001,13,40,4,1,33
213007,13,40,4,1,39
213013,13,40,4,1,50
213019,13,40,4,1,61
213025,13,40,4,1,72
213031,13,40,4,1,79
213037,13,40,4,1,86
213043,13,40,4,1,97
213049,13,40,4,1,106
213055,13,40,4,1,108
213061,13,40,4,1,118
213067,13,40,4,1,126
213073,13,40,4,1,133
213079,13,40,4,1,145
213085,13,40,4,1,156
213091,13,40,4,1,231
213097,13,40,4,1,239
213103,13,40,4,1,249
213109,13,40,4,1,261
213115,13,40,4,1,272
213121,13,40,4,1,284
213127,13,40,4,1,296
213133,13,40,4,1,305
213139,13,40,4,1,305
213145,13,40,4,1,305
213151,13,40,4,1,305
213157,13,40,4,1,305
213163,13,40,4,1,305
213169,13,40,4,1,307
213175,13,40,4,1,317
213181,13,40,4,1,326
213187,13,40,4,1,336
213193,13,40,4,1,347
213199,13,40,4,1,358
213205,13,40,4,1,368
213211,13,40,4,1,378
213217,13,40,4,1,387
213223,13,40,4,1,405
213229,13,40,4,1,414
213235,13,40,4,1,424
213241,13,40,4,1,434
213247,13,40,4,1,441
213253,13,40,4,1,452
213259,13,40,4,1,465
213265,13,40,4,1,475
213271,13,40,4,1,476
213277,13,40,4,1,476
213283,13,40,4,1,488
213289,13,40,4,1,498
213295,13,40,4,1,498
213301,13,40,4,1,509
213307,13,40,4,1,515
213313,13,40,4,1,519
213352,2,30,4,0,387
213353,2,30,4,0,0
213354,2,30,4,0,396
213355,2,30,4,0,405
213356,2,30,4,0,413
213357,2,30,4,0,415
213358,2,30,4,0,425
213359,2,30,4,0,433
213360,2,30,4,0,440
213361,2,30,4,0,442
213362,2,30,4,0,453
213363,2,30,4,0,464
213364,2,30,4,0,466
213365,2,30,4,0,469
213366,2,30,4,0,473
213391,16,40,4,1,
213420,14,30,4,0,21
213421,11,30,4,0,21
213422,14,30,4,0,39
213423,11,30,4,0,39
213424,14,30,4,0,50
213425,11,30,4,0,50
213426,17,30,4,0,106
213428,17,30,4,0,106
213429,11,30,4,0,106
213430,17,30,4,0,249
213431,11,30,4,0,249
213434,14,30,4,0,326
213435,11,30,4,0,326
213436,14,30,4,0,441
213437,14,30,4,0,441
213438,11,30,4,0,441
213439,11,30,4,0,441
213440,17,30,4,0,466
213442,17,30,4,0,249
213443,17,30,4,0,249
213444,11,30,4,0,249
213445,11,30,4,0,249
213447,15,30,4,0,305
213449,15,30,4,0,305
213451,14,30,4,0,305
213452,17,30,4,0,305
213454,11,30,4,0,305
213462,17,30,4,0,385
213463,11,30,4,0,385
213483,17,30,4,0,249
213484,11,30,4,0,249
213772,2,30,4,0,477
213773,2,30,4,0,497
213774,2,30,4,0,500
213775,2,30,4,0,512
213776,2,30,4,0,518
213777,2,30,4,0,4
213778,2,30,4,0,19
213779,2,30,4,0,23
213780,2,30,4,0,26
213781,2,30,4,0,26
213782,2,30,4,0,37
213783,2,30,4,0,41
213784,2,30,4,0,48
213785,2,30,4,0,52
213786,2,30,4,0,70
213787,2,30,4,0,74
213788,2,30,4,0,83
213789,2,30,4,0,91
213790,2,30,4,0,95
213791,2,30,4,0,106
213792,2,30,4,0,111
213793,2,30,4,0,117
213794,2,30,4,0,122
213795,2,30,4,0,131
213796,2,30,4,0,135
213797,2,30,4,0,154
213798,2,30,4,0,156
213799,2,30,4,0,385
213800,2,30,4,0,367
213801,2,30,4,0,351
213802,2,30,4,0,335
213803,2,30,4,0,331
213804,2,30,4,0,324
213805,2,30,4,0,308
213806,2,30,4,0,304
213807,2,30,4,0,299
213808,2,30,4,0,294
213809,2,30,4,0,274
213810,2,30,4,0,270
213811,2,30,4,0,251
213812,2,30,4,0,247
213813,2,30,4,0,232
213814,2,30,4,0,305
213815,2,30,4,0,305
213816,2,30,4,0,305
213817,2,30,4,0,305
213818,2,30,4,0,305
214023,17,30,4,0,305
214096,14,47,9,0,540
214103,14,47,9,0,506
214104,14,47,9,0,526
214111,17,47,9,0,
214112,17,47,9,0,
214113,11,47,9,0,
214114,11,47,9,0,
214118,2,47,9,0,734
214119,2,47,9,0,755
214120,2,47,9,0,775
214121,2,47,9,0,795
214122,2,47,9,0,816
214123,2,47,9,0,840
214124,17,47,9,0,
214125,17,47,9,0,
214126,17,47,9,0,
214128,14,47,9,0,722
214129,14,47,9,0,753
214130,14,47,9,0,784
214131,14,47,9,0,815
214132,14,47,9,0,815
214133,14,47,9,0,842
214134,11,47,9,0,
214135,11,47,9,0,
214136,11,47,9,0,
214138,11,47,9,0,
214139,11,47,9,0,
214140,11,47,9,0,
214141,11,47,9,0,
214142,11,47,9,0,
214143,11,47,9,0,
214144,11,47,9,0,
214145,11,47,9,0,
214195,2,47,9,0,501
214196,2,47,9,0,506
214197,2,47,9,0,526
214198,2,47,9,0,539
214208,2,47,9,0,714
214209,17,47,9,0,
214210,17,47,9,0,
214211,17,47,9,0,
214212,17,47,9,0,
214213,17,47,9,0,
214214,17,47,9,0,
214215,17,47,9,0,
214216,17,47,9,0,
214217,17,47,9,0,
214218,17,47,9,0,
214219,17,47,9,0,
214220,17,47,9,0,
214221,17,47,9,0,
214222,17,47,9,0,
214224,17,47,9,0,
214225,17,47,9,0,
214238,17,47,9,0,499
214239,17,47,9,0,507
214240,17,47,9,0,526
214241,17,47,9,0,688
214242,17,47,9,0,693
214243,17,47,9,0,716
214244,17,47,9,0,739
214245,17,47,9,0,765
214246,17,47,9,0,800
214247,17,47,9,0,827
214248,11,47,9,0,
214249,11,47,9,0,
214250,11,47,9,0,
214251,11,47,9,0,
214253,11,47,9,0,
214254,11,47,9,0,
214259,11,47,9,0,
214266,11,47,9,0,
214267,11,47,9,0,
214275,11,47,9,0,
214276,11,47,9,0,
214903,9,28,15,0,
215727,4,11,10,1,255
215728,4,11,10,1,255
215769,14,37,15,0,15
215770,17,37,15,0,15
215771,11,37,15,0,15
215773,14,37,15,0,34
215774,14,37,15,0,34
215775,11,37,15,0,34
215776,11,37,15,0,34
215778,15,37,15,0,34
215779,15,37,15,0,34
215781,15,37,15,0,34
215783,14,37,15,0,55
215784,11,37,15,0,55
215786,14,37,15,0,74
215787,17,37,15,0,75
215788,11,37,15,0,74
215790,14,37,15,0,93
215791,17,37,15,0,93
215794,14,37,15,0,103
215795,17,37,15,0,103
215796,11,37,15,0,103
215798,14,37,15,0,136
215799,11,37,15,0,136
215801,14,37,15,0,154
215802,17,37,15,0,154
215803,11,37,15,0,154
215805,14,37,15,0,168
215806,14,37,15,0,168
215807,17,37,15,0,168
215808,17,37,15,0,168
215809,11,37,15,0,168
215810,11,37,15,0,168
215812,14,37,15,0,185
215813,17,37,15,0,185
215814,11,37,15,0,185
215819,14,37,15,0,213
215820,15,37,15,0,213
215822,15,37,15,0,213
215823,15,37,15,0,213
215825,17,37,15,0,228
215827,14,37,15,0,248
215829,17,37,15,0,248
215830,11,37,15,0,248
215832,14,37,15,0,262
215833,14,37,15,0,262
215834,17,37,15,0,262
215835,11,37,15,0,262
215836,11,37,15,0,262
215838,15,37,15,0,262
215839,15,37,15,0,262
215841,15,37,15,0,262
215843,14,37,15,0,276
215845,11,37,15,0,276
215847,14,37,15,0,291
215848,17,37,15,0,291
215849,11,37,15,0,291
215851,17,37,15,0,305
215852,17,37,15,0,305
215854,14,37,15,0,324
215855,17,37,15,0,324
215856,11,37,15,0,324
215858,14,37,15,0,341
215859,14,37,15,0,341
215860,17,37,15,0,341
215861,11,37,15,0,341
215862,11,37,15,0,341
215864,15,37,15,0,341
215865,15,37,15,0,341
215867,15,37,15,0,341
215869,14,37,15,0,359
215870,11,37,15,0,359
215872,14,37,15,0,373
215873,17,37,15,0,374
215875,11,37,15,0,373
215877,14,37,15,0,388
215878,11,37,15,0,388
215880,17,37,15,0,400
215882,17,37,15,0,423
215884,11,37,15,0,423
215886,17,37,15,0,440
215887,14,37,15,0,440
215889,11,37,15,0,440
215891,15,37,15,0,440
215892,15,37,15,0,440
215894,15,37,15,0,440
215896,14,37,15,0,464
215898,11,37,15,0,464
215900,14,37,15,0,481
215903,11,37,15,0,481
215905,15,37,15,0,481
215906,15,37,15,0,481
215908,17,37,15,0,502
215910,11,37,15,0,502
215912,14,37,15,0,521
215914,15,37,15,0,522
215915,11,37,15,0,521
215917,15,37,15,0,522
215918,15,37,15,0,522
216262,9,7,2,1,12
216263,3,7,2,1,12
216265,9,1,2,1,87
217384,3,19,6,1,20
217386,9,35,13,0,
221464,3,7,2,1,12
221466,3,45,7,1,71
221468,3,45,7,1,69
222040,9,8,9,1,713
222042,7,10,9,0,765
222047,7,32,11,0,300
223567,9,8,9,1,708
224391,9,27,14,0,
224475,8,2,5,1,312
225832,9,38,10,0,
226809,3,1,2,1,61
226811,3,1,2,1,44
226813,3,1,2,1,36
226815,3,1,2,1,20
227188,17,37,15,0,305
227189,17,37,15,0,305
227190,11,37,15,0,305
227191,11,37,15,0,305
227192,17,37,15,0,305
227193,17,37,15,0,305
227194,11,37,15,0,305
227195,11,37,15,0,305
227196,17,37,15,0,305
227197,17,37,15,0,305
227198,11,37,15,0,305
227199,11,37,15,0,305
227200,17,37,15,0,305
227201,17,37,15,0,305
227202,11,37,15,0,305
227203,11,37,15,0,305
227204,17,37,15,0,305
227205,17,37,15,0,305
227206,11,37,15,0,305
227207,11,37,15,0,305
227208,17,37,15,0,305
227209,17,37,15,0,305
227210,11,37,15,0,305
227211,11,37,15,0,305
227212,17,37,15,0,305
227213,11,37,15,0,305
227214,17,37,15,0,440
227215,17,37,15,0,440
227216,17,37,15,0,440
227217,11,37,15,0,440
227218,11,37,15,0,440
227219,17,37,15,0,440
227220,17,37,15,0,440
227221,11,37,15,0,440
227222,11,37,15,0,440
227223,17,37,15,0,440
227224,17,37,15,0,440
227225,11,37,15,0,440
227226,11,37,15,0,440
227227,17,37,15,0,440
227228,17,37,15,0,440
227229,11,37,15,0,440
227230,11,37,15,0,440
227231,17,37,15,0,440
227232,17,37,15,0,440
227233,11,37,15,0,440
227234,11,37,15,0,440
227235,17,37,15,0,440
227236,17,37,15,0,440
227237,17,37,15,0,440
227238,11,37,15,0,440
227245,9,31,15,1,185
227246,9,31,15,1,185
227250,9,31,15,1,35
227253,9,31,15,1,197
227256,9,31,15,1,389
227282,3,45,7,1,35
227284,9,45,7,1,20
227289,3,45,7,1,32
227458,17,37,15,0,55
227459,17,37,15,0,55
227460,17,37,15,0,55
227461,11,37,15,0,55
227462,11,37,15,0,55
227463,17,37,15,0,55
227464,17,37,15,0,55
227465,11,37,15,0,55
227466,11,37,15,0,55
227467,17,37,15,0,55
227468,17,37,15,0,55
227469,11,37,15,0,55
227470,11,37,15,0,55
227471,17,37,15,0,55
227472,17,37,15,0,55
227473,11,37,15,0,55
227474,11,37,15,0,55
227475,17,37,15,0,55
227476,17,37,15,0,55
227477,17,37,15,0,55
227478,17,37,15,0,55
227479,11,37,15,0,55
227480,11,37,15,0,55
227481,17,37,15,0,168
227482,17,37,15,0,168
227483,17,37,15,0,168
227484,11,37,15,0,168
227485,11,37,15,0,168
227487,17,37,15,0,168
227489,11,37,15,0,168
227490,17,37,15,0,168
227491,17,37,15,0,168
227492,11,37,15,0,168
227493,11,37,15,0,168
227494,17,37,15,0,168
227495,17,37,15,0,168
227496,11,37,15,0,168
227497,11,37,15,0,168
227498,17,37,15,0,168
227499,17,37,15,0,168
227500,17,37,15,0,168
227501,11,37,15,0,168
227503,17,37,15,0,305
227504,17,37,15,0,305
227505,11,37,15,0,213
227507,14,37,15,0,423
227508,17,37,15,0,440
227509,17,37,15,0,464
227510,15,37,15,0,481
227511,17,37,15,0,481
227513,14,37,15,0,502
228178,3,2,5,1,399
228180,3,2,5,1,366
228182,3,2,5,1,321
228191,8,48,16,1,191
228192,3,48,16,1,191
228193,6,48,16,1,191
228199,6,48,16,1,190
228200,9,48,16,1,190
228201,8,48,16,1,190
228202,9,48,16,1,191
228203,3,48,16,1,190
228209,3,48,16,1,186
228215,9,51,16,0,187
228216,9,51,16,0,187
228217,7,49,16,0,187
228221,8,48,16,1,176
228223,9,48,16,1,176
228224,3,48,16,1,176
228225,6,48,16,1,176
228230,9,48,16,1,175
228231,8,48,16,1,175
228232,3,48,16,1,175
228233,6,48,16,1,175
228239,6,48,16,1,154
228241,8,48,16,1,153
228242,3,48,16,1,153
228247,6,48,16,1,152
228248,9,48,16,1,153
228249,8,48,16,1,153
228250,9,48,16,1,153
228251,3,48,16,1,153
228257,6,48,16,1,2
228258,8,48,16,1,3
228259,3,48,16,1,3
228266,3,48,16,1,140
228267,9,48,16,1,139
228268,8,48,16,1,140
228269,6,48,16,1,140
228270,9,48,16,1,140
228275,6,48,16,1,127
228276,3,48,16,1,126
228277,8,48,16,1,126
228283,6,48,16,1,125
228284,9,48,16,1,126
228285,8,48,16,1,126
228286,9,48,16,1,126
228287,3,48,16,1,126
228293,6,48,16,1,2
228294,8,48,16,1,3
228295,3,48,16,1,3
228301,6,48,16,1,110
228302,3,48,16,1,110
228303,9,48,16,1,114
228304,8,48,16,1,110
228305,9,48,16,1,110
228311,6,48,16,1,2
228312,8,48,16,1,3
228313,3,48,16,1,3
228319,6,48,16,1,98
228320,9,48,16,1,98
228321,8,48,16,1,98
228322,9,48,16,1,98
228323,3,48,16,1,98
228329,6,48,16,1,4
228330,8,48,16,1,5
228331,3,48,16,1,5
228337,3,48,16,1,86
228338,9,48,16,1,86
228339,8,48,16,1,86
228340,9,48,16,1,86
228342,6,48,16,1,86
228347,6,48,16,1,85
228353,6,48,16,1,71
228354,8,48,16,1,71
228355,3,48,16,1,71
228361,6,48,16,1,71
228362,8,48,16,1,71
228363,9,48,16,1,71
228364,3,48,16,1,71
228371,9,48,16,1,60
228372,9,51,16,0,60
228373,3,48,16,1,60
228374,9,51,16,0,60
228375,7,49,16,0,60
228380,6,48,16,1,56
228381,8,48,16,1,56
228382,3,48,16,1,56
228388,6,48,16,1,56
228389,9,48,16,1,56
228390,8,48,16,1,56
228391,9,48,16,1,56
228392,3,48,16,1,56
228399,8,48,16,1,41
228400,3,48,16,1,41
228401,6,48,16,1,42
228406,6,48,16,1,41
228407,9,48,16,1,41
228408,8,48,16,1,41
228409,9,48,16,1,41
228410,3,48,16,1,41
228417,8,48,16,1,24
228418,3,48,16,1,24
228419,6,48,16,1,24
228424,6,48,16,1,23
228425,8,48,16,1,23
228426,9,48,16,1,23
228427,9,48,16,1,23
228428,3,48,16,1,23
228434,6,48,16,1,19
228441,8,48,16,1,10
228442,3,48,16,1,10
228443,6,48,16,1,10
228448,6,48,16,1,9
228449,9,48,16,1,9
228450,8,48,16,1,9
228451,9,48,16,1,9
228452,3,48,16,1,9
228459,8,48,16,1,0
228460,3,48,16,1,0
228461,6,48,16,1,0
228467,8,54,16,1,203
228468,3,54,16,1,203
228469,6,54,16,1,203
228474,6,54,16,1,204
228475,8,54,16,1,205
228476,9,54,16,1,205
228477,3,54,16,1,205
228484,9,54,16,1,217
228485,8,54,16,1,217
228486,3,54,16,1,217
228487,6,54,16,1,216
228492,9,54,16,1,217
228493,8,54,16,1,217
228494,3,54,16,1,217
228495,6,54,16,1,217
228502,9,54,16,1,232
228503,8,54,16,1,232
228504,3,54,16,1,232
228505,6,54,16,1,231
228510,9,54,16,1,232
228511,8,54,16,1,232
228512,3,54,16,1,232
228513,6,54,16,1,232
228515,9,54,16,1,232
228520,9,51,16,0,244
228522,9,54,16,1,244
228523,9,51,16,0,244
228524,3,54,16,1,244
228525,7,49,16,0,244
228530,9,54,16,1,247
228531,8,54,16,1,247
228532,3,54,16,1,247
228533,6,54,16,1,246
228539,9,54,16,1,247
228540,8,54,16,1,247
228541,3,54,16,1,247
228542,6,54,16,1,247
228549,9,54,16,1,262
228550,8,54,16,1,262
228551,3,54,16,1,262
228552,6,54,16,1,261
228557,9,54,16,1,263
228558,8,54,16,1,263
228559,3,54,16,1,263
228560,6,54,16,1,263
228567,9,54,16,1,276
228568,8,54,16,1,276
228569,9,51,16,0,276
228570,3,54,16,1,276
228571,6,54,16,1,275
228577,9,54,16,1,276
228578,8,54,16,1,276
228579,3,54,16,1,276
228580,6,54,16,1,277
228587,9,54,16,1,291
228588,8,54,16,1,291
228589,3,54,16,1,291
228590,6,54,16,1,290
228595,9,54,16,1,291
228596,8,54,16,1,291
228597,3,54,16,1,291
228598,6,54,16,1,292
228605,8,54,16,1,302
228606,3,54,16,1,302
228607,6,54,16,1,301
228612,4,48,16,1,176
228613,4,48,16,1,176
228614,4,48,16,1,175
228615,4,48,16,1,176
228616,4,48,16,1,177
228617,4,48,16,1,178
228618,4,48,16,1,178
228619,4,48,16,1,179
228620,4,48,16,1,179
228621,4,48,16,1,180
228622,4,48,16,1,181
228623,4,48,16,1,181
228624,4,48,16,1,182
228625,4,48,16,1,183
228626,4,48,16,1,183
228627,4,48,16,1,184
228628,4,48,16,1,185
228629,4,48,16,1,185
228630,4,48,16,1,186
228631,4,48,16,1,187
228632,4,48,16,1,187
228633,4,48,16,1,188
228634,4,48,16,1,188
228635,4,48,16,1,189
228636,4,48,16,1,190
228637,4,48,16,1,190
228638,4,48,16,1,190
228639,4,48,16,1,190
228640,4,48,16,1,191
228641,4,48,16,1,191
228642,4,48,16,1,191
228643,4,48,16,1,191
228644,4,48,16,1,191
228645,4,48,16,1,191
228646,4,48,16,1,191
228647,4,48,16,1,191
228648,4,48,16,1,190
228649,4,48,16,1,190
228650,4,48,16,1,189
228651,4,48,16,1,188
228652,4,48,16,1,188
228653,4,48,16,1,188
228654,4,48,16,1,188
228655,4,48,16,1,187
228656,4,48,16,1,186
228657,4,48,16,1,186
228658,4,48,16,1,185
228659,4,48,16,1,184
228660,4,48,16,1,184
228661,4,48,16,1,183
228662,4,48,16,1,182
228663,4,48,16,1,183
228664,4,48,16,1,182
228665,4,48,16,1,182
228666,4,48,16,1,181
228667,4,48,16,1,180
228668,4,48,16,1,180
228669,4,48,16,1,179
228670,4,48,16,1,178
228671,4,48,16,1,178
228672,4,48,16,1,177
228673,4,48,16,1,176
228674,4,48,16,1,176
228675,4,48,16,1,175
228676,4,48,16,1,175
228677,4,48,16,1,174
228678,4,48,16,1,173
228679,4,48,16,1,173
228680,4,48,16,1,172
228681,4,48,16,1,171
228682,4,48,16,1,171
228683,4,48,16,1,170
228684,4,48,16,1,170
228685,4,48,16,1,169
228686,4,48,16,1,168
228687,4,48,16,1,168
228688,4,48,16,1,167
228689,4,48,16,1,166
228690,4,48,16,1,166
228691,4,48,16,1,165
228692,4,48,16,1,165
228693,4,48,16,1,166
228694,4,48,16,1,167
228695,4,48,16,1,167
228696,4,48,16,1,168
228697,4,48,16,1,169
228698,4,48,16,1,169
228699,4,48,16,1,170
228700,4,48,16,1,170
228701,4,48,16,1,171
228702,4,48,16,1,172
228703,4,48,16,1,172
228704,4,48,16,1,173
228705,4,48,16,1,173
228706,4,48,16,1,174
228707,4,48,16,1,174
228708,4,48,16,1,175
228709,4,48,16,1,175
228710,4,48,16,1,175
228713,4,48,16,1,153
228714,4,48,16,1,153
228715,4,48,16,1,153
228716,4,48,16,1,153
228717,4,48,16,1,153
228718,4,48,16,1,154
228719,4,48,16,1,155
228720,4,48,16,1,155
228721,4,48,16,1,156
228722,4,48,16,1,157
228723,4,48,16,1,157
228724,4,48,16,1,158
228725,4,48,16,1,158
228726,4,48,16,1,159
228727,4,48,16,1,159
228728,4,48,16,1,159
228729,4,48,16,1,159
228730,4,48,16,1,160
228731,4,48,16,1,161
228732,4,48,16,1,161
228733,4,48,16,1,162
228734,4,48,16,1,163
228735,4,48,16,1,164
228736,4,48,16,1,165
228737,4,48,16,1,164
228738,4,48,16,1,164
228739,4,48,16,1,163
228740,4,48,16,1,162
228741,4,48,16,1,162
228742,4,48,16,1,162
228743,4,48,16,1,162
228744,4,48,16,1,161
228745,4,48,16,1,160
228746,4,48,16,1,160
228747,4,48,16,1,159
228748,4,48,16,1,158
228749,4,48,16,1,158
228750,4,48,16,1,157
228751,4,48,16,1,156
228752,4,48,16,1,156
228753,4,48,16,1,155
228754,4,48,16,1,154
228755,4,48,16,1,154
228756,4,48,16,1,153
228757,4,48,16,1,153
228758,4,48,16,1,152
228759,4,48,16,1,151
228760,4,48,16,1,150
228761,4,48,16,1,150
228762,4,48,16,1,149
228763,4,48,16,1,148
228764,4,48,16,1,148
228765,4,48,16,1,147
228766,4,48,16,1,146
228767,4,48,16,1,146
228768,4,48,16,1,145
228769,4,48,16,1,144
228770,4,48,16,1,144
228771,4,48,16,1,143
228772,4,48,16,1,142
228773,4,48,16,1,142
228774,4,48,16,1,0
228775,4,48,16,1,0
228776,4,48,16,1,1
228777,4,48,16,1,2
228778,4,48,16,1,3
228779,4,48,16,1,3
228780,4,48,16,1,3
228781,4,48,16,1,142
228782,4,48,16,1,142
228783,4,48,16,1,141
228784,4,48,16,1,140
228785,4,48,16,1,140
228786,4,48,16,1,139
228787,4,48,16,1,139
228788,4,48,16,1,139
228789,4,48,16,1,139
228790,4,48,16,1,140
228791,4,48,16,1,141
228792,4,48,16,1,141
228793,4,48,16,1,142
228794,4,48,16,1,143
228795,4,48,16,1,143
228796,4,48,16,1,144
228797,4,48,16,1,144
228798,4,48,16,1,145
228799,4,48,16,1,146
228800,4,48,16,1,147
228801,4,48,16,1,147
228802,4,48,16,1,148
228803,4,48,16,1,149
228804,4,48,16,1,149
228805,4,48,16,1,150
228806,4,48,16,1,151
228807,4,48,16,1,151
228808,4,48,16,1,152
228809,4,48,16,1,153
228812,4,48,16,1,126
228813,4,48,16,1,126
228814,4,48,16,1,127
228815,4,48,16,1,127
228816,4,48,16,1,128
228817,4,48,16,1,129
228818,4,48,16,1,129
228819,4,48,16,1,130
228820,4,48,16,1,131
228821,4,48,16,1,132
228822,4,48,16,1,132
228823,4,48,16,1,133
228824,4,48,16,1,134
228825,4,48,16,1,134
228826,4,48,16,1,135
228827,4,48,16,1,135
228828,4,48,16,1,136
228829,4,48,16,1,136
228830,4,48,16,1,137
228831,4,48,16,1,138
228832,4,48,16,1,138
228833,4,48,16,1,139
228834,4,48,16,1,139
228835,4,48,16,1,138
228836,4,48,16,1,138
228837,4,48,16,1,137
228838,4,48,16,1,136
228839,4,48,16,1,136
228840,4,48,16,1,135
228841,4,48,16,1,135
228842,4,48,16,1,134
228843,4,48,16,1,133
228844,4,48,16,1,133
228845,4,48,16,1,132
228846,4,48,16,1,131
228847,4,48,16,1,131
228848,4,48,16,1,130
228849,4,48,16,1,129
228850,4,48,16,1,128
228851,4,48,16,1,128
228852,4,48,16,1,127
228853,4,48,16,1,126
228854,4,48,16,1,126
228855,4,48,16,1,125
228856,4,48,16,1,125
228857,4,48,16,1,124
228858,4,48,16,1,123
228859,4,48,16,1,123
228860,4,48,16,1,122
228861,4,48,16,1,121
228862,4,48,16,1,121
228863,4,48,16,1,120
228864,4,48,16,1,119
228865,4,48,16,1,118
228866,4,48,16,1,118
228867,4,48,16,1,117
228868,4,48,16,1,116
228869,4,48,16,1,116
228870,4,48,16,1,115
228871,4,48,16,1,114
228872,4,48,16,1,114
228873,4,48,16,1,114
228874,4,48,16,1,0
228875,4,48,16,1,0
228876,4,48,16,1,1
228877,4,48,16,1,2
228878,4,48,16,1,2
228879,4,48,16,1,3
228880,4,48,16,1,3
228881,4,48,16,1,114
228882,4,48,16,1,113
228883,4,48,16,1,113
228884,4,48,16,1,113
228885,4,48,16,1,114
228886,4,48,16,1,114
228887,4,48,16,1,115
228888,4,48,16,1,115
228889,4,48,16,1,116
228890,4,48,16,1,117
228891,4,48,16,1,117
228892,4,48,16,1,118
228893,4,48,16,1,119
228894,4,48,16,1,119
228895,4,48,16,1,120
228896,4,48,16,1,121
228897,4,48,16,1,122
228898,4,48,16,1,122
228899,4,48,16,1,123
228900,4,48,16,1,124
228901,4,48,16,1,124
228902,4,48,16,1,125
228903,4,48,16,1,126
228904,4,48,16,1,126
228905,4,48,16,1,126
228906,4,48,16,1,126
228909,4,48,16,1,98
228910,4,48,16,1,98
228911,4,48,16,1,99
228912,4,48,16,1,99
228913,4,48,16,1,100
228914,4,48,16,1,100
228915,4,48,16,1,101
228916,4,48,16,1,102
228917,4,48,16,1,103
228918,4,48,16,1,103
228919,4,48,16,1,104
228920,4,48,16,1,105
228921,4,48,16,1,105
228922,4,48,16,1,106
228923,4,48,16,1,107
228924,4,48,16,1,107
228925,4,48,16,1,108
228926,4,48,16,1,109
228927,4,48,16,1,110
228928,4,48,16,1,110
228929,4,48,16,1,110
228930,4,48,16,1,110
228931,4,48,16,1,111
228932,4,48,16,1,112
228933,4,48,16,1,112
228934,4,48,16,1,112
228935,4,48,16,1,111
228936,4,48,16,1,111
228937,4,48,16,1,110
228938,4,48,16,1,109
228939,4,48,16,1,109
228940,4,48,16,1,108
228941,4,48,16,1,108
228942,4,48,16,1,107
228943,4,48,16,1,106
228944,4,48,16,1,106
228945,4,48,16,1,105
228946,4,48,16,1,104
228947,4,48,16,1,104
228948,4,48,16,1,103
228949,4,48,16,1,102
228950,4,48,16,1,101
228951,4,48,16,1,101
228952,4,48,16,1,100
228953,4,48,16,1,99
228954,4,48,16,1,100
228955,4,48,16,1,0
228956,4,48,16,1,0
228957,4,48,16,1,1
228958,4,48,16,1,2
228959,4,48,16,1,2
228960,4,48,16,1,3
228961,4,48,16,1,3
228962,4,48,16,1,99
228963,4,48,16,1,99
228964,4,48,16,1,98
228965,4,48,16,1,98
228966,4,48,16,1,97
228967,4,48,16,1,97
228968,4,48,16,1,96
228969,4,48,16,1,96
228970,4,48,16,1,95
228971,4,48,16,1,95
228972,4,48,16,1,94
228973,4,48,16,1,93
228974,4,48,16,1,93
228975,4,48,16,1,92
228976,4,48,16,1,91
228977,4,48,16,1,91
228978,4,48,16,1,90
228979,4,48,16,1,89
228980,4,48,16,1,88
228981,4,48,16,1,88
228982,4,48,16,1,88
228983,4,48,16,1,89
228984,4,48,16,1,89
228985,4,48,16,1,90
228986,4,48,16,1,91
228987,4,48,16,1,92
228988,4,48,16,1,92
228989,4,48,16,1,93
228990,4,48,16,1,94
228991,4,48,16,1,94
228992,4,48,16,1,95
228993,4,48,16,1,95
228994,4,48,16,1,96
228995,4,48,16,1,97
228996,4,48,16,1,97
228997,4,48,16,1,98
228998,4,48,16,1,98
229008,4,48,16,1,71
229009,4,48,16,1,71
229010,4,48,16,1,71
229011,4,48,16,1,71
229012,4,48,16,1,71
229013,4,48,16,1,72
229014,4,48,16,1,72
229015,4,48,16,1,73
229016,4,48,16,1,73
229017,4,48,16,1,74
229018,4,48,16,1,74
229019,4,48,16,1,75
229020,4,48,16,1,75
229021,4,48,16,1,76
229022,4,48,16,1,76
229023,4,48,16,1,77
229024,4,48,16,1,77
229025,4,48,16,1,78
229026,4,48,16,1,78
229027,4,48,16,1,78
229028,4,48,16,1,79
229029,4,48,16,1,79
229030,4,48,16,1,80
229031,4,48,16,1,80
229032,4,48,16,1,81
229033,4,48,16,1,81
229034,4,48,16,1,82
229035,4,48,16,1,82
229036,4,48,16,1,83
229037,4,48,16,1,83
229038,4,48,16,1,83
229039,4,48,16,1,84
229040,4,48,16,1,84
229041,4,48,16,1,85
229042,4,48,16,1,85
229043,4,48,16,1,85
229044,4,48,16,1,85
229045,4,48,16,1,86
229046,4,48,16,1,86
229047,4,48,16,1,86
229048,4,48,16,1,86
229049,4,48,16,1,87
229050,4,48,16,1,87
229051,4,48,16,1,86
229052,4,48,16,1,87
229053,4,48,16,1,87
229054,4,48,16,1,86
229055,4,48,16,1,87
229056,4,48,16,1,87
229057,4,48,16,1,0
229058,4,48,16,1,0
229059,4,48,16,1,1
229060,4,48,16,1,1
229061,4,48,16,1,2
229062,4,48,16,1,3
229063,4,48,16,1,3
229064,4,48,16,1,4
229065,4,48,16,1,4
229066,4,48,16,1,5
229067,4,48,16,1,5
229068,4,48,16,1,71
229069,4,48,16,1,71
229070,4,48,16,1,70
229071,4,48,16,1,70
229072,4,48,16,1,69
229073,4,48,16,1,69
229074,4,48,16,1,68
229075,4,48,16,1,68
229076,4,48,16,1,67
229077,4,48,16,1,67
229078,4,48,16,1,66
229079,4,48,16,1,66
229080,4,48,16,1,65
229081,4,48,16,1,65
229082,4,48,16,1,64
229083,4,48,16,1,64
229084,4,48,16,1,64
229085,4,48,16,1,63
229086,4,48,16,1,63
229087,4,48,16,1,62
229088,4,48,16,1,62
229089,4,48,16,1,61
229090,4,48,16,1,61
229091,4,48,16,1,60
229092,4,48,16,1,60
229093,4,48,16,1,60
229094,4,48,16,1,60
229095,4,48,16,1,60
229096,4,48,16,1,60
229097,4,48,16,1,60
229098,4,48,16,1,59
229099,4,48,16,1,59
229100,4,48,16,1,58
229101,4,48,16,1,58
229102,4,48,16,1,57
229103,4,48,16,1,57
229104,4,48,16,1,57
229105,4,48,16,1,56
229106,4,48,16,1,56
229116,4,48,16,1,41
229117,4,48,16,1,41
229118,4,48,16,1,41
229119,4,48,16,1,41
229120,4,48,16,1,41
229121,4,48,16,1,41
229122,4,48,16,1,42
229123,4,48,16,1,42
229124,4,48,16,1,43
229125,4,48,16,1,43
229126,4,48,16,1,44
229127,4,48,16,1,44
229128,4,48,16,1,45
229129,4,48,16,1,45
229130,4,48,16,1,46
229131,4,48,16,1,46
229132,4,48,16,1,47
229133,4,48,16,1,47
229134,4,48,16,1,48
229135,4,48,16,1,48
229136,4,48,16,1,48
229137,4,48,16,1,49
229138,4,48,16,1,49
229139,4,48,16,1,50
229140,4,48,16,1,50
229141,4,48,16,1,51
229142,4,48,16,1,51
229143,4,48,16,1,52
229144,4,48,16,1,52
229145,4,48,16,1,52
229146,4,48,16,1,53
229147,4,48,16,1,53
229148,4,48,16,1,54
229149,4,48,16,1,54
229150,4,48,16,1,55
229151,4,48,16,1,55
229152,4,48,16,1,55
229153,4,48,16,1,56
229154,4,48,16,1,56
229155,4,48,16,1,56
229156,4,48,16,1,56
229157,4,48,16,1,40
229158,4,48,16,1,40
229159,4,48,16,1,39
229160,4,48,16,1,39
229161,4,48,16,1,38
229162,4,48,16,1,38
229163,4,48,16,1,37
229164,4,48,16,1,37
229165,4,48,16,1,36
229166,4,48,16,1,36
229167,4,48,16,1,35
229168,4,48,16,1,35
229169,4,48,16,1,34
229170,4,48,16,1,34
229171,4,48,16,1,34
229172,4,48,16,1,33
229173,4,48,16,1,33
229174,4,48,16,1,32
229175,4,48,16,1,32
229176,4,48,16,1,31
229177,4,48,16,1,31
229178,4,48,16,1,30
229179,4,48,16,1,30
229180,4,48,16,1,30
229181,4,48,16,1,29
229182,4,48,16,1,29
229183,4,48,16,1,28
229184,4,48,16,1,28
229185,4,48,16,1,27
229186,4,48,16,1,27
229187,4,48,16,1,26
229188,4,48,16,1,26
229189,4,48,16,1,26
229190,4,48,16,1,25
229191,4,48,16,1,25
229192,4,48,16,1,24
229193,4,48,16,1,24
229194,4,48,16,1,24
229195,4,48,16,1,24
229196,4,48,16,1,23
229197,4,48,16,1,23
229198,4,48,16,1,23
229199,4,48,16,1,23
229200,4,48,16,1,22
229201,4,48,16,1,22
229202,4,48,16,1,21
229203,4,48,16,1,21
229204,4,48,16,1,20
229205,4,48,16,1,20
229206,4,48,16,1,20
229207,4,48,16,1,20
229216,4,48,16,1,9
229217,4,48,16,1,9
229218,4,48,16,1,9
229219,4,48,16,1,10
229220,4,48,16,1,10
229221,4,48,16,1,10
229222,4,48,16,1,11
229223,4,48,16,1,11
229224,4,48,16,1,12
229225,4,48,16,1,12
229226,4,48,16,1,13
229227,4,48,16,1,13
229228,4,48,16,1,14
229229,4,48,16,1,14
229230,4,48,16,1,15
229231,4,48,16,1,15
229232,4,48,16,1,16
229233,4,48,16,1,16
229234,4,48,16,1,16
229235,4,48,16,1,17
229236,4,48,16,1,17
229237,4,48,16,1,18
229238,4,48,16,1,18
229239,4,48,16,1,19
229240,4,48,16,1,19
229241,4,48,16,1,19
229242,4,48,16,1,19
229243,4,48,16,1,19
229244,4,48,16,1,20
229245,4,48,16,1,20
229246,4,48,16,1,21
229247,4,48,16,1,21
229248,4,48,16,1,9
229249,4,48,16,1,9
229250,4,48,16,1,9
229251,4,48,16,1,9
229252,4,48,16,1,8
229253,4,48,16,1,8
229254,4,48,16,1,7
229255,4,48,16,1,7
229256,4,48,16,1,7
229257,4,48,16,1,6
229258,4,48,16,1,6
229259,4,48,16,1,5
229260,4,48,16,1,5
229261,4,48,16,1,4
229262,4,48,16,1,4
229263,4,48,16,1,4
229264,4,48,16,1,3
229265,4,48,16,1,3
229266,4,48,16,1,2
229267,4,48,16,1,2
229268,4,48,16,1,1
229269,4,48,16,1,1
229270,4,48,16,1,0
229280,4,54,16,1,203
229281,4,54,16,1,203
229282,4,54,16,1,203
229283,4,54,16,1,203
229284,4,54,16,1,202
229285,4,54,16,1,202
229286,4,54,16,1,202
229287,4,54,16,1,202
229288,4,48,16,1,201
229289,4,48,16,1,200
229290,4,48,16,1,200
229291,4,48,16,1,199
229292,4,48,16,1,199
229293,4,48,16,1,198
229294,4,48,16,1,197
229295,4,48,16,1,197
229296,4,48,16,1,196
229297,4,48,16,1,195
229298,4,48,16,1,195
229299,4,48,16,1,194
229300,4,48,16,1,193
229301,4,48,16,1,193
229302,4,48,16,1,192
229303,4,48,16,1,192
229304,4,48,16,1,193
229305,4,48,16,1,193
229306,4,48,16,1,194
229307,4,48,16,1,195
229308,4,48,16,1,195
229309,4,48,16,1,196
229310,4,48,16,1,197
229311,4,48,16,1,197
229312,4,48,16,1,198
229313,4,48,16,1,199
229314,4,48,16,1,199
229315,4,48,16,1,200
229316,4,48,16,1,200
229318,4,54,16,1,203
229319,4,54,16,1,204
229320,4,54,16,1,204
229321,4,54,16,1,205
229322,4,54,16,1,205
229323,4,54,16,1,205
229324,4,54,16,1,205
229325,4,54,16,1,206
229326,4,54,16,1,206
229327,4,54,16,1,206
229328,4,54,16,1,207
229329,4,54,16,1,207
229330,4,54,16,1,208
229331,4,54,16,1,208
229332,4,54,16,1,209
229333,4,54,16,1,209
229334,4,54,16,1,210
229335,4,54,16,1,210
229336,4,54,16,1,210
229337,4,54,16,1,211
229338,4,54,16,1,211
229339,4,54,16,1,212
229340,4,54,16,1,212
229341,4,54,16,1,213
229342,4,54,16,1,213
229343,4,54,16,1,214
229344,4,54,16,1,214
229345,4,54,16,1,215
229346,4,54,16,1,215
229348,4,54,16,1,215
229349,4,54,16,1,215
229350,4,54,16,1,216
229351,4,54,16,1,216
229352,4,54,16,1,217
229353,4,54,16,1,217
229356,4,54,16,1,232
229357,4,54,16,1,232
229358,4,54,16,1,232
229359,4,54,16,1,232
229360,4,54,16,1,231
229361,4,54,16,1,231
229362,4,54,16,1,231
229363,4,54,16,1,230
229364,4,54,16,1,230
229365,4,54,16,1,229
229366,4,54,16,1,229
229367,4,54,16,1,229
229368,4,54,16,1,228
229369,4,54,16,1,228
229370,4,54,16,1,227
229371,4,54,16,1,227
229372,4,54,16,1,226
229373,4,54,16,1,226
229374,4,54,16,1,225
229375,4,54,16,1,225
229376,4,54,16,1,224
229377,4,54,16,1,224
229378,4,54,16,1,224
229379,4,54,16,1,223
229380,4,54,16,1,223
229381,4,54,16,1,222
229382,4,54,16,1,222
229383,4,54,16,1,221
229384,4,54,16,1,221
229385,4,54,16,1,220
229386,4,54,16,1,220
229387,4,54,16,1,220
229388,4,54,16,1,219
229389,4,54,16,1,219
229390,4,54,16,1,218
229391,4,54,16,1,218
229392,4,54,16,1,217
229393,4,54,16,1,217
229394,4,54,16,1,217
229395,4,54,16,1,233
229396,4,54,16,1,233
229397,4,54,16,1,233
229398,4,54,16,1,233
229399,4,54,16,1,234
229400,4,54,16,1,234
229401,4,54,16,1,235
229402,4,54,16,1,235
229403,4,54,16,1,236
229404,4,54,16,1,236
229405,4,54,16,1,236
229406,4,54,16,1,237
229407,4,54,16,1,237
229408,4,54,16,1,238
229409,4,54,16,1,238
229410,4,54,16,1,239
229411,4,54,16,1,239
229412,4,54,16,1,240
229413,4,54,16,1,240
229414,4,54,16,1,240
229415,4,54,16,1,241
229416,4,54,16,1,241
229417,4,54,16,1,242
229418,4,54,16,1,242
229419,4,54,16,1,243
229420,4,54,16,1,243
229421,4,54,16,1,243
229422,4,54,16,1,244
229423,4,54,16,1,244
229424,4,54,16,1,244
229425,4,54,16,1,244
229426,4,54,16,1,244
229427,4,54,16,1,244
229428,4,54,16,1,245
229429,4,54,16,1,245
229430,4,54,16,1,246
229431,4,54,16,1,246
229432,4,54,16,1,247
229433,4,54,16,1,246
229434,4,54,16,1,246
229437,4,54,16,1,261
229438,4,54,16,1,261
229439,4,54,16,1,261
229440,4,54,16,1,261
229441,4,54,16,1,260
229442,4,54,16,1,260
229443,4,54,16,1,260
229444,4,54,16,1,259
229445,4,54,16,1,259
229446,4,54,16,1,258
229447,4,54,16,1,258
229448,4,54,16,1,258
229449,4,54,16,1,257
229450,4,54,16,1,257
229451,4,54,16,1,256
229452,4,54,16,1,256
229453,4,54,16,1,256
229454,4,54,16,1,255
229455,4,54,16,1,255
229456,4,54,16,1,254
229457,4,54,16,1,254
229458,4,54,16,1,253
229459,4,54,16,1,253
229460,4,54,16,1,253
229461,4,54,16,1,252
229462,4,54,16,1,252
229463,4,54,16,1,251
229464,4,54,16,1,251
229465,4,54,16,1,251
229466,4,54,16,1,250
229467,4,54,16,1,250
229468,4,54,16,1,249
229469,4,54,16,1,249
229470,4,54,16,1,248
229471,4,54,16,1,248
229472,4,54,16,1,248
229473,4,54,16,1,247
229474,4,54,16,1,247
229475,4,54,16,1,247
229476,4,54,16,1,262
229477,4,54,16,1,263
229478,4,54,16,1,263
229479,4,54,16,1,263
229480,4,54,16,1,263
229481,4,54,16,1,263
229482,4,54,16,1,264
229483,4,54,16,1,264
229484,4,54,16,1,265
229485,4,54,16,1,265
229486,4,54,16,1,266
229487,4,54,16,1,266
229488,4,54,16,1,266
229489,4,54,16,1,267
229490,4,54,16,1,267
229491,4,54,16,1,267
229492,4,54,16,1,267
229493,4,54,16,1,268
229494,4,54,16,1,268
229495,4,54,16,1,269
229496,4,54,16,1,269
229497,4,54,16,1,270
229498,4,54,16,1,270
229499,4,54,16,1,270
229500,4,54,16,1,271
229501,4,54,16,1,271
229502,4,54,16,1,272
229503,4,54,16,1,272
229504,4,54,16,1,273
229505,4,54,16,1,273
229506,4,54,16,1,273
229507,4,54,16,1,274
229508,4,54,16,1,274
229509,4,54,16,1,275
229510,4,54,16,1,275
229513,4,54,16,1,291
229514,4,54,16,1,290
229515,4,54,16,1,291
229516,4,54,16,1,290
229517,4,54,16,1,290
229518,4,54,16,1,289
229519,4,54,16,1,289
229520,4,54,16,1,288
229521,4,54,16,1,288
229522,4,54,16,1,288
229523,4,54,16,1,287
229524,4,54,16,1,287
229525,4,54,16,1,286
229526,4,54,16,1,286
229527,4,54,16,1,286
229529,4,54,16,1,285
229530,4,54,16,1,284
229531,4,54,16,1,284
229532,4,54,16,1,283
229533,4,54,16,1,283
229534,4,54,16,1,283
229535,4,54,16,1,282
229536,4,54,16,1,282
229537,4,54,16,1,281
229538,4,54,16,1,281
229539,4,54,16,1,281
229540,4,54,16,1,280
229541,4,54,16,1,280
229542,4,54,16,1,279
229543,4,54,16,1,279
229544,4,54,16,1,278
229545,4,54,16,1,277
229546,4,54,16,1,278
229547,4,54,16,1,277
229548,4,54,16,1,277
229549,4,54,16,1,276
229550,4,54,16,1,276
229551,4,54,16,1,276
229552,4,54,16,1,291
229553,4,54,16,1,291
229554,4,54,16,1,291
229555,4,54,16,1,292
229556,4,54,16,1,292
229557,4,54,16,1,293
229558,4,54,16,1,294
229559,4,54,16,1,293
229560,4,54,16,1,294
229561,4,54,16,1,294
229562,4,54,16,1,295
229563,4,54,16,1,295
229564,4,54,16,1,295
229565,4,54,16,1,296
229566,4,54,16,1,296
229567,4,54,16,1,297
229568,4,54,16,1,297
229569,4,54,16,1,297
229570,4,54,16,1,298
229571,4,54,16,1,298
229572,4,54,16,1,299
229573,4,54,16,1,299
229574,4,54,16,1,299
229575,4,54,16,1,300
229576,4,54,16,1,300
229577,4,54,16,1,301
229578,4,54,16,1,301
229579,4,54,16,1,301
229580,4,54,16,1,302
229581,4,54,16,1,302
229584,14,49,16,0,192
229585,11,49,16,0,192
229587,15,49,16,0,192
229588,15,49,16,0,192
229590,15,49,16,0,192
229592,14,49,16,0,190
229593,17,49,16,0,192
229594,17,49,16,0,192
229595,11,49,16,0,190
229597,17,49,16,0,187
229598,17,49,16,0,187
229599,17,49,16,0,187
229600,17,49,16,0,187
229601,11,49,16,0,187
229602,11,49,16,0,187
229604,17,49,16,0,187
229605,17,49,16,0,187
229606,11,49,16,0,187
229607,11,49,16,0,187
229609,17,49,16,0,187
229610,17,49,16,0,187
229611,11,49,16,0,187
229612,11,49,16,0,187
229614,17,49,16,0,187
229615,17,49,16,0,187
229616,11,49,16,0,187
229617,11,49,16,0,187
229619,17,49,16,0,187
229620,17,49,16,0,187
229621,17,49,16,0,187
229622,11,49,16,0,187
229624,14,49,16,0,174
229625,17,49,16,0,175
229626,17,49,16,0,175
229627,11,49,16,0,174
229629,14,49,16,0,153
229630,17,49,16,0,154
229631,17,49,16,0,154
229632,11,49,16,0,153
229634,14,49,16,0,139
229635,17,49,16,0,140
229636,17,49,16,0,140
229637,11,49,16,0,139
229639,14,49,16,0,126
229640,11,49,16,0,126
229642,14,49,16,0,110
229643,17,49,16,0,113
229644,17,49,16,0,113
229645,11,49,16,0,110
229647,14,49,16,0,98
229648,17,49,16,0,99
229649,17,49,16,0,99
229650,11,49,16,0,98
229652,14,49,16,0,86
229653,17,49,16,0,86
229654,17,49,16,0,86
229655,11,49,16,0,86
229657,15,49,16,0,85
229660,15,49,16,0,85
229662,17,49,16,0,71
229663,14,49,16,0,70
229664,11,49,16,0,70
229666,17,49,16,0,60
229667,17,49,16,0,60
229668,11,49,16,0,60
229669,11,49,16,0,60
229671,17,49,16,0,60
229672,17,49,16,0,60
229673,11,49,16,0,60
229674,11,49,16,0,60
229676,17,49,16,0,60
229677,14,49,16,0,60
229678,11,49,16,0,60
229679,11,49,16,0,60
229681,17,49,16,0,60
229682,17,49,16,0,60
229683,11,49,16,0,60
229684,11,49,16,0,60
229686,17,49,16,0,60
229687,17,49,16,0,60
229688,11,49,16,0,60
229689,11,49,16,0,60
229691,17,49,16,0,60
229692,17,49,16,0,60
229693,17,49,16,0,60
229694,17,49,16,0,60
229695,11,49,16,0,60
229697,14,49,16,0,56
229698,17,49,16,0,56
229699,11,49,16,0,56
229701,14,49,16,0,41
229702,17,49,16,0,41
229703,11,49,16,0,41
229705,14,49,16,0,23
229706,17,49,16,0,24
229707,11,49,16,0,23
229709,15,49,16,0,19
229712,15,49,16,0,19
229714,14,49,16,0,9
229715,17,49,16,0,9
229716,11,49,16,0,9
229736,13,48,16,1,191
229742,13,48,16,1,191
229748,13,48,16,1,190
229754,13,48,16,1,186
229760,13,48,16,1,181
229766,13,48,16,1,181
229772,13,48,16,1,176
229778,13,48,16,1,175
229784,13,48,16,1,169
229790,13,48,16,1,169
229796,13,48,16,1,164
229802,13,48,16,1,164
229808,13,48,16,1,159
229814,13,48,16,1,158
229820,13,48,16,1,158
229826,13,48,16,1,153
229832,13,48,16,1,153
229838,13,48,16,1,148
229844,13,48,16,1,148
229850,13,48,16,1,143
229856,13,48,16,1,143
229862,13,48,16,1,3
229868,13,48,16,1,140
229874,13,48,16,1,134
229880,13,48,16,1,134
229886,13,48,16,1,130
229892,13,48,16,1,130
229898,13,48,16,1,126
229904,13,48,16,1,126
229910,13,48,16,1,122
229916,13,48,16,1,122
229922,13,48,16,1,116
229928,13,48,16,1,116
229934,13,48,16,1,3
229940,13,48,16,1,0
229946,13,48,16,1,110
229952,13,48,16,1,106
229958,13,48,16,1,106
229964,13,48,16,1,100
229970,13,48,16,1,100
229976,13,48,16,1,3
229982,13,48,16,1,98
229988,13,48,16,1,94
229994,13,48,16,1,94
230000,13,48,16,1,89
230006,13,48,16,1,89
230012,13,48,16,1,0
230018,13,48,16,1,5
230024,13,48,16,1,86
230030,13,48,16,1,85
230036,13,48,16,1,82
230042,13,48,16,1,76
230048,13,48,16,1,71
230054,13,48,16,1,71
230060,13,48,16,1,66
230066,13,48,16,1,60
230072,13,48,16,1,56
230078,13,48,16,1,56
230084,13,48,16,1,50
230090,13,48,16,1,46
230096,13,48,16,1,41
230102,13,48,16,1,41
230108,13,48,16,1,36
230114,13,48,16,1,31
230120,13,48,16,1,26
230126,13,48,16,1,24
230138,13,48,16,1,20
230144,13,48,16,1,19
230150,13,48,16,1,14
230162,13,48,16,1,9
230168,13,48,16,1,4
230174,13,48,16,1,0
230180,13,48,16,1,196
230186,13,48,16,1,196
230192,13,54,16,1,203
230198,13,54,16,1,205
230204,13,54,16,1,208
230210,13,54,16,1,213
230216,13,54,16,1,215
230222,13,54,16,1,217
230228,13,54,16,1,217
230234,13,54,16,1,218
230240,13,54,16,1,223
230246,13,54,16,1,229
230252,13,54,16,1,232
230258,13,54,16,1,233
230264,13,54,16,1,237
230270,13,54,16,1,242
230276,13,54,16,1,244
230282,13,54,16,1,247
230288,13,54,16,1,247
230294,13,54,16,1,251
230300,13,54,16,1,256
230306,13,54,16,1,262
230312,13,54,16,1,263
230318,13,54,16,1,267
230324,13,54,16,1,271
230330,13,54,16,1,276
230336,13,54,16,1,276
230342,13,54,16,1,281
230348,13,54,16,1,286
230354,13,54,16,1,291
230360,13,54,16,1,291
230366,13,54,16,1,296
230372,13,54,16,1,302
230378,2,49,16,0,1
230383,2,49,16,0,8
230388,2,49,16,0,10
230393,2,49,16,0,23
230398,2,49,16,0,25
230403,2,49,16,0,39
230408,2,49,16,0,42
230413,2,49,16,0,54
230418,2,49,16,0,57
230423,2,49,16,0,69
230428,2,49,16,0,71
230433,2,49,16,0,84
230438,2,49,16,0,86
230443,2,49,16,0,86
230448,2,49,16,0,97
230453,2,49,16,0,99
230458,2,49,16,0,100
230463,2,49,16,0,112
230468,2,49,16,0,113
230473,2,49,16,0,114
230478,2,49,16,0,125
230483,2,49,16,0,128
230488,2,49,16,0,137
230493,2,49,16,0,142
230498,2,49,16,0,142
230503,2,49,16,0,151
230508,2,49,16,0,154
230513,2,49,16,0,161
230518,2,49,16,0,172
230523,2,49,16,0,177
230528,2,49,16,0,188
230533,2,49,16,0,192
230538,2,49,16,0,201
230543,2,49,16,0,205
230548,2,49,16,0,208
230553,2,49,16,0,216
230558,2,49,16,0,218
230563,2,49,16,0,221
230568,2,49,16,0,227
230573,2,49,16,0,231
230578,2,49,16,0,234
230583,2,49,16,0,241
230588,2,49,16,0,246
230593,2,49,16,0,248
230598,2,49,16,0,253
230603,2,49,16,0,261
230608,2,49,16,0,264
230613,2,49,16,0,268
230618,2,49,16,0,275
230623,2,49,16,0,277
230628,2,49,16,0,282
230633,2,49,16,0,290
230647,2,49,16,0,292
230649,2,49,16,0,297
230651,2,49,16,0,301
230693,4,50,16,0,
230694,4,50,16,0,
230695,4,50,16,0,
230696,4,50,16,0,
230697,4,50,16,0,
230698,4,50,16,0,
230699,4,50,16,0,
230700,4,50,16,0,
230701,12,50,16,0,
230704,9,50,16,0,
230705,3,50,16,0,
230706,9,50,16,0,
230707,3,50,16,0,
230708,9,50,16,0,
230709,3,50,16,0,
230711,3,50,16,0,
230713,9,51,16,0,
230748,16,48,16,1,0
230749,16,51,16,0,
230758,3,31,15,1,0
230759,9,31,15,1,15
230760,9,31,15,1,15
230761,9,31,15,1,15
230762,3,31,15,1,15
230763,3,31,15,1,15
230764,9,31,15,1,55
230765,9,31,15,1,55
230766,9,31,15,1,54
230767,3,31,15,1,55
230768,3,31,15,1,55
230769,3,31,15,1,55
230770,9,31,15,1,75
230771,9,31,15,1,
230772,3,31,15,1,74
230773,3,31,15,1,74
230774,3,31,15,1,75
230775,9,31,15,1,93
230776,9,31,15,1,93
230777,9,31,15,1,93
230778,3,31,15,1,93
230779,3,31,15,1,93
230780,9,31,15,1,103
230781,9,31,15,1,103
230782,9,31,15,1,103
230783,3,31,15,1,103
230784,3,31,15,1,103
230785,3,31,15,1,116
230786,3,31,15,1,116
230787,9,31,15,1,136
230788,9,31,15,1,136
230789,3,31,15,1,136
230790,3,31,15,1,136
230791,3,31,15,1,154
230792,9,31,15,1,154
230793,9,31,15,1,154
230794,3,31,15,1,154
230795,3,31,15,1,154
230796,9,31,15,1,213
230797,9,31,15,1,213
230798,3,31,15,1,213
230799,3,31,15,1,213
230800,9,31,15,1,227
230801,9,31,15,1,227
230802,9,31,15,1,227
230803,9,31,15,1,227
230804,3,31,15,1,227
230805,3,31,15,1,227
230806,9,31,15,1,248
230807,9,31,15,1,248
230808,3,31,15,1,248
230809,3,31,15,1,248
230810,9,31,15,1,262
230811,9,31,15,1,262
230812,3,31,15,1,262
230813,3,31,15,1,262
230814,9,31,15,1,276
230815,9,31,15,1,276
230816,3,31,15,1,276
230817,3,31,15,1,276
230818,9,31,15,1,291
230819,9,31,15,1,291
230820,3,31,15,1,291
230821,3,31,15,1,291
230822,9,31,15,1,305
230823,9,31,15,1,305
230824,3,31,15,1,305
230825,3,31,15,1,305
230826,3,31,15,1,305
230827,9,31,15,1,324
230828,3,31,15,1,324
230829,3,31,15,1,324
230830,9,31,15,1,341
230831,9,31,15,1,341
230832,9,31,15,1,341
230833,3,31,15,1,341
230834,3,31,15,1,341
230835,9,31,15,1,359
230836,9,31,15,1,359
230837,9,31,15,1,359
230838,9,31,15,1,359
230839,3,31,15,1,359
230840,3,31,15,1,359
230841,3,31,15,1,373
230842,3,31,15,1,373
230843,9,31,15,1,373
230844,9,31,15,1,373
230845,9,31,15,1,373
230846,4,31,15,1,373
230847,9,31,15,1,400
230848,9,31,15,1,400
230849,9,31,15,1,400
230850,3,31,15,1,400
230851,3,31,15,1,400
230852,9,31,15,1,423
230853,9,31,15,1,423
230854,9,31,15,1,423
230855,3,31,15,1,423
230856,3,31,15,1,423
230857,9,31,15,1,440
230858,9,31,15,1,440
230859,3,31,15,1,440
230860,3,31,15,1,440
230861,9,31,15,1,464
230862,9,31,15,1,464
230863,9,31,15,1,464
230864,9,31,15,1,464
230865,3,31,15,1,464
230866,3,31,15,1,464
230867,9,31,15,1,481
230868,9,31,15,1,481
230869,9,31,15,1,481
230870,9,31,15,1,481
230871,3,31,15,1,481
230872,3,31,15,1,481
230873,9,31,15,1,502
230874,9,31,15,1,502
230875,3,31,15,1,502
230876,3,31,15,1,502
230877,3,31,15,1,522
230878,9,31,15,1,522
230879,3,31,15,1,168
230880,17,37,15,0,35
230881,17,37,15,0,55
230882,17,37,15,0,55
230883,11,37,15,0,93
230884,17,37,15,0,136
230885,14,37,15,0,198
230886,11,37,15,0,198
230887,17,37,15,0,197
230888,17,37,15,0,276
230889,17,37,15,0,374
230890,3,31,15,1,185
230891,3,31,15,1,
230892,9,31,15,1,35
230893,3,31,15,1,35
230894,3,31,15,1,34
230901,15,49,16,0,85
230902,15,49,16,0,19
230903,14,49,16,0,205
230904,11,49,16,0,205
230905,15,49,16,0,215
230906,15,49,16,0,215
230907,15,49,16,0,215
230908,14,49,16,0,217
230909,17,49,16,0,217
230910,11,49,16,0,217
230911,14,49,16,0,232
230912,17,49,16,0,232
230913,11,49,16,0,232
230914,17,49,16,0,244
230915,17,49,16,0,244
230916,11,49,16,0,244
230917,11,49,16,0,244
230918,17,49,16,0,244
230919,17,49,16,0,244
230920,11,49,16,0,244
230921,11,49,16,0,244
230922,17,49,16,0,244
230923,14,49,16,0,244
230924,11,49,16,0,244
230925,11,49,16,0,244
230926,17,49,16,0,244
230927,17,49,16,0,244
230928,11,49,16,0,244
230929,11,49,16,0,244
230930,17,49,16,0,244
230931,17,49,16,0,244
230932,11,49,16,0,244
230933,17,49,16,0,244
230934,17,49,16,0,244
230935,17,49,16,0,244
230936,11,49,16,0,244
230937,17,49,16,0,244
230938,14,49,16,0,247
230939,17,49,16,0,247
230940,11,49,16,0,247
230941,14,49,16,0,263
230942,17,49,16,0,263
230943,11,49,16,0,263
230944,15,49,16,0,267
230945,15,49,16,0,267
230946,15,49,16,0,267
230947,14,49,16,0,276
230948,17,49,16,0,276
230949,11,49,16,0,276
230950,14,49,16,0,291
230951,17,49,16,0,291
230952,11,49,16,0,291
231113,3,45,7,1,6
231305,4,50,16,0,
231306,4,50,16,0,
231307,12,50,16,0,
231308,3,50,16,0,
231309,12,50,16,0,
231318,3,50,16,0,
231324,9,50,16,0,
231325,9,50,16,0,
231326,3,50,16,0,
231327,9,50,16,0,
231328,9,50,16,0,
231329,9,50,16,0,
231330,3,50,16,0,
231331,9,50,16,0,
231332,3,50,16,0,
231352,16,50,16,0,
231422,16,54,16,1,202
231684,9,53,1,0,
231685,7,53,1,0,
231689,9,52,1,1,0
231690,4,52,1,1,3
231691,4,52,1,1,3
231697,4,52,1,1,9
231698,4,52,1,1,10
231699,3,52,1,1,9
231700,9,52,1,1,9
231705,9,52,1,1,10
231706,3,52,1,1,9
231707,8,52,1,1,9
231708,4,52,1,1,10
231710,4,52,1,1,10
231716,4,52,1,1,16
231717,4,52,1,1,16
231723,4,52,1,1,21
231728,9,52,1,1,29
231729,3,52,1,1,29
231731,4,52,1,1,29
231736,8,52,1,1,29
231737,9,52,1,1,29
231738,3,52,1,1,29
231739,4,52,1,1,29
231740,4,52,1,1,29
231747,4,52,1,1,35
231748,4,52,1,1,35
231754,4,52,1,1,42
231755,4,52,1,1,42
231760,9,52,1,1,50
231761,3,52,1,1,50
231763,4,52,1,1,50
231768,8,52,1,1,50
231769,3,52,1,1,50
231771,4,52,1,1,51
231777,4,52,1,1,58
231782,4,52,1,1,61
231785,8,52,1,1,65
231786,3,52,1,1,65
231788,4,52,1,1,65
231789,4,52,1,1,65
231795,4,52,1,1,71
231796,4,52,1,1,71
231802,4,52,1,1,76
231803,4,52,1,1,76
231808,8,52,1,1,81
231809,9,52,1,1,81
231810,3,52,1,1,81
231812,4,52,1,1,80
231813,4,52,1,1,80
231818,9,52,1,1,81
231819,3,52,1,1,81
231820,4,52,1,1,81
231821,4,52,1,1,80
231826,4,52,1,1,84
231832,4,52,1,1,90
231833,4,52,1,1,90
231839,4,52,1,1,95
231845,4,52,1,1,99
231846,4,52,1,1,99
231847,4,52,1,1,99
231853,4,52,1,1,107
231854,4,52,1,1,107
231859,4,52,1,1,112
231860,9,52,1,1,111
231861,8,52,1,1,112
231862,9,52,1,1,112
231863,3,52,1,1,112
231864,6,52,1,1,113
231865,3,52,1,1,112
231869,9,52,1,1,112
231870,4,52,1,1,111
231871,4,52,1,1,112
231872,5,52,1,1,112
231879,4,52,1,1,119
231880,4,52,1,1,119
231886,4,52,1,1,122
231891,9,52,1,1,130
231892,3,52,1,1,130
231894,4,52,1,1,130
231899,8,52,1,1,130
231900,3,52,1,1,130
231902,4,52,1,1,130
231908,4,52,1,1,139
231909,4,52,1,1,139
231914,9,52,1,1,148
231915,8,52,1,1,148
231916,9,52,1,1,148
231917,3,52,1,1,148
231918,9,53,1,0,148
231920,7,53,1,0,148
231925,9,52,1,1,148
231926,4,52,1,1,148
231927,9,52,1,1,148
231929,5,52,1,1,148
231930,3,52,1,1,149
231931,6,52,1,1,149
231938,4,52,1,1,148
231939,4,52,1,1,148
231940,4,52,1,1,148
231941,4,52,1,1,148
231947,4,52,1,1,156
231948,4,52,1,1,156
231954,4,52,1,1,163
231960,4,52,1,1,166
231961,4,52,1,1,166
231967,4,52,1,1,174
231968,4,52,1,1,174
231973,8,52,1,1,181
231974,9,52,1,1,181
231975,9,52,1,1,181
231976,9,52,1,1,181
231977,3,52,1,1,181
231978,3,52,1,1,181
231979,4,52,1,1,181
231983,4,52,1,1,181
231984,4,52,1,1,181
231991,4,52,1,1,187
231992,4,52,1,1,187
231998,4,52,1,1,193
231999,4,52,1,1,193
232004,8,52,1,1,200
232005,9,52,1,1,200
232006,3,52,1,1,200
232013,4,52,1,1,198
232014,4,52,1,1,198
232019,13,52,1,1,0
232024,13,52,1,1,10
232029,13,52,1,1,24
232034,13,52,1,1,29
232039,13,52,1,1,40
232044,13,52,1,1,51
232050,13,52,1,1,65
232055,13,52,1,1,81
232060,13,52,1,1,95
232066,13,52,1,1,112
232071,13,52,1,1,130
232076,13,52,1,1,148
232081,13,52,1,1,163
232087,13,52,1,1,181
232092,13,52,1,1,190
232098,13,52,1,1,200
232105,16,52,1,1,
232106,16,53,1,0,
232197,9,23,11,1,3
232198,9,23,11,1,173
232199,9,23,11,1,210
232200,9,23,11,1,283
232204,9,17,6,1,28
232205,9,17,6,1,28
232206,9,17,6,1,28
232207,9,17,6,1,42
232208,9,17,6,1,55
232209,9,17,6,1,55
232210,9,17,6,1,69
232211,9,17,6,1,82
232212,9,17,6,1,82
232214,9,17,6,1,69
232218,4,54,16,1,275
232219,4,54,16,1,276
232220,4,54,16,1,276
232221,11,49,16,0,244
232226,3,52,1,1,95
232227,3,52,1,1,174
232279,9,54,16,1,204
236719,9,23,11,1,121
236727,9,34,5,0,451
236728,7,34,5,0,451
236731,9,34,5,0,254
236734,14,39,5,0,294
236735,11,39,5,0,294
236737,17,39,5,0,274
236739,14,39,5,0,254
236740,17,39,5,0,254
236741,11,39,5,0,254
236743,14,39,5,0,254
236744,17,39,5,0,254
236745,11,39,5,0,254
236747,17,39,5,0,254
236748,17,39,5,0,254
236749,11,39,5,0,254
236750,11,39,5,0,254
236752,14,39,5,0,254
236753,17,39,5,0,254
236754,17,39,5,0,254
236755,11,39,5,0,254
236757,17,39,5,0,254
236758,17,39,5,0,254
236759,11,39,5,0,254
236760,11,39,5,0,254
236762,17,39,5,0,254
236763,17,39,5,0,254
236764,11,39,5,0,254
236765,11,39,5,0,254
236767,17,39,5,0,254
236768,17,39,5,0,254
236769,11,39,5,0,254
236770,11,39,5,0,254
236772,17,39,5,0,254
236773,17,39,5,0,254
236774,17,39,5,0,254
236775,11,39,5,0,254
236777,17,39,5,0,254
236778,11,39,5,0,254
236780,14,39,5,0,192
236781,17,39,5,0,192
236782,11,39,5,0,192
236784,14,39,5,0,192
236785,17,39,5,0,192
236786,11,39,5,0,192
236788,14,39,5,0,175
236789,15,39,5,0,177
236790,11,39,5,0,175
236792,17,39,5,0,175
236793,17,39,5,0,175
236794,15,39,5,0,177
236795,11,39,5,0,175
245476,14,30,4,0,305
245477,11,30,4,0,305
245479,4,40,4,1,305
245480,4,40,4,1,305
245482,4,40,4,1,305
245483,6,40,4,1,305
245484,3,40,4,1,305
245485,8,40,4,1,305
245555,11,13,10,0,491
250735,9,8,9,1,765
251516,9,52,1,1,51
255329,19,31,15,1,1
255332,9,31,15,1,168
255333,9,31,15,1,168
255334,9,31,15,1,168
255335,3,31,15,1,168
255337,13,31,15,1,0
255339,13,31,15,1,15
255341,13,31,15,1,34
255343,13,31,15,1,55
255345,13,31,15,1,74
255347,13,31,15,1,93
255349,13,31,15,1,103
255351,13,31,15,1,116
255353,13,31,15,1,136
255355,13,31,15,1,154
255357,13,31,15,1,168
255359,13,31,15,1,185
255361,13,31,15,1,213
255363,13,31,15,1,227
255365,13,31,15,1,248
255367,13,31,15,1,262
255369,13,31,15,1,276
255371,13,31,15,1,291
255373,13,31,15,1,305
255375,13,31,15,1,324
255377,13,31,15,1,341
255379,13,31,15,1,359
255381,13,31,15,1,373
255383,13,31,15,1,400
255385,13,31,15,1,423
255387,13,31,15,1,440
255389,13,31,15,1,464
255391,13,31,15,1,481
255393,13,31,15,1,502
255395,13,31,15,1,522
256085,19,31,15,1,311
256086,19,31,15,1,305
256087,19,31,15,1,298
256104,19,31,15,1,392
256105,19,31,15,1,401
256106,19,31,15,1,408
256108,4,31,15,1,400
256109,4,31,15,1,400
256119,4,31,15,1,359
256120,4,31,15,1,359
256121,19,31,15,1,359
256122,19,31,15,1,350
256139,8,2,5,1,399
256168,8,2,5,1,424
256170,13,2,5,1,399
256171,13,2,5,1,424
258302,3,40,4,1,467
261872,9,57,6,0,28
261873,7,57,6,0,28
261882,4,55,6,1,0
261883,4,55,6,1,0
261884,4,55,6,1,0
261885,4,55,6,1,0
261886,4,55,6,1,1
261887,4,55,6,1,1
261888,4,55,6,1,2
261889,4,55,6,1,3
261890,4,55,6,1,4
261891,4,55,6,1,5
261892,4,55,6,1,6
261893,4,55,6,1,7
261894,4,55,6,1,7
261895,4,55,6,1,8
261896,4,55,6,1,9
261897,4,55,6,1,10
261898,4,55,6,1,11
261899,4,55,6,1,12
261900,4,55,6,1,13
261901,4,55,6,1,13
261902,4,55,6,1,13
261903,4,55,6,1,13
261904,4,55,6,1,13
261905,4,55,6,1,14
261906,4,55,6,1,15
261907,4,55,6,1,15
261908,4,55,6,1,16
261909,4,55,6,1,17
261910,4,55,6,1,18
261911,4,55,6,1,19
261912,4,55,6,1,20
261913,4,55,6,1,21
261914,4,55,6,1,21
261915,4,55,6,1,22
261916,4,55,6,1,23
261917,4,55,6,1,24
261918,4,55,6,1,25
261919,4,55,6,1,26
261920,4,55,6,1,26
261921,4,55,6,1,27
261922,4,55,6,1,28
261923,4,55,6,1,28
261924,4,55,6,1,28
261925,4,55,6,1,28
261926,4,55,6,1,28
261927,4,55,6,1,28
261928,4,55,6,1,28
261929,4,55,6,1,29
261930,4,55,6,1,29
261931,4,55,6,1,29
261932,4,55,6,1,29
261933,4,55,6,1,29
261934,4,55,6,1,30
261935,4,55,6,1,30
261936,4,55,6,1,31
261937,4,55,6,1,32
261938,4,55,6,1,33
261939,4,55,6,1,34
261940,4,55,6,1,35
261941,4,55,6,1,35
261942,4,55,6,1,36
261943,4,55,6,1,37
261944,4,55,6,1,38
261945,4,55,6,1,39
261946,4,55,6,1,40
261947,4,55,6,1,41
261948,4,55,6,1,42
261949,4,55,6,1,42
261950,4,55,6,1,42
261951,4,55,6,1,42
261952,4,55,6,1,42
261953,4,55,6,1,42
261954,4,55,6,1,42
261955,4,55,6,1,44
261956,4,55,6,1,44
261957,4,55,6,1,45
261958,4,55,6,1,46
261959,4,55,6,1,47
261960,4,55,6,1,48
261961,4,55,6,1,49
261966,4,55,6,1,49
261967,4,55,6,1,50
261968,4,55,6,1,51
261969,4,55,6,1,52
261970,4,55,6,1,53
261971,4,55,6,1,54
261972,4,55,6,1,55
261973,4,55,6,1,55
261974,4,55,6,1,55
261975,4,55,6,1,55
261976,4,55,6,1,55
261977,4,55,6,1,55
261978,4,55,6,1,55
261979,4,55,6,1,55
261980,4,55,6,1,56
261981,4,55,6,1,57
261982,4,55,6,1,57
261983,4,55,6,1,58
261984,4,55,6,1,59
261985,4,55,6,1,60
261986,4,55,6,1,61
261987,4,55,6,1,62
261988,4,55,6,1,62
261989,4,55,6,1,63
261990,4,55,6,1,64
261991,4,55,6,1,65
261992,4,55,6,1,66
261993,4,55,6,1,67
261994,4,55,6,1,68
261995,4,55,6,1,68
261996,4,55,6,1,69
261997,4,55,6,1,69
261998,4,55,6,1,69
261999,4,55,6,1,69
262000,4,55,6,1,69
262001,4,55,6,1,69
262002,4,55,6,1,69
262003,4,55,6,1,69
262004,4,55,6,1,69
262005,4,55,6,1,69
262006,4,55,6,1,69
262007,4,55,6,1,71
262008,4,55,6,1,72
262009,4,55,6,1,72
262010,4,55,6,1,73
262011,4,55,6,1,74
262012,4,55,6,1,75
262013,4,55,6,1,76
262014,4,55,6,1,77
262015,4,55,6,1,77
262016,4,55,6,1,78
262017,4,55,6,1,79
262018,4,55,6,1,80
262019,4,55,6,1,81
262020,4,55,6,1,81
262021,4,55,6,1,81
262022,4,55,6,1,81
262023,4,55,6,1,81
262024,4,55,6,1,81
262025,4,55,6,1,82
262026,4,55,6,1,82
262027,4,55,6,1,82
262028,4,55,6,1,82
262029,4,55,6,1,83
262030,4,55,6,1,84
262031,4,55,6,1,84
262032,4,55,6,1,85
262033,4,55,6,1,86
262034,4,55,6,1,87
262035,4,55,6,1,88
262036,4,55,6,1,89
262037,4,55,6,1,89
262038,4,55,6,1,90
262039,4,55,6,1,91
262040,4,55,6,1,92
262041,4,55,6,1,93
262046,4,55,6,1,93
262047,4,55,6,1,93
262048,4,55,6,1,93
262049,4,55,6,1,93
262050,4,55,6,1,93
262051,4,55,6,1,94
262052,4,55,6,1,95
262053,4,55,6,1,95
262054,4,55,6,1,96
262055,4,55,6,1,97
262056,4,55,6,1,98
262057,4,55,6,1,99
262058,4,55,6,1,100
262059,4,55,6,1,101
262060,4,55,6,1,102
262061,4,55,6,1,102
262062,4,55,6,1,103
262063,4,55,6,1,104
262064,4,55,6,1,105
262065,4,55,6,1,106
262066,4,55,6,1,106
262067,4,55,6,1,106
262068,4,55,6,1,106
262069,4,55,6,1,106
262070,4,55,6,1,106
262071,4,55,6,1,106
262072,4,55,6,1,106
262073,4,55,6,1,107
262074,4,55,6,1,108
262075,4,55,6,1,108
262076,4,55,6,1,109
262077,4,55,6,1,110
262078,4,55,6,1,111
262079,4,55,6,1,112
262080,4,55,6,1,113
262081,4,55,6,1,113
262082,4,55,6,1,114
262083,4,55,6,1,115
262084,4,55,6,1,116
262085,4,55,6,1,117
262086,4,55,6,1,118
262087,4,55,6,1,119
262088,4,55,6,1,119
262089,4,55,6,1,120
262090,4,55,6,1,122
262091,4,55,6,1,122
262092,4,55,6,1,122
262093,4,55,6,1,122
262094,4,55,6,1,122
262095,4,55,6,1,122
262096,4,55,6,1,122
262097,4,55,6,1,122
262098,4,55,6,1,123
262099,4,55,6,1,124
262100,4,55,6,1,124
262101,4,55,6,1,125
262102,4,55,6,1,123
262103,4,55,6,1,128
262104,4,55,6,1,128
262105,4,55,6,1,128
262106,4,55,6,1,128
262107,4,55,6,1,128
262108,4,55,6,1,129
262109,4,55,6,1,129
262110,4,55,6,1,130
262111,4,55,6,1,131
262112,4,55,6,1,132
262113,4,55,6,1,133
262114,4,55,6,1,134
262115,4,55,6,1,134
262116,4,55,6,1,135
262117,4,55,6,1,136
262118,4,55,6,1,137
262119,4,55,6,1,137
262120,4,55,6,1,138
262121,4,55,6,1,138
262122,4,55,6,1,138
262123,4,55,6,1,138
262124,4,55,6,1,138
262125,4,55,6,1,138
262126,4,55,6,1,138
262127,4,55,6,1,138
262132,9,57,6,0,157
262133,7,57,6,0,157
262142,4,55,6,1,138
262143,4,55,6,1,139
262144,4,55,6,1,140
262145,4,55,6,1,140
262146,4,55,6,1,141
262147,4,55,6,1,142
262148,4,55,6,1,143
262149,4,55,6,1,144
262150,4,55,6,1,145
262151,4,55,6,1,146
262152,4,55,6,1,147
262153,4,55,6,1,147
262154,4,55,6,1,147
262155,4,55,6,1,147
262156,4,55,6,1,147
262157,4,55,6,1,147
262158,4,55,6,1,147
262159,4,55,6,1,147
262160,4,55,6,1,148
262161,4,55,6,1,149
262162,4,55,6,1,149
262163,4,55,6,1,150
262164,4,55,6,1,151
262165,4,55,6,1,152
262166,4,55,6,1,153
262167,4,55,6,1,154
262168,4,55,6,1,154
262169,4,55,6,1,155
262170,4,55,6,1,156
262312,9,57,6,0,260
262313,7,57,6,0,260
262509,4,56,6,1,343
262510,4,56,6,1,343
262511,4,56,6,1,343
262512,4,56,6,1,343
262513,4,56,6,1,343
262514,4,56,6,1,343
262515,4,56,6,1,343
262516,4,56,6,1,344
262517,4,56,6,1,344
262518,4,56,6,1,344
262519,4,56,6,1,344
262520,4,56,6,1,344
262521,4,56,6,1,344
262522,4,56,6,1,344
262523,4,56,6,1,345
262524,4,56,6,1,346
262525,4,56,6,1,347
262526,4,56,6,1,348
262527,4,56,6,1,349
262528,4,56,6,1,349
262529,4,56,6,1,350
262530,4,56,6,1,351
262531,4,56,6,1,352
262532,4,56,6,1,353
262533,4,56,6,1,354
262534,4,56,6,1,355
262535,4,56,6,1,355
262536,4,56,6,1,355
262537,4,56,6,1,355
262538,4,56,6,1,355
262539,4,56,6,1,355
262540,4,56,6,1,355
262541,4,56,6,1,355
262542,4,56,6,1,355
262543,4,56,6,1,355
262544,4,56,6,1,355
262545,4,56,6,1,356
262546,4,56,6,1,357
262547,4,56,6,1,357
262548,4,56,6,1,358
262549,4,56,6,1,359
262550,4,56,6,1,360
262551,4,56,6,1,361
262552,4,56,6,1,362
262553,4,56,6,1,362
262554,4,56,6,1,363
262555,4,56,6,1,364
262556,4,56,6,1,365
262557,4,56,6,1,365
262558,4,56,6,1,365
262559,4,56,6,1,365
262560,4,56,6,1,366
262561,4,56,6,1,367
262562,4,56,6,1,368
262563,4,56,6,1,368
262564,4,56,6,1,369
262565,4,56,6,1,370
262566,4,56,6,1,371
262567,4,56,6,1,372
262568,4,56,6,1,373
262569,4,56,6,1,373
262570,4,56,6,1,373
262571,4,56,6,1,373
262572,4,56,6,1,373
262573,4,56,6,1,373
262574,4,56,6,1,373
262579,4,56,6,1,374
262580,4,56,6,1,375
262581,4,56,6,1,376
262582,4,56,6,1,376
262583,4,56,6,1,377
262584,4,56,6,1,378
262585,4,56,6,1,379
262586,4,56,6,1,380
262587,4,56,6,1,381
262588,4,56,6,1,381
262589,4,56,6,1,382
262590,4,56,6,1,383
262591,4,56,6,1,384
262592,4,56,6,1,385
262593,4,56,6,1,385
262594,4,56,6,1,385
262595,4,56,6,1,385
262596,4,56,6,1,385
262597,4,56,6,1,385
262598,4,56,6,1,385
262599,4,56,6,1,385
262600,4,56,6,1,386
262601,4,56,6,1,386
262602,4,56,6,1,387
262603,4,56,6,1,388
262604,4,56,6,1,389
262605,4,56,6,1,390
262606,4,56,6,1,391
262607,4,56,6,1,392
262608,4,56,6,1,392
262609,4,56,6,1,394
262610,4,56,6,1,394
262611,4,56,6,1,394
262612,4,56,6,1,394
262613,4,56,6,1,394
262614,4,56,6,1,394
262615,4,56,6,1,394
262616,4,56,6,1,394
262617,4,56,6,1,395
262618,4,56,6,1,396
262619,4,56,6,1,396
262620,4,56,6,1,397
262621,4,56,6,1,398
262622,4,56,6,1,399
262623,4,56,6,1,400
262624,4,56,6,1,401
262625,4,56,6,1,401
262626,4,56,6,1,402
262627,4,56,6,1,403
262628,4,56,6,1,403
262629,4,56,6,1,403
262630,4,56,6,1,403
262631,4,56,6,1,404
262632,4,56,6,1,404
262633,4,56,6,1,404
262634,4,56,6,1,404
262635,4,56,6,1,405
262636,4,56,6,1,406
262637,4,56,6,1,406
262638,4,56,6,1,407
262639,4,56,6,1,408
262640,4,56,6,1,409
262641,4,56,6,1,410
262642,4,56,6,1,411
262643,4,56,6,1,412
262644,4,56,6,1,412
262645,4,56,6,1,413
262646,4,56,6,1,413
262647,4,56,6,1,413
262648,4,56,6,1,414
262649,4,56,6,1,414
262650,4,56,6,1,414
262651,4,56,6,1,414
262652,4,56,6,1,414
262653,4,56,6,1,414
262654,4,56,6,1,414
262659,4,56,6,1,436
262660,4,56,6,1,414
262661,4,56,6,1,415
262662,4,56,6,1,415
262663,4,56,6,1,416
262664,4,56,6,1,417
262665,4,56,6,1,418
262666,4,56,6,1,419
262667,4,56,6,1,419
262668,4,56,6,1,419
262669,4,56,6,1,419
262670,4,56,6,1,420
262671,4,56,6,1,421
262672,4,56,6,1,421
262673,4,56,6,1,422
262674,4,56,6,1,422
262675,4,56,6,1,423
262676,4,56,6,1,423
262677,4,56,6,1,423
262678,4,56,6,1,423
262679,4,56,6,1,423
262680,4,56,6,1,423
262681,4,56,6,1,423
262682,4,56,6,1,423
262683,4,56,6,1,424
262684,4,56,6,1,424
262685,4,56,6,1,424
262686,4,56,6,1,425
262687,4,56,6,1,426
262688,4,56,6,1,426
262689,4,56,6,1,427
262690,4,56,6,1,428
262691,4,56,6,1,429
262692,4,56,6,1,430
262693,4,56,6,1,431
262694,4,56,6,1,432
262695,4,56,6,1,432
262696,4,56,6,1,432
262697,4,56,6,1,433
262698,4,56,6,1,433
262699,4,56,6,1,433
262700,4,56,6,1,433
262701,4,56,6,1,434
262702,4,56,6,1,435
262703,4,56,6,1,436
262704,4,56,6,1,437
262705,4,56,6,1,437
262706,4,56,6,1,437
262707,4,56,6,1,437
262708,4,56,6,1,437
262713,13,55,6,1,70
262719,13,56,6,1,171
262725,13,56,6,1,424
262731,13,56,6,1,414
262737,13,56,6,1,343
262813,8,23,11,1,192
262825,8,16,6,1,355
262847,7,25,6,0,
262856,7,38,10,0,227
262943,17,12,11,0,300
262944,17,12,11,0,300
262945,17,12,11,0,300
262946,11,12,11,0,300
262947,14,12,11,0,300
262948,11,12,11,0,300
263345,12,24,11,0,
263346,4,24,11,0,
263347,4,24,11,0,
263348,3,24,11,0,
263349,9,24,11,0,
263350,9,24,11,0,
263352,9,24,11,0,
263353,9,24,11,0,
263354,4,24,11,0,
263355,4,24,11,0,
263356,3,24,11,0,
263357,18,24,11,0,
263358,3,24,11,0,
263359,18,24,11,0,
263361,9,24,11,0,
263362,4,24,11,0,
263363,4,24,11,0,
263364,3,24,11,0,
263365,18,24,11,0,
263367,4,24,11,0,
263368,4,24,11,0,
263369,9,24,11,0,
263370,4,24,11,0,
263371,4,24,11,0,
263372,3,24,11,0,
263373,18,24,11,0,
263404,4,24,11,0,
263405,9,24,11,0,
263406,9,24,11,0,
263407,3,24,11,0,
263408,9,32,11,0,
263413,7,15,6,0,
266604,8,3,8,1,507
266605,3,3,8,1,507
266606,6,3,8,1,507
266607,9,3,8,1,507
266608,9,3,8,1,507
266609,8,3,8,1,507
266610,9,3,8,1,507
266611,9,3,8,1,507
266620,3,3,8,1,511
266621,6,3,8,1,511
266622,9,3,8,1,511
266623,3,3,8,1,511
266624,6,3,8,1,511
266625,9,3,8,1,511
266626,9,3,8,1,511
266635,8,3,8,1,521
266636,3,3,8,1,521
266637,6,3,8,1,521
266638,3,3,8,1,521
266639,8,3,8,1,521
266648,3,3,8,1,528
266649,6,3,8,1,528
266650,9,3,8,1,528
266659,8,3,8,1,543
266660,3,3,8,1,543
266661,6,3,8,1,543
266662,9,3,8,1,543
266663,3,3,8,1,543
266664,6,3,8,1,543
266665,8,3,8,1,543
266674,8,3,8,1,566
266675,3,3,8,1,566
266676,6,3,8,1,566
266677,9,3,8,1,566
266678,3,3,8,1,566
266679,6,3,8,1,566
266680,9,3,8,1,566
266681,9,3,8,1,566
266690,8,3,8,1,566
266699,9,59,8,0,583
266700,7,59,8,0,583
266701,9,3,8,1,583
266702,3,3,8,1,583
266703,6,3,8,1,583
266704,6,3,8,1,583
266705,5,3,8,1,583
266707,9,59,8,0,583
266716,8,3,8,1,583
266717,3,3,8,1,583
266718,6,3,8,1,583
266719,9,3,8,1,583
266720,9,3,8,1,583
266721,8,3,8,1,583
266730,8,3,8,1,583
266731,3,3,8,1,583
266732,6,3,8,1,583
266733,8,3,8,1,583
266742,3,3,8,1,583
266743,6,3,8,1,583
266752,9,3,8,1,597
266753,3,3,8,1,597
266763,3,3,8,1,605
266764,6,3,8,1,605
266774,3,3,8,1,620
266775,6,3,8,1,620
266785,9,59,8,0,632
266786,7,59,8,0,632
266787,9,3,8,1,632
266788,3,3,8,1,632
266789,6,3,8,1,632
266790,9,3,8,1,632
266791,3,3,8,1,632
266792,6,3,8,1,632
266793,9,59,8,0,632
266802,8,3,8,1,632
266804,6,3,8,1,632
266805,9,3,8,1,632
266806,3,3,8,1,632
266807,6,3,8,1,632
266808,9,3,8,1,632
266809,9,3,8,1,632
266810,9,3,8,1,632
266821,8,3,8,1,632
266834,8,3,8,1,632
266835,3,3,8,1,632
266836,6,3,8,1,632
266837,9,3,8,1,632
266838,9,3,8,1,632
266839,5,3,8,1,632
266849,8,3,8,1,632
266860,3,3,8,1,653
266861,6,3,8,1,653
266862,9,3,8,1,653
266863,3,3,8,1,652
266864,6,3,8,1,653
266865,9,3,8,1,653
266866,8,3,8,1,655
266867,3,3,8,1,653
266878,8,3,8,1,652
266887,8,3,8,1,672
266888,3,3,8,1,672
266906,8,3,8,1,672
266907,3,3,8,1,672
266908,6,3,8,1,672
266909,8,3,8,1,672
266918,3,3,8,1,683
266919,6,3,8,1,683
266920,9,3,8,1,683
266921,8,3,8,1,683
266922,3,3,8,1,683
266923,6,3,8,1,683
266924,9,3,8,1,683
266925,9,3,8,1,683
266934,8,3,8,1,683
266946,3,3,8,1,708
266947,6,3,8,1,708
266948,9,3,8,1,708
266958,14,69,8,0,511
266959,17,69,8,0,511
266960,14,69,8,0,511
266961,11,69,8,0,511
266962,11,69,8,0,511
266965,14,69,8,0,528
266966,17,69,8,0,528
266967,17,69,8,0,528
266968,17,69,8,0,528
266969,11,69,8,0,528
266970,11,69,8,0,528
266973,17,69,8,0,543
266976,14,69,8,0,566
266977,17,69,8,0,566
266978,14,69,8,0,566
266979,11,69,8,0,566
266980,11,69,8,0,566
266983,15,69,8,0,583
266984,15,69,8,0,583
266987,17,69,8,0,583
266988,17,69,8,0,583
266989,11,69,8,0,583
266990,11,69,8,0,583
266993,17,69,8,0,583
266994,17,69,8,0,583
266995,11,69,8,0,583
266996,11,69,8,0,583
266999,17,69,8,0,583
267000,17,69,8,0,583
267001,11,69,8,0,583
267002,11,69,8,0,583
267005,17,69,8,0,583
267006,14,69,8,0,583
267007,11,69,8,0,583
267008,11,69,8,0,583
267011,17,69,8,0,583
267012,17,69,8,0,583
267013,17,69,8,0,583
267014,17,69,8,0,583
267015,17,69,8,0,583
267016,11,69,8,0,583
267019,17,69,8,0,583
267020,17,69,8,0,583
267021,11,69,8,0,583
267022,11,69,8,0,583
267025,17,69,8,0,583
267026,17,69,8,0,583
267029,14,69,8,0,597
267030,17,69,8,0,597
267031,17,69,8,0,597
267032,11,69,8,0,597
267033,11,69,8,0,597
267036,17,69,8,0,620
267039,17,69,8,0,632
267040,17,69,8,0,632
267041,11,69,8,0,632
267042,11,69,8,0,632
267045,17,69,8,0,632
267046,14,69,8,0,632
267047,11,69,8,0,632
267048,11,69,8,0,632
267051,17,69,8,0,632
267052,17,69,8,0,632
267053,11,69,8,0,632
267054,11,69,8,0,632
267057,17,69,8,0,632
267058,17,69,8,0,632
267059,11,69,8,0,632
267060,11,69,8,0,632
267063,17,69,8,0,632
267064,17,69,8,0,632
267065,17,69,8,0,632
267066,17,69,8,0,632
267067,11,69,8,0,632
267068,11,69,8,0,632
267071,17,69,8,0,632
267072,17,69,8,0,632
267073,11,69,8,0,632
267074,11,69,8,0,632
267077,17,69,8,0,632
267078,17,69,8,0,632
267079,14,69,8,0,632
267080,11,69,8,0,632
267083,14,69,8,0,632
267084,11,69,8,0,632
267087,15,69,8,0,632
267088,15,69,8,0,632
267091,14,69,8,0,632
267095,17,69,8,0,632
267096,17,69,8,0,632
267097,17,69,8,0,632
267100,14,69,8,0,652
267101,11,69,8,0,652
267104,17,69,8,0,672
267105,17,69,8,0,672
267106,17,69,8,0,672
267109,14,69,8,0,683
267110,17,69,8,0,683
267114,14,69,8,0,683
267115,11,69,8,0,683
267118,13,58,8,1,507
267124,13,58,8,1,511
267130,13,58,8,1,516
267136,13,58,8,1,521
267142,13,58,8,1,521
267148,13,58,8,1,528
267154,13,58,8,1,533
267160,13,58,8,1,538
267166,13,58,8,1,543
267172,13,58,8,1,550
267178,13,58,8,1,555
267184,13,58,8,1,560
267190,13,58,8,1,566
267196,13,58,8,1,571
267202,13,58,8,1,576
267208,13,58,8,1,581
267214,13,58,8,1,583
267220,13,58,8,1,583
267226,13,58,8,1,583
267232,13,58,8,1,588
267238,13,58,8,1,593
267244,13,58,8,1,597
267250,13,58,8,1,610
267256,13,58,8,1,620
267262,13,58,8,1,632
267268,13,58,8,1,632
267274,13,58,8,1,632
267280,13,58,8,1,642
267286,13,58,8,1,653
267292,13,58,8,1,662
267298,13,58,8,1,672
267304,13,58,8,1,672
267310,13,58,8,1,683
267316,13,58,8,1,695
267322,13,58,8,1,708
267328,2,69,8,0,508
267333,2,69,8,0,521
267338,2,69,8,0,527
267343,2,69,8,0,529
267348,2,69,8,0,542
267353,2,69,8,0,544
267358,2,69,8,0,567
267363,2,69,8,0,583
267368,2,69,8,0,583
267373,2,69,8,0,585
267378,2,69,8,0,604
267383,2,69,8,0,606
267388,2,69,8,0,624
267393,2,69,8,0,626
267398,2,69,8,0,632
267403,2,69,8,0,632
267408,2,69,8,0,632
267413,2,69,8,0,650
267418,2,69,8,0,670
267423,2,69,8,0,672
267428,2,69,8,0,673
267433,2,69,8,0,706
267492,4,58,8,1,521
267493,4,58,8,1,521
267494,4,58,8,1,521
267495,4,58,8,1,520
267496,4,58,8,1,519
267497,4,58,8,1,518
267498,4,58,8,1,517
267499,4,58,8,1,517
267500,4,58,8,1,516
267501,4,58,8,1,516
267502,4,58,8,1,515
267503,4,58,8,1,514
267504,4,58,8,1,513
267505,4,58,8,1,512
267506,4,58,8,1,511
267507,4,58,8,1,511
267508,4,58,8,1,511
267509,4,58,8,1,510
267510,4,58,8,1,510
267511,4,58,8,1,510
267512,4,58,8,1,510
267513,4,58,8,1,509
267514,4,58,8,1,508
267515,4,58,8,1,507
267516,4,58,8,1,506
267517,4,58,8,1,506
267518,4,58,8,1,507
267519,4,58,8,1,507
267520,4,58,8,1,507
267521,4,58,8,1,506
267522,4,58,8,1,521
267523,4,58,8,1,521
267524,4,58,8,1,522
267525,4,58,8,1,523
267526,4,58,8,1,524
267527,4,58,8,1,525
267528,4,58,8,1,526
267529,4,58,8,1,527
267530,4,58,8,1,527
267531,4,58,8,1,529
267532,4,58,8,1,529
267533,4,58,8,1,530
267534,4,58,8,1,531
267535,4,58,8,1,532
267536,4,58,8,1,533
267537,4,58,8,1,533
267538,4,58,8,1,534
267539,4,58,8,1,533
267540,4,58,8,1,534
267541,4,58,8,1,535
267542,4,58,8,1,537
267543,4,58,8,1,537
267544,4,58,8,1,538
267545,4,58,8,1,539
267546,4,58,8,1,540
267547,4,58,8,1,541
267548,4,58,8,1,542
267549,4,58,8,1,542
267550,4,58,8,1,543
267551,4,58,8,1,521
267552,4,58,8,1,521
267557,4,58,8,1,544
267558,4,58,8,1,545
267559,4,58,8,1,546
267560,4,58,8,1,546
267561,4,58,8,1,548
267562,4,58,8,1,549
267563,4,58,8,1,550
267564,4,58,8,1,551
267565,4,58,8,1,551
267566,4,58,8,1,551
267567,4,58,8,1,552
267568,4,58,8,1,553
267569,4,58,8,1,554
267570,4,58,8,1,555
267571,4,58,8,1,555
267572,4,58,8,1,556
267573,4,58,8,1,557
267574,4,58,8,1,558
267575,4,58,8,1,558
267576,4,58,8,1,558
267577,4,58,8,1,559
267578,4,58,8,1,559
267579,4,58,8,1,559
267580,4,58,8,1,560
267581,4,58,8,1,561
267582,4,58,8,1,562
267583,4,58,8,1,563
267584,4,58,8,1,564
267585,4,58,8,1,565
267586,4,58,8,1,566
267587,4,58,8,1,566
267588,4,58,8,1,566
267589,4,58,8,1,566
267590,4,58,8,1,566
267591,4,58,8,1,567
267592,4,58,8,1,568
267593,4,58,8,1,569
267594,4,58,8,1,570
267595,4,58,8,1,571
267596,4,58,8,1,572
267597,4,58,8,1,572
267598,4,58,8,1,573
267599,4,58,8,1,573
267600,4,58,8,1,573
267601,4,58,8,1,574
267602,4,58,8,1,575
267603,4,58,8,1,576
267604,4,58,8,1,577
267605,4,58,8,1,577
267606,4,58,8,1,578
267607,4,58,8,1,579
267608,4,58,8,1,580
267609,4,58,8,1,581
267610,4,58,8,1,582
267611,4,58,8,1,582
267612,4,58,8,1,582
267613,4,58,8,1,582
267614,4,58,8,1,582
267615,4,58,8,1,582
267616,4,58,8,1,582
267617,4,58,8,1,582
267618,4,58,8,1,583
267619,4,58,8,1,583
267620,4,58,8,1,583
267621,4,58,8,1,583
267622,4,58,8,1,583
267623,4,58,8,1,583
267624,4,58,8,1,583
267625,4,58,8,1,583
267626,4,58,8,1,583
267627,4,58,8,1,583
267628,4,58,8,1,583
267629,4,58,8,1,583
267630,4,58,8,1,583
267631,4,58,8,1,583
267632,4,58,8,1,583
267633,4,58,8,1,583
267634,4,58,8,1,583
267635,4,58,8,1,583
267636,4,58,8,1,583
267637,4,58,8,1,584
267638,4,58,8,1,584
267639,4,58,8,1,585
267640,4,58,8,1,586
267641,4,58,8,1,586
267642,4,58,8,1,587
267643,4,58,8,1,588
267644,4,58,8,1,589
267645,4,58,8,1,590
267646,4,58,8,1,591
267647,4,58,8,1,592
267648,4,58,8,1,593
267649,4,58,8,1,594
267650,4,58,8,1,595
267651,4,58,8,1,595
267652,4,58,8,1,596
267653,4,58,8,1,583
267654,4,58,8,1,583
267660,4,58,8,1,632
267661,4,58,8,1,632
267662,4,58,8,1,632
267663,4,58,8,1,632
267664,4,58,8,1,632
267665,4,58,8,1,632
267666,4,58,8,1,632
267667,4,58,8,1,632
267668,4,58,8,1,632
267669,4,58,8,1,632
267670,4,58,8,1,632
267671,4,58,8,1,632
267672,4,58,8,1,632
267673,4,58,8,1,632
267674,4,58,8,1,632
267675,4,58,8,1,632
267676,4,58,8,1,632
267677,4,58,8,1,632
267678,4,58,8,1,632
267679,4,58,8,1,632
267680,4,58,8,1,632
267681,4,58,8,1,632
267682,4,58,8,1,632
267683,4,58,8,1,632
267684,4,58,8,1,632
267685,4,58,8,1,632
267686,4,58,8,1,631
267687,4,58,8,1,631
267688,4,58,8,1,630
267689,4,58,8,1,629
267690,4,58,8,1,628
267691,4,58,8,1,627
267692,4,58,8,1,626
267693,4,58,8,1,625
267694,4,58,8,1,624
267695,4,58,8,1,622
267696,4,58,8,1,622
267697,4,58,8,1,622
267698,4,58,8,1,621
267699,4,58,8,1,620
267700,4,58,8,1,620
267701,4,58,8,1,620
267702,4,58,8,1,620
267703,4,58,8,1,620
267704,4,58,8,1,620
267705,4,58,8,1,619
267706,4,58,8,1,618
267707,4,58,8,1,617
267708,4,58,8,1,616
267709,4,58,8,1,616
267710,4,58,8,1,615
267711,4,58,8,1,614
267712,4,58,8,1,613
267713,4,58,8,1,612
267714,4,58,8,1,611
267715,4,58,8,1,611
267716,4,58,8,1,610
267717,4,58,8,1,609
267718,4,58,8,1,608
267719,4,58,8,1,607
267720,4,58,8,1,607
267721,4,58,8,1,605
267722,4,58,8,1,604
267723,4,58,8,1,603
267724,4,58,8,1,602
267725,4,58,8,1,601
267726,4,58,8,1,599
267727,4,58,8,1,598
267728,4,58,8,1,598
267729,4,58,8,1,597
267733,4,58,8,1,672
267734,4,58,8,1,672
267735,4,58,8,1,672
267736,4,58,8,1,672
267737,4,58,8,1,672
267738,4,58,8,1,672
267739,4,58,8,1,672
267740,4,58,8,1,672
267741,4,58,8,1,672
267742,4,58,8,1,672
267743,4,58,8,1,672
267744,4,58,8,1,672
267745,4,58,8,1,672
267746,4,58,8,1,672
267747,4,58,8,1,671
267748,4,58,8,1,671
267749,4,58,8,1,671
267750,4,58,8,1,670
267751,4,58,8,1,669
267752,4,58,8,1,668
267753,4,58,8,1,667
267754,4,58,8,1,666
267755,4,58,8,1,664
267756,4,58,8,1,663
267757,4,58,8,1,661
267758,4,58,8,1,661
267759,4,58,8,1,659
267760,4,58,8,1,658
267761,4,58,8,1,657
267762,4,58,8,1,657
267763,4,58,8,1,656
267764,4,58,8,1,655
267765,4,58,8,1,654
267766,4,58,8,1,653
267767,4,58,8,1,653
267768,4,58,8,1,652
267769,4,58,8,1,651
267770,4,58,8,1,651
267771,4,58,8,1,651
267772,4,58,8,1,651
267773,4,58,8,1,650
267774,4,58,8,1,649
267775,4,58,8,1,648
267776,4,58,8,1,647
267777,4,58,8,1,647
267778,4,58,8,1,646
267779,4,58,8,1,645
267780,4,58,8,1,644
267781,4,58,8,1,643
267782,4,58,8,1,643
267783,4,58,8,1,642
267784,4,58,8,1,641
267785,4,58,8,1,640
267786,4,58,8,1,639
267787,4,58,8,1,638
267788,4,58,8,1,637
267789,4,58,8,1,637
267790,4,58,8,1,636
267791,4,58,8,1,635
267792,4,58,8,1,634
267793,4,58,8,1,633
267794,4,58,8,1,633
267795,4,58,8,1,632
267796,4,58,8,1,632
267797,4,58,8,1,632
267798,4,58,8,1,633
267799,4,58,8,1,633
267800,4,58,8,1,633
267801,4,58,8,1,633
267802,4,58,8,1,633
267803,4,58,8,1,633
267804,4,58,8,1,633
267808,4,58,8,1,706
267809,4,58,8,1,705
267810,4,58,8,1,705
267811,4,58,8,1,704
267812,4,58,8,1,703
267813,4,58,8,1,702
267814,4,58,8,1,701
267815,4,58,8,1,700
267816,4,58,8,1,699
267817,4,58,8,1,698
267818,4,58,8,1,697
267819,4,58,8,1,697
267820,4,58,8,1,696
267821,4,58,8,1,695
267822,4,58,8,1,694
267823,4,58,8,1,693
267824,4,58,8,1,693
267825,4,58,8,1,692
267826,4,58,8,1,691
267827,4,58,8,1,690
267828,4,58,8,1,690
267829,4,58,8,1,689
267830,4,58,8,1,688
267831,4,58,8,1,687
267832,4,58,8,1,686
267833,4,58,8,1,685
267834,4,58,8,1,684
267835,4,58,8,1,683
267836,4,58,8,1,683
267837,4,58,8,1,683
267838,4,58,8,1,683
267839,4,58,8,1,682
267840,4,58,8,1,682
267841,4,58,8,1,682
267842,4,58,8,1,682
267843,4,58,8,1,681
267844,4,58,8,1,681
267845,4,58,8,1,680
267846,4,58,8,1,680
267847,4,58,8,1,679
267848,4,58,8,1,678
267849,4,58,8,1,677
267850,4,58,8,1,676
267851,4,58,8,1,675
267852,4,58,8,1,674
267853,4,58,8,1,673
267854,4,58,8,1,672
267855,4,58,8,1,672
267856,4,58,8,1,672
267857,4,58,8,1,671
267864,9,59,8,0,
267866,7,59,8,0,
267934,16,3,8,1,
267973,14,60,7,0,23
267974,17,60,7,0,23
267975,11,60,7,0,23
267978,14,60,7,0,23
267979,17,60,7,0,23
267980,11,60,7,0,23
267983,15,60,7,0,48
267984,15,60,7,0,48
267987,17,60,7,0,48
267988,17,60,7,0,48
267989,11,60,7,0,48
267990,11,60,7,0,48
267993,17,60,7,0,48
267994,17,60,7,0,48
267995,17,60,7,0,48
267996,17,60,7,0,48
267997,17,60,7,0,48
267998,11,60,7,0,48
268001,17,60,7,0,48
268002,14,60,7,0,48
268003,11,60,7,0,48
268004,11,60,7,0,48
268007,17,60,7,0,48
268008,17,60,7,0,48
268009,11,60,7,0,48
268010,11,60,7,0,48
268013,17,60,7,0,48
268014,17,60,7,0,48
268015,11,60,7,0,48
268016,11,60,7,0,48
268019,17,60,7,0,48
268020,11,60,7,0,48
268023,17,60,7,0,52
268024,17,60,7,0,52
268025,14,60,7,0,53
268026,11,60,7,0,53
268029,17,60,7,0,53
268030,17,60,7,0,53
268031,11,60,7,0,53
268034,15,60,7,0,53
268035,15,60,7,0,53
268038,14,60,7,0,81
268039,11,60,7,0,81
268042,14,60,7,0,81
268043,17,60,7,0,82
268044,11,60,7,0,82
268047,14,60,7,0,132
268048,17,60,7,0,132
268049,11,60,7,0,132
268052,14,60,7,0,132
268053,17,60,7,0,132
268054,11,60,7,0,132
268057,17,60,7,0,142
268060,17,60,7,0,169
268061,17,60,7,0,169
268062,11,60,7,0,169
268063,11,60,7,0,169
268066,17,60,7,0,169
268067,17,60,7,0,169
268068,17,60,7,0,169
268069,17,60,7,0,169
268070,17,60,7,0,169
268071,11,60,7,0,169
268074,17,60,7,0,169
268075,14,60,7,0,169
268076,11,60,7,0,169
268077,11,60,7,0,169
268080,17,60,7,0,177
268081,17,60,7,0,169
268082,11,60,7,0,177
268083,11,60,7,0,169
268086,17,60,7,0,169
268087,11,60,7,0,169
268090,17,60,7,0,169
268091,17,60,7,0,169
268092,11,60,7,0,169
268093,11,60,7,0,169
268096,17,60,7,0,0
268099,17,60,7,0,20
268102,17,60,7,0,38
268105,15,60,7,0,55
268106,15,60,7,0,55
268109,14,60,7,0,55
268110,11,60,7,0,55
268113,2,60,7,0,1
268118,2,60,7,0,3
268123,2,60,7,0,13
268128,2,60,7,0,22
268133,2,60,7,0,24
268138,2,60,7,0,34
268143,2,60,7,0,44
268148,2,60,7,0,48
268153,2,60,7,0,53
268158,2,60,7,0,53
268163,2,60,7,0,54
268168,2,60,7,0,56
268173,2,60,7,0,70
268178,2,60,7,0,72
268183,2,60,7,0,80
268188,2,60,7,0,83
268193,2,60,7,0,93
268198,2,60,7,0,107
268203,2,60,7,0,110
268208,2,60,7,0,116
268213,2,60,7,0,118
268218,2,60,7,0,131
268223,2,60,7,0,133
268228,2,60,7,0,143
268233,2,60,7,0,145
268238,2,60,7,0,162
268243,2,60,7,0,164
268248,2,60,7,0,169
268253,2,60,7,0,0
268258,2,60,7,0,10
268263,2,60,7,0,20
268268,2,60,7,0,37
268273,2,60,7,0,49
268278,2,60,7,0,55
268283,2,60,7,0,4
268288,2,60,7,0,2
268293,2,60,7,0,1
268298,2,60,7,0,0
268791,15,66,7,0,0
268792,15,66,7,0,0
268795,17,66,7,0,0
268798,2,66,7,0,1
268803,2,66,7,0,8
268808,7,67,7,0,0
268810,9,67,7,0,0
268811,8,64,7,1,0
268812,3,64,7,1,0
268813,6,64,7,1,0
268814,5,64,7,1,0
268815,8,64,7,1,0
268824,7,67,7,0,0
268825,9,67,7,0,0
268834,8,64,7,1,8
268835,3,64,7,1,8
268836,8,64,7,1,8
268845,13,65,7,1,0
268851,13,65,7,1,8
268857,4,65,7,1,0
268858,4,65,7,1,0
268859,4,65,7,1,0
268860,4,65,7,1,0
268861,4,65,7,1,0
268862,4,65,7,1,1
268863,4,65,7,1,2
268864,4,65,7,1,2
268865,4,65,7,1,3
268866,4,65,7,1,4
268867,4,65,7,1,5
268868,4,65,7,1,6
268869,4,65,7,1,7
268870,4,65,7,1,8
268871,4,65,7,1,8
268872,4,65,7,1,8
268873,4,65,7,1,8
268881,16,64,7,1,
268885,14,60,7,0,169
268886,11,60,7,0,169
268889,9,61,7,0,
268890,7,61,7,0,
268891,9,61,7,0,
268892,7,61,7,0,
268901,3,62,7,1,2
268902,6,62,7,1,2
268903,3,62,7,1,0
268904,9,62,7,1,0
268905,9,62,7,1,2
268906,3,62,7,1,2
268907,8,62,7,1,2
268908,6,62,7,1,2
268917,9,62,7,1,0
268918,8,62,7,1,2
268927,9,62,7,1,23
268928,3,62,7,1,23
268929,9,62,7,1,23
268930,3,62,7,1,23
268931,6,62,7,1,23
268932,9,62,7,1,23
268933,6,62,7,1,23
268942,9,62,7,1,50
268951,6,62,7,1,48
268952,5,62,7,1,48
268953,6,62,7,1,48
268954,8,62,7,1,48
268955,9,62,7,1,48
268956,9,68,7,0,48
268957,3,68,7,0,48
268958,9,62,7,1,48
268967,8,62,7,1,48
268968,9,62,7,1,48
268969,9,62,7,1,48
268979,6,68,7,0,48
268980,3,68,7,0,48
268981,9,68,7,0,48
268983,9,61,7,0,5
268984,7,61,7,0,5
268993,7,61,7,0,5
268994,9,61,7,0,5
268995,9,61,7,0,5
268996,9,68,7,0,48
268997,9,68,7,0,48
269006,6,62,7,1,52
269007,5,62,7,1,52
269008,3,62,7,1,52
269009,8,62,7,1,52
269010,8,62,7,1,52
269019,10,62,7,1,53
269020,9,62,7,1,53
269021,3,62,7,1,53
269022,10,62,7,1,53
269031,6,62,7,1,70
269032,3,62,7,1,70
269033,9,62,7,1,70
269034,9,62,7,1,70
269043,9,62,7,1,82
269044,6,62,7,1,82
269045,9,62,7,1,82
269046,3,62,7,1,82
269047,3,62,7,1,81
269048,9,62,7,1,82
269049,8,62,7,1,81
269050,6,62,7,1,82
269059,8,62,7,1,81
269068,3,62,7,1,108
269069,6,62,7,1,108
269070,3,62,7,1,105
269071,9,62,7,1,108
269072,3,62,7,1,108
269073,6,62,7,1,108
269082,6,62,7,1,132
269083,9,62,7,1,132
269084,8,62,7,1,132
269085,3,62,7,1,132
269086,9,62,7,1,132
269087,3,62,7,1,132
269088,6,62,7,1,132
269089,9,62,7,1,132
269098,8,62,7,1,132
269107,9,62,7,1,163
269108,3,62,7,1,163
269109,6,62,7,1,163
269110,3,62,7,1,163
269111,6,62,7,1,163
269120,9,61,7,0,169
269121,3,62,7,1,169
269122,6,62,7,1,169
269123,9,62,7,1,169
269124,3,62,7,1,169
269125,9,62,7,1,169
269126,9,62,7,1,169
269127,7,61,7,0,169
269136,7,61,7,0,169
269137,9,61,7,0,169
269138,9,61,7,0,169
269139,9,62,7,1,170
269148,13,63,7,1,2
269154,13,63,7,1,7
269160,13,63,7,1,12
269166,13,63,7,1,17
269172,13,63,7,1,23
269178,13,63,7,1,29
269184,13,63,7,1,35
269190,13,63,7,1,41
269196,13,63,7,1,48
269202,13,63,7,1,5
269208,13,63,7,1,5
269214,13,63,7,1,5
269220,13,63,7,1,51
269226,13,63,7,1,4
269232,13,63,7,1,10
269238,13,63,7,1,56
269244,13,63,7,1,61
269250,13,63,7,1,67
269256,13,63,7,1,72
269262,13,63,7,1,77
269268,13,63,7,1,82
269274,13,63,7,1,87
269280,13,63,7,1,93
269286,13,63,7,1,99
269292,13,63,7,1,105
269298,13,63,7,1,110
269304,13,63,7,1,115
269310,13,63,7,1,120
269316,13,63,7,1,126
269322,13,63,7,1,132
269328,13,63,7,1,137
269334,13,63,7,1,142
269340,13,63,7,1,147
269346,13,63,7,1,151
269352,13,63,7,1,157
269358,13,63,7,1,163
269364,13,63,7,1,169
269370,13,63,7,1,169
269410,4,63,7,1,0
269411,4,63,7,1,0
269412,4,63,7,1,0
269413,4,63,7,1,1
269414,4,63,7,1,1
269415,4,63,7,1,2
269416,4,63,7,1,3
269417,4,63,7,1,4
269418,4,63,7,1,5
269419,4,63,7,1,6
269420,4,63,7,1,7
269421,4,63,7,1,8
269422,4,63,7,1,8
269423,4,63,7,1,9
269424,4,63,7,1,10
269425,4,63,7,1,11
269426,4,63,7,1,12
269427,4,63,7,1,13
269428,4,63,7,1,14
269429,4,63,7,1,15
269430,4,63,7,1,15
269431,4,63,7,1,16
269432,4,63,7,1,17
269433,4,63,7,1,18
269434,4,63,7,1,19
269435,4,63,7,1,19
269436,4,63,7,1,20
269437,4,63,7,1,21
269438,4,63,7,1,22
269439,4,63,7,1,23
269440,4,63,7,1,23
269441,4,63,7,1,23
269442,4,63,7,1,23
269443,4,63,7,1,23
269444,4,63,7,1,24
269445,4,63,7,1,25
269446,4,63,7,1,25
269447,4,63,7,1,27
269448,4,63,7,1,27
269449,4,63,7,1,28
269450,4,63,7,1,29
269451,4,63,7,1,30
269452,4,63,7,1,31
269453,4,63,7,1,32
269454,4,63,7,1,33
269455,4,63,7,1,34
269456,4,63,7,1,35
269457,4,63,7,1,36
269458,4,63,7,1,36
269459,4,63,7,1,37
269460,4,63,7,1,38
269461,4,63,7,1,39
269462,4,63,7,1,40
269463,4,63,7,1,41
269464,4,63,7,1,42
269465,4,63,7,1,43
269466,4,63,7,1,44
269467,4,63,7,1,45
269468,4,63,7,1,45
269469,4,63,7,1,46
269470,4,63,7,1,47
269471,4,63,7,1,48
269472,4,63,7,1,48
269473,4,63,7,1,48
269474,4,63,7,1,48
269478,4,63,7,1,48
269479,4,63,7,1,48
269480,4,63,7,1,48
269481,4,63,7,1,48
269482,4,63,7,1,48
269483,4,63,7,1,48
269484,4,63,7,1,48
269485,4,63,7,1,48
269486,4,63,7,1,48
269487,4,63,7,1,48
269488,4,63,7,1,48
269489,4,63,7,1,48
269490,4,63,7,1,48
269491,4,63,7,1,48
269492,4,63,7,1,48
269493,4,63,7,1,48
269494,4,63,7,1,48
269495,4,63,7,1,48
269496,4,63,7,1,48
269497,4,63,7,1,48
269498,4,63,7,1,48
269499,4,63,7,1,48
269500,4,63,7,1,48
269501,4,63,7,1,48
269502,4,63,7,1,48
269503,4,63,7,1,48
269504,4,63,7,1,48
269505,4,63,7,1,48
269506,4,63,7,1,48
269507,4,63,7,1,48
269508,4,63,7,1,48
269509,4,63,7,1,48
269510,4,63,7,1,48
269511,4,63,7,1,48
269512,4,63,7,1,48
269513,4,63,7,1,49
269514,4,63,7,1,49
269515,4,63,7,1,50
269516,4,63,7,1,51
269517,4,63,7,1,51
269518,4,63,7,1,52
269519,4,63,7,1,52
269520,4,63,7,1,52
269521,4,63,7,1,52
269522,4,63,7,1,52
269523,4,63,7,1,52
269524,4,63,7,1,52
269525,4,63,7,1,52
269526,4,63,7,1,52
269527,4,63,7,1,52
269528,4,63,7,1,52
269529,4,63,7,1,52
269530,4,63,7,1,52
269531,4,63,7,1,52
269532,4,63,7,1,52
269533,4,63,7,1,52
269534,4,63,7,1,52
269535,4,63,7,1,52
269536,4,63,7,1,52
269537,4,63,7,1,53
269538,4,63,7,1,54
269539,4,63,7,1,54
269540,4,63,7,1,55
269541,4,63,7,1,55
269542,4,63,7,1,57
269543,4,63,7,1,58
269544,4,63,7,1,58
269545,4,63,7,1,58
269546,4,63,7,1,58
269547,4,63,7,1,58
269548,4,63,7,1,58
269549,4,63,7,1,59
269550,4,63,7,1,60
269551,4,63,7,1,61
269552,4,63,7,1,62
269553,4,63,7,1,63
269554,4,63,7,1,64
269555,4,63,7,1,65
269556,4,63,7,1,66
269557,4,63,7,1,67
269558,4,63,7,1,68
269559,4,63,7,1,69
269560,4,63,7,1,70
269561,4,63,7,1,71
269562,4,63,7,1,71
269563,4,63,7,1,71
269564,4,63,7,1,71
269569,4,63,7,1,71
269570,4,63,7,1,71
269571,4,63,7,1,72
269572,4,63,7,1,73
269573,4,63,7,1,74
269574,4,63,7,1,74
269575,4,63,7,1,75
269576,4,63,7,1,76
269577,4,63,7,1,77
269578,4,63,7,1,78
269579,4,63,7,1,79
269580,4,63,7,1,80
269581,4,63,7,1,81
269582,4,63,7,1,81
269583,4,63,7,1,81
269584,4,63,7,1,81
269585,4,63,7,1,81
269586,4,63,7,1,82
269587,4,63,7,1,82
269588,4,63,7,1,81
269589,4,63,7,1,82
269590,4,63,7,1,82
269591,4,63,7,1,82
269592,4,63,7,1,82
269593,4,63,7,1,82
269594,4,63,7,1,82
269595,4,63,7,1,83
269596,4,63,7,1,84
269597,4,63,7,1,85
269598,4,63,7,1,86
269599,4,63,7,1,87
269600,4,63,7,1,87
269601,4,63,7,1,88
269602,4,63,7,1,89
269603,4,63,7,1,89
269604,4,63,7,1,90
269605,4,63,7,1,90
269606,4,63,7,1,91
269607,4,63,7,1,92
269608,4,63,7,1,93
269609,4,63,7,1,94
269610,4,63,7,1,95
269611,4,63,7,1,96
269612,4,63,7,1,97
269613,4,63,7,1,98
269614,4,63,7,1,98
269615,4,63,7,1,99
269616,4,63,7,1,100
269617,4,63,7,1,101
269618,4,63,7,1,102
269619,4,63,7,1,103
269620,4,63,7,1,104
269621,4,63,7,1,105
269622,4,63,7,1,105
269623,4,63,7,1,105
269624,4,63,7,1,105
269625,4,63,7,1,106
269626,4,63,7,1,107
269627,4,63,7,1,107
269628,4,63,7,1,108
269629,4,63,7,1,109
269630,4,63,7,1,110
269631,4,63,7,1,111
269632,4,63,7,1,112
269633,4,63,7,1,113
269634,4,63,7,1,114
269635,4,63,7,1,115
269636,4,63,7,1,116
269637,4,63,7,1,117
269638,4,63,7,1,118
269639,4,63,7,1,119
269640,4,63,7,1,120
269641,4,63,7,1,120
269642,4,63,7,1,120
269643,4,63,7,1,121
269644,4,63,7,1,122
269645,4,63,7,1,123
269646,4,63,7,1,123
269647,4,63,7,1,123
269648,4,63,7,1,123
269649,4,63,7,1,124
269650,4,63,7,1,125
269651,4,63,7,1,126
269652,4,63,7,1,127
269653,4,63,7,1,128
269654,4,63,7,1,129
269655,4,63,7,1,130
269656,4,63,7,1,131
269657,4,63,7,1,132
269661,4,63,7,1,133
269662,4,63,7,1,133
269663,4,63,7,1,133
269664,4,63,7,1,133
269665,4,63,7,1,133
269666,4,63,7,1,133
269667,4,63,7,1,133
269668,4,63,7,1,133
269669,4,63,7,1,134
269670,4,63,7,1,135
269671,4,63,7,1,136
269672,4,63,7,1,136
269673,4,63,7,1,137
269674,4,63,7,1,138
269675,4,63,7,1,140
269676,4,63,7,1,141
269677,4,63,7,1,142
269678,4,63,7,1,143
269679,4,63,7,1,143
269680,4,63,7,1,143
269681,4,63,7,1,144
269682,4,63,7,1,144
269683,4,63,7,1,145
269684,4,63,7,1,145
269685,4,63,7,1,146
269686,4,63,7,1,147
269687,4,63,7,1,147
269688,4,63,7,1,148
269689,4,63,7,1,149
269690,4,63,7,1,150
269691,4,63,7,1,151
269692,4,63,7,1,151
269693,4,63,7,1,151
269694,4,63,7,1,151
269695,4,63,7,1,151
269696,4,63,7,1,151
269697,4,63,7,1,152
269698,4,63,7,1,153
269699,4,63,7,1,154
269700,4,63,7,1,155
269701,4,63,7,1,155
269702,4,63,7,1,157
269703,4,63,7,1,158
269704,4,63,7,1,159
269705,4,63,7,1,159
269706,4,63,7,1,160
269707,4,63,7,1,161
269708,4,63,7,1,162
269709,4,63,7,1,163
269710,4,63,7,1,164
269711,4,63,7,1,165
269712,4,63,7,1,166
269713,4,63,7,1,167
269714,4,63,7,1,167
269715,4,63,7,1,168
269716,4,63,7,1,169
269717,4,63,7,1,169
269718,4,63,7,1,169
269719,4,63,7,1,169
269720,4,63,7,1,169
269721,4,63,7,1,169
269722,4,63,7,1,169
269757,16,62,7,1,
269766,16,68,7,0,48
272683,17,60,7,0,48
272684,17,60,7,0,48
272685,11,60,7,0,48
272686,11,60,7,0,48
272688,8,3,8,1,672
272690,3,3,8,1,632
273250,11,69,8,0,632
273251,11,69,8,0,683
277855,3,3,8,1,708
277860,6,3,8,1,728
277861,3,3,8,1,728
277862,5,3,8,1,728
277863,8,3,8,1,728
277864,8,3,8,1,728
277868,9,3,8,1,730
277869,7,69,8,0,730
277870,9,3,8,1,730
277874,8,3,8,1,730
277877,6,3,8,1,730
277878,6,3,8,1,730
277879,3,3,8,1,730
277880,3,3,8,1,730
277881,3,3,8,1,730
277882,9,3,8,1,730
277883,9,3,8,1,730
277884,9,3,8,1,730
277886,9,3,8,1,730
277890,3,3,8,1,736
277894,10,3,8,1,745
277896,10,3,8,1,745
277898,8,3,8,1,745
277899,8,3,8,1,745
277902,6,3,8,1,745
277903,6,3,8,1,745
277904,3,3,8,1,745
277908,6,3,8,1,756
277909,3,3,8,1,756
277910,8,3,8,1,756
277911,8,3,8,1,756
277915,6,3,8,1,774
277916,6,3,8,1,774
277917,3,3,8,1,774
277918,3,3,8,1,774
277919,9,3,8,1,774
277921,9,3,8,1,774
277922,8,3,8,1,774
277926,6,3,8,1,805
277927,6,3,8,1,804
277928,3,3,8,1,804
277929,3,3,8,1,804
277930,8,3,8,1,804
277931,8,3,8,1,804
277935,6,3,8,1,827
277936,6,3,8,1,827
277937,3,3,8,1,827
277938,3,3,8,1,827
277939,9,3,8,1,827
277940,9,3,8,1,827
277941,8,3,8,1,827
277942,9,3,8,1,827
277946,10,3,8,1,827
277947,10,3,8,1,827
277948,10,3,8,1,827
277949,10,3,8,1,827
277950,8,3,8,1,827
277953,6,3,8,1,848
277954,6,3,8,1,848
277955,3,3,8,1,848
277956,3,3,8,1,848
277960,10,3,8,1,848
277961,10,3,8,1,848
277962,10,3,8,1,848
277963,10,3,8,1,848
277964,9,3,8,1,848
277965,8,3,8,1,848
277966,8,3,8,1,848
277967,8,3,8,1,848
277968,8,3,8,1,848
277971,3,3,8,1,863
277972,10,3,8,1,863
277973,10,3,8,1,863
277977,3,3,8,1,863
277978,8,3,8,1,863
277979,8,3,8,1,863
277983,6,3,8,1,863
277984,5,3,8,1,863
277988,10,3,8,1,863
277989,10,3,8,1,863
277992,6,3,8,1,863
277993,3,3,8,1,863
277994,8,3,8,1,863
277995,8,3,8,1,863
277999,17,69,8,0,730
278000,17,69,8,0,730
278001,11,69,8,0,730
278002,11,69,8,0,730
278004,17,69,8,0,730
278005,14,69,8,0,730
278006,11,69,8,0,730
278007,11,69,8,0,730
278009,17,69,8,0,730
278010,17,69,8,0,730
278011,11,69,8,0,730
278012,11,69,8,0,730
278014,17,69,8,0,730
278015,17,69,8,0,730
278016,11,69,8,0,730
278017,11,69,8,0,730
278019,17,69,8,0,730
278020,17,69,8,0,730
278021,17,69,8,0,730
278022,11,69,8,0,730
278025,17,69,8,0,730
278026,17,69,8,0,730
278027,11,69,8,0,730
278028,11,69,8,0,730
278031,17,69,8,0,730
278032,17,69,8,0,730
278033,17,69,8,0,730
278034,17,69,8,0,730
278039,14,69,8,0,730
278040,14,69,8,0,730
278041,11,69,8,0,730
278042,11,69,8,0,730
278045,17,69,8,0,730
278046,17,69,8,0,730
278049,17,69,8,0,774
278050,17,69,8,0,774
278051,14,69,8,0,774
278052,14,69,8,0,774
278053,11,69,8,0,774
278054,11,69,8,0,774
278060,17,69,8,0,827
278061,17,69,8,0,827
278062,14,69,8,0,827
278063,14,69,8,0,827
278064,11,69,8,0,827
278065,11,69,8,0,827
278068,17,69,8,0,863
278069,17,69,8,0,863
278072,15,69,8,0,863
278073,15,69,8,0,863
278076,13,58,8,1,710
278082,13,58,8,1,715
278088,13,58,8,1,720
278094,13,58,8,1,725
278100,13,58,8,1,730
278106,13,58,8,1,730
278112,13,58,8,1,736
278118,13,58,8,1,741
278124,13,58,8,1,746
278130,13,58,8,1,751
278136,13,58,8,1,756
278142,13,58,8,1,759
278148,13,58,8,1,764
278154,13,58,8,1,769
278160,13,58,8,1,774
278166,13,58,8,1,779
278172,13,58,8,1,784
278178,13,58,8,1,789
278184,13,58,8,1,794
278190,13,58,8,1,799
278196,13,58,8,1,804
278202,13,58,8,1,807
278208,13,58,8,1,812
278214,13,58,8,1,817
278220,13,58,8,1,822
278226,13,58,8,1,827
278232,13,58,8,1,833
278238,13,58,8,1,838
278244,13,58,8,1,843
278250,13,58,8,1,848
278256,13,58,8,1,853
278262,13,58,8,1,858
278268,13,58,8,1,863
278274,13,58,8,1,7
278280,13,58,8,1,10
278286,2,69,8,0,709
278291,2,69,8,0,728
278296,2,69,8,0,744
278301,2,69,8,0,746
278306,2,69,8,0,756
278311,2,69,8,0,803
278316,2,69,8,0,805
278321,2,69,8,0,847
278326,2,69,8,0,849
278331,2,69,8,0,858
278336,2,69,8,0,859
278341,4,58,8,1,730
278342,4,58,8,1,730
278343,4,58,8,1,730
278344,4,58,8,1,730
278345,4,58,8,1,730
278346,4,58,8,1,730
278347,4,58,8,1,730
278348,4,58,8,1,730
278349,4,58,8,1,729
278350,4,58,8,1,728
278351,4,58,8,1,727
278352,4,58,8,1,727
278353,4,58,8,1,726
278354,4,58,8,1,725
278355,4,58,8,1,724
278356,4,58,8,1,724
278357,4,58,8,1,723
278358,4,58,8,1,722
278359,4,58,8,1,722
278360,4,58,8,1,721
278361,4,58,8,1,720
278362,4,58,8,1,719
278363,4,58,8,1,718
278364,4,58,8,1,718
278365,4,58,8,1,717
278366,4,58,8,1,716
278367,4,58,8,1,715
278368,4,58,8,1,715
278369,4,58,8,1,714
278370,4,58,8,1,713
278371,4,58,8,1,712
278372,4,58,8,1,711
278373,4,58,8,1,710
278374,4,58,8,1,710
278375,4,58,8,1,709
278376,4,58,8,1,708
278377,4,58,8,1,730
278378,4,58,8,1,730
278379,4,58,8,1,731
278380,4,58,8,1,732
278381,4,58,8,1,733
278382,4,58,8,1,734
278383,4,58,8,1,735
278384,4,58,8,1,735
278385,4,58,8,1,736
278386,4,58,8,1,737
278387,4,58,8,1,738
278388,4,58,8,1,739
278389,4,58,8,1,740
278390,4,58,8,1,741
278391,4,58,8,1,742
278392,4,58,8,1,742
278393,4,58,8,1,744
278394,4,58,8,1,744
278395,4,58,8,1,745
278396,4,58,8,1,746
278397,4,58,8,1,747
278398,4,58,8,1,748
278399,4,58,8,1,749
278400,4,58,8,1,750
278401,4,58,8,1,750
278402,4,58,8,1,751
278403,4,58,8,1,752
278404,4,58,8,1,753
278405,4,58,8,1,754
278406,4,58,8,1,755
278407,4,58,8,1,756
278408,4,58,8,1,758
278409,4,58,8,1,759
278410,4,58,8,1,759
278416,4,58,8,1,788
278417,4,58,8,1,787
278418,4,58,8,1,786
278419,4,58,8,1,785
278420,4,58,8,1,784
278421,4,58,8,1,783
278422,4,58,8,1,783
278423,4,58,8,1,782
278424,4,58,8,1,781
278425,4,58,8,1,780
278426,4,58,8,1,779
278427,4,58,8,1,778
278428,4,58,8,1,778
278429,4,58,8,1,777
278430,4,58,8,1,776
278431,4,58,8,1,776
278432,4,58,8,1,775
278433,4,58,8,1,774
278434,4,58,8,1,775
278435,4,58,8,1,775
278436,4,58,8,1,774
278437,4,58,8,1,773
278438,4,58,8,1,772
278439,4,58,8,1,772
278440,4,58,8,1,771
278441,4,58,8,1,770
278442,4,58,8,1,769
278443,4,58,8,1,768
278444,4,58,8,1,767
278445,4,58,8,1,767
278446,4,58,8,1,766
278447,4,58,8,1,765
278448,4,58,8,1,764
278449,4,58,8,1,763
278450,4,58,8,1,762
278451,4,58,8,1,761
278452,4,58,8,1,760
278453,4,58,8,1,788
278454,4,58,8,1,789
278455,4,58,8,1,790
278456,4,58,8,1,791
278457,4,58,8,1,792
278458,4,58,8,1,793
278459,4,58,8,1,794
278460,4,58,8,1,795
278461,4,58,8,1,795
278462,4,58,8,1,796
278463,4,58,8,1,797
278464,4,58,8,1,797
278465,4,58,8,1,798
278466,4,58,8,1,799
278467,4,58,8,1,800
278468,4,58,8,1,800
278469,4,58,8,1,801
278470,4,58,8,1,802
278471,4,58,8,1,803
278472,4,58,8,1,804
278473,4,58,8,1,805
278474,4,58,8,1,806
278475,4,58,8,1,807
278476,4,58,8,1,808
278477,4,58,8,1,808
278478,4,58,8,1,809
278479,4,58,8,1,809
278480,4,58,8,1,811
278481,4,58,8,1,812
278482,4,58,8,1,813
278483,4,58,8,1,814
278484,4,58,8,1,815
278485,4,58,8,1,816
278486,4,58,8,1,817
278487,4,58,8,1,817
278488,4,58,8,1,818
278489,4,58,8,1,774
278490,4,58,8,1,774
278494,4,58,8,1,846
278495,4,58,8,1,845
278496,4,58,8,1,844
278497,4,58,8,1,844
278498,4,58,8,1,843
278499,4,58,8,1,842
278500,4,58,8,1,841
278501,4,58,8,1,840
278502,4,58,8,1,839
278503,4,58,8,1,839
278504,4,58,8,1,838
278505,4,58,8,1,837
278506,4,58,8,1,836
278507,4,58,8,1,835
278508,4,58,8,1,834
278509,4,58,8,1,833
278510,4,58,8,1,833
278511,4,58,8,1,832
278512,4,58,8,1,831
278513,4,58,8,1,830
278514,4,58,8,1,829
278515,4,58,8,1,828
278516,4,58,8,1,827
278517,4,58,8,1,827
278518,4,58,8,1,827
278519,4,58,8,1,826
278520,4,58,8,1,826
278521,4,58,8,1,826
278522,4,58,8,1,825
278523,4,58,8,1,824
278524,4,58,8,1,823
278525,4,58,8,1,822
278526,4,58,8,1,821
278527,4,58,8,1,820
278528,4,58,8,1,820
278529,4,58,8,1,819
278530,4,58,8,1,847
278531,4,58,8,1,847
278532,4,58,8,1,848
278533,4,58,8,1,849
278534,4,58,8,1,850
278535,4,58,8,1,851
278536,4,58,8,1,851
278537,4,58,8,1,852
278538,4,58,8,1,853
278539,4,58,8,1,855
278540,4,58,8,1,856
278541,4,58,8,1,857
278542,4,58,8,1,858
278543,4,58,8,1,859
278544,4,58,8,1,859
278545,4,58,8,1,860
278546,4,58,8,1,861
278547,4,58,8,1,861
278548,4,58,8,1,862
278549,4,58,8,1,862
278550,4,58,8,1,863
278551,4,58,8,1,863
278552,4,58,8,1,863
278553,4,58,8,1,863
278554,4,58,8,1,863
278555,4,58,8,1,863
278556,4,58,8,1,863
278557,4,58,8,1,863
278558,4,58,8,1,863
278559,4,58,8,1,863
278560,4,58,8,1,863
278561,4,58,8,1,863
278562,4,58,8,1,863
278563,4,58,8,1,863
278564,4,58,8,1,863
278565,4,58,8,1,863
278566,4,58,8,1,863
278567,4,58,8,1,863
278568,4,58,8,1,863
279899,8,3,8,1,730
279900,9,3,8,1,730
284123,3,19,6,1,91
284125,3,19,6,1,36
284182,8,3,8,1,774
284681,4,31,15,1,0
284682,4,31,15,1,0
284683,4,31,15,1,34
284684,4,31,15,1,34
284690,4,31,15,1,116
284691,4,31,15,1,116
284692,4,31,15,1,168
284693,19,31,15,1,168
284694,19,31,15,1,162
284695,4,31,15,1,168
284696,4,31,15,1,185
284697,4,31,15,1,185
284698,19,31,15,1,177
284699,19,31,15,1,185
284704,4,31,15,1,213
284705,4,31,15,1,213
284706,19,31,15,1,205
284707,19,31,15,1,213
284708,4,31,15,1,262
284709,4,31,15,1,262
284710,19,31,15,1,262
284711,19,31,15,1,255
284712,4,31,15,1,276
284713,4,31,15,1,276
284714,19,31,15,1,276
284715,19,31,15,1,267
284716,4,31,15,1,291
284717,4,31,15,1,291
284718,19,31,15,1,292
284719,19,31,15,1,284
284720,4,31,15,1,305
284721,4,31,15,1,305
284722,4,31,15,1,324
284723,4,31,15,1,324
284724,19,31,15,1,317
284725,19,31,15,1,324
284726,4,31,15,1,341
284727,4,31,15,1,341
284728,19,31,15,1,341
284729,4,31,15,1,373
284730,19,31,15,1,440
284731,19,31,15,1,440
284732,19,31,15,1,512
284846,4,31,15,1,15
284847,4,31,15,1,15
284848,19,31,15,1,15
284849,19,31,15,1,22
284850,19,31,15,1,22
284853,4,31,15,1,55
284854,4,31,15,1,55
284855,19,31,15,1,48
284856,19,31,15,1,42
284857,19,31,15,1,48
284858,19,31,15,1,60
284861,4,31,15,1,74
284862,4,31,15,1,74
284863,19,31,15,1,67
284864,19,31,15,1,74
284865,19,31,15,1,80
284868,4,31,15,1,93
284869,4,31,15,1,93
284870,19,31,15,1,86
284871,19,31,15,1,93
284874,4,31,15,1,103
284875,4,31,15,1,103
284876,19,31,15,1,105
284877,19,31,15,1,103
284878,19,31,15,1,98
284881,4,31,15,1,136
284882,4,31,15,1,136
284883,19,31,15,1,130
284884,19,31,15,1,136
284885,19,31,15,1,141
284888,4,31,15,1,154
284889,4,31,15,1,154
284890,19,31,15,1,146
284891,19,31,15,1,154
284894,4,31,15,1,227
284895,4,31,15,1,227
284896,19,31,15,1,220
284897,19,31,15,1,228
284898,19,31,15,1,235
284901,4,31,15,1,249
284902,4,31,15,1,249
284903,19,31,15,1,242
284904,19,31,15,1,249
284907,4,31,15,1,124
284908,4,31,15,1,124
284912,19,31,15,1,449
284913,19,31,15,1,456
284914,19,31,15,1,464
284917,19,31,15,1,472
284918,19,31,15,1,481
284921,19,31,15,1,489
284922,19,31,15,1,496
284923,19,31,15,1,503
284927,19,31,15,1,415
284928,19,31,15,1,424
285795,9,74,12,0,
285796,7,74,12,0,
285797,9,70,12,0,
285798,18,70,12,0,
285799,3,70,12,0,
285800,9,70,12,0,
285809,9,70,12,0,
285810,3,70,12,0,
285811,9,70,12,0,
285812,9,70,12,0,
285813,18,70,12,0,
285814,3,70,12,0,
285823,9,74,12,0,
285824,9,74,12,0,
285825,7,74,12,0,
285826,9,70,12,0,
285827,18,70,12,0,
285828,3,70,12,0,
285837,9,70,12,0,
285838,9,70,12,0,
285839,18,70,12,0,
285840,3,70,12,0,
285842,9,70,12,0,
285843,3,70,12,0,
285852,9,70,12,0,
285853,18,70,12,0,
285854,3,70,12,0,
285855,9,70,12,0,
285856,18,70,12,0,
285857,3,70,12,0,
285866,9,70,12,0,
285867,3,70,12,0,
285868,9,70,12,0,
285869,18,70,12,0,
285870,3,70,12,0,
285879,13,73,12,1,0
285885,13,73,12,1,5
285891,13,73,12,1,10
285897,13,73,12,1,15
285903,13,73,12,1,17
285909,13,73,12,1,22
285915,13,73,12,1,27
285921,13,73,12,1,32
285927,13,73,12,1,37
285933,13,73,12,1,42
285939,13,73,12,1,47
285945,13,73,12,1,52
285951,13,73,12,1,56
285957,13,73,12,1,60
285963,13,73,12,1,61
285969,13,73,12,1,61
285975,13,73,12,1,61
285981,13,73,12,1,61
285987,13,73,12,1,65
285993,13,73,12,1,70
285999,13,73,12,1,74
286005,13,73,12,1,77
286011,13,73,12,1,77
286017,13,73,12,1,77
286023,13,73,12,1,78
286029,13,73,12,1,83
286035,13,73,12,1,88
286041,13,73,12,1,93
286047,13,73,12,1,98
286053,13,73,12,1,101
286059,13,73,12,1,106
286065,13,73,12,1,111
286071,13,73,12,1,116
286077,13,73,12,1,121
286083,13,73,12,1,123
286089,13,73,12,1,128
286095,13,73,12,1,133
286101,13,73,12,1,138
286107,13,73,12,1,143
286113,13,73,12,1,146
286119,13,73,12,1,146
286125,13,73,12,1,148
286131,13,73,12,1,153
286137,13,73,12,1,157
286143,13,73,12,1,499
286149,13,73,12,1,496
286155,13,73,12,1,492
286161,13,73,12,1,489
286167,13,73,12,1,484
286173,13,73,12,1,479
286179,13,73,12,1,474
286185,13,73,12,1,470
286191,13,73,12,1,465
286197,13,73,12,1,460
286203,13,73,12,1,459
286209,13,73,12,1,455
286215,13,73,12,1,451
286221,13,73,12,1,446
286227,13,73,12,1,443
286233,13,73,12,1,438
286239,13,73,12,1,433
286245,13,73,12,1,430
286251,13,73,12,1,429
286257,13,73,12,1,424
286263,13,73,12,1,420
286269,13,73,12,1,415
286275,13,73,12,1,410
286281,13,73,12,1,405
286287,13,73,12,1,401
286293,13,73,12,1,399
286299,13,73,12,1,399
286305,13,73,12,1,399
286311,13,73,12,1,396
286317,13,73,12,1,391
286323,13,73,12,1,386
286329,13,73,12,1,381
286335,13,73,12,1,375
286341,13,73,12,1,372
286347,13,73,12,1,368
286353,13,73,12,1,363
286359,13,73,12,1,358
286365,13,73,12,1,353
286371,13,73,12,1,348
286377,13,73,12,1,344
286383,13,73,12,1,340
286389,13,73,12,1,338
286395,13,73,12,1,333
286401,13,73,12,1,328
286407,13,73,12,1,323
286413,13,73,12,1,319
286419,13,73,12,1,314
286425,13,73,12,1,310
286431,13,73,12,1,306
286437,13,73,12,1,301
286443,13,73,12,1,299
286449,13,73,12,1,294
286455,13,73,12,1,289
286461,13,73,12,1,284
286467,13,73,12,1,280
286473,13,73,12,1,275
286479,13,73,12,1,270
286485,13,73,12,1,270
286491,13,73,12,1,269
286497,13,73,12,1,264
286503,13,73,12,1,262
286509,13,73,12,1,257
286515,13,73,12,1,252
286521,13,73,12,1,247
286527,13,73,12,1,242
286533,13,73,12,1,237
286539,13,73,12,1,232
286545,13,73,12,1,230
286551,13,73,12,1,227
286557,13,73,12,1,222
286563,13,73,12,1,217
286569,13,73,12,1,213
286575,13,73,12,1,209
286581,13,73,12,1,204
286587,13,73,12,1,200
286663,4,70,12,0,
286664,4,70,12,0,
286665,12,70,12,0,
286666,4,70,12,0,
286667,4,70,12,0,
286668,4,70,12,0,
286669,4,70,12,0,
286670,4,70,12,0,
286671,4,70,12,0,
286672,4,70,12,0,
286673,4,70,12,0,
286674,4,70,12,0,
286675,4,70,12,0,
286676,12,70,12,0,
286677,4,70,12,0,
286678,4,70,12,0,
286679,4,70,12,0,
286680,4,70,12,0,
286681,4,70,12,0,
286682,4,70,12,0,
286683,4,70,12,0,
286684,4,70,12,0,
286685,4,70,12,0,
286686,4,70,12,0,
286687,4,70,12,0,
286688,4,70,12,0,
286689,4,70,12,0,
286690,4,70,12,0,
286691,4,70,12,0,
286692,4,70,12,0,
286693,12,70,12,0,
286694,4,70,12,0,
286695,4,70,12,0,
286696,4,70,12,0,
286697,4,70,12,0,
286698,4,70,12,0,
286699,4,70,12,0,
286805,16,70,12,0,
286806,16,72,12,1,
286808,3,72,12,1,0
286809,9,72,12,1,0
286810,6,72,12,1,16
286811,9,72,12,1,17
286812,6,72,12,1,18
286813,3,72,12,1,17
286814,3,72,12,1,17
286815,8,72,12,1,17
286816,9,72,12,1,17
286817,9,72,12,1,17
286818,6,72,12,1,35
286819,3,72,12,1,36
286820,9,72,12,1,36
286821,6,72,12,1,38
286822,3,72,12,1,37
286823,8,72,12,1,37
286824,9,72,12,1,37
286825,6,72,12,1,55
286826,3,72,12,1,56
286827,9,72,12,1,56
286828,6,72,12,1,58
286829,3,72,12,1,57
286830,6,72,12,1,61
286831,3,72,12,1,61
286832,9,72,12,1,61
286833,6,72,12,1,61
286834,3,72,12,1,61
286835,8,72,12,1,61
286836,5,72,12,1,61
286837,3,72,12,1,61
286838,9,72,12,1,61
286839,6,72,12,1,73
286840,3,72,12,1,74
286841,9,72,12,1,74
286842,8,72,12,1,74
286843,6,72,12,1,76
286844,3,72,12,1,75
286845,9,72,12,1,75
286846,6,72,12,1,77
286847,3,72,12,1,77
286848,8,72,12,1,77
286849,5,72,12,1,77
286850,3,72,12,1,77
286851,9,72,12,1,77
286852,6,72,12,1,80
286853,3,72,12,1,79
286854,9,72,12,1,79
286855,8,72,12,1,79
286856,9,72,12,1,78
286857,6,72,12,1,99
286858,3,72,12,1,100
286859,9,72,12,1,100
286860,6,72,12,1,102
286861,3,72,12,1,101
286862,9,72,12,1,101
286863,8,72,12,1,101
286864,6,72,12,1,122
286865,3,72,12,1,123
286866,9,72,12,1,123
286867,6,72,12,1,123
286868,3,72,12,1,123
286869,9,72,12,1,123
286870,8,72,12,1,123
286871,6,72,12,1,143
286872,3,72,12,1,144
286873,9,72,12,1,144
286874,9,74,12,0,146
286875,7,74,12,0,146
286877,6,72,12,1,146
286878,9,72,12,1,146
286879,9,72,12,1,146
286880,8,72,12,1,145
286881,3,72,12,1,145
286882,6,72,12,1,147
286883,5,72,12,1,146
286884,6,72,12,1,155
286885,3,72,12,1,157
286886,9,72,12,1,157
286887,8,72,12,1,157
286888,3,72,12,1,500
286889,9,72,12,1,500
286890,6,72,12,1,490
286891,3,72,12,1,489
286892,9,72,12,1,489
286893,6,72,12,1,488
286894,3,72,12,1,489
286895,9,72,12,1,489
286896,8,72,12,1,489
286897,9,72,12,1,489
286898,6,72,12,1,471
286899,3,72,12,1,470
286900,9,72,12,1,470
286901,6,72,12,1,469
286902,3,72,12,1,470
286903,6,72,12,1,461
286904,3,72,12,1,460
286905,9,72,12,1,460
286906,9,72,12,1,460
286907,6,72,12,1,458
286908,3,72,12,1,459
286909,9,72,12,1,459
286910,8,72,12,1,459
286911,9,72,12,1,459
286912,6,72,12,1,448
286913,3,72,12,1,447
286914,6,72,12,1,446
286915,3,72,12,1,446
286917,6,72,12,1,430
286918,3,72,12,1,430
286919,9,72,12,1,430
286920,6,72,12,1,428
286921,3,72,12,1,429
286922,9,72,12,1,429
286923,9,72,12,1,429
286924,6,72,12,1,422
286925,3,72,12,1,421
286926,6,72,12,1,420
286927,3,72,12,1,420
286928,9,72,12,1,420
286929,6,72,12,1,400
286930,3,72,12,1,399
286931,9,72,12,1,399
286932,6,72,12,1,399
286933,3,72,12,1,399
286934,9,72,12,1,399
286935,8,72,12,1,399
286936,5,72,12,1,399
286937,6,72,12,1,399
286938,3,72,12,1,399
286939,8,72,12,1,399
286940,9,74,12,0,399
286941,7,74,12,0,399
286942,9,74,12,0,399
286943,9,74,12,0,399
286944,7,74,12,0,399
286945,6,72,12,1,398
286946,9,72,12,1,399
286947,6,72,12,1,388
286948,6,72,12,1,386
286949,3,72,12,1,387
286950,6,72,12,1,374
286951,3,72,12,1,373
286952,9,72,12,1,373
286953,6,72,12,1,371
286954,3,72,12,1,372
286955,6,72,12,1,355
286956,3,72,12,1,354
286957,9,72,12,1,354
286958,10,72,12,1,355
286959,6,72,12,1,353
286960,3,72,12,1,353
286961,6,72,12,1,341
286962,3,72,12,1,340
286963,9,72,12,1,340
286964,8,72,12,1,340
286967,9,72,12,1,340
286968,6,72,12,1,337
286969,3,72,12,1,339
286970,9,72,12,1,338
286971,9,72,12,1,339
286972,6,72,12,1,327
286973,3,72,12,1,326
286974,9,72,12,1,325
286975,6,72,12,1,324
286976,3,72,12,1,325
286977,6,72,12,1,311
286978,3,72,12,1,310
286979,9,72,12,1,310
286980,8,72,12,1,310
286981,9,72,12,1,310
286982,6,72,12,1,309
286983,3,72,12,1,310
286984,9,72,12,1,310
286985,6,72,12,1,300
286986,3,72,12,1,299
286987,9,72,12,1,299
286988,8,72,12,1,299
286989,6,72,12,1,297
286990,3,72,12,1,298
286991,9,72,12,1,298
286992,6,72,12,1,285
286993,3,72,12,1,283
286994,9,72,12,1,284
286995,8,72,12,1,283
286996,9,72,12,1,284
286997,6,72,12,1,282
286998,3,72,12,1,283
286999,9,72,12,1,283
287000,9,74,12,0,270
287001,7,74,12,0,270
287002,6,72,12,1,270
287003,5,72,12,1,270
287005,6,72,12,1,265
287006,3,72,12,1,264
287007,9,72,12,1,264
287008,8,72,12,1,264
287009,9,72,12,1,264
287010,9,72,12,1,264
287011,6,72,12,1,261
287012,3,72,12,1,262
287013,9,72,12,1,262
287015,3,72,12,1,263
287016,6,72,12,1,231
287017,3,72,12,1,230
287018,9,72,12,1,230
287019,9,72,12,1,230
287020,6,72,12,1,230
287021,3,72,12,1,229
287022,9,72,12,1,230
287023,8,72,12,1,229
287024,5,72,12,1,230
287025,6,72,12,1,229
287026,6,72,12,1,205
287027,3,72,12,1,205
287028,9,72,12,1,204
287029,6,72,12,1,203
287030,3,72,12,1,204
287031,9,72,12,1,200
287032,3,72,12,1,200
287065,4,73,12,1,0
287066,4,73,12,1,0
287067,4,73,12,1,0
287068,4,73,12,1,1
287069,4,73,12,1,2
287070,4,73,12,1,2
287071,4,73,12,1,2
287072,4,73,12,1,2
287073,4,73,12,1,3
287074,4,73,12,1,4
287075,4,73,12,1,4
287076,4,73,12,1,5
287077,4,73,12,1,5
287078,4,73,12,1,5
287079,4,73,12,1,5
287080,4,73,12,1,5
287081,4,73,12,1,5
287082,4,73,12,1,5
287083,4,73,12,1,6
287084,4,73,12,1,7
287085,4,73,12,1,8
287086,4,73,12,1,8
287087,4,73,12,1,9
287088,4,73,12,1,10
287089,4,73,12,1,11
287090,4,73,12,1,12
287091,4,73,12,1,13
287092,4,73,12,1,14
287093,4,73,12,1,15
287094,4,73,12,1,15
287095,4,73,12,1,16
287096,4,73,12,1,16
287097,4,73,12,1,17
287098,4,73,12,1,16
287099,4,73,12,1,16
287100,4,73,12,1,17
287101,4,73,12,1,17
287102,4,73,12,1,17
287103,4,73,12,1,17
287104,4,73,12,1,17
287105,4,73,12,1,17
287106,4,73,12,1,17
287107,4,73,12,1,17
287108,4,73,12,1,18
287109,4,73,12,1,19
287110,4,73,12,1,19
287111,4,73,12,1,20
287112,4,73,12,1,21
287113,4,73,12,1,22
287114,4,73,12,1,23
287115,4,73,12,1,24
287116,4,73,12,1,25
287117,4,73,12,1,25
287118,4,73,12,1,25
287119,4,73,12,1,26
287120,4,73,12,1,27
287121,4,73,12,1,27
287122,4,73,12,1,28
287123,4,73,12,1,29
287124,4,73,12,1,30
287125,4,73,12,1,31
287126,4,73,12,1,32
287127,4,73,12,1,33
287128,4,73,12,1,34
287129,4,73,12,1,35
287130,4,73,12,1,36
287131,4,73,12,1,36
287132,4,73,12,1,36
287135,4,73,12,1,37
287136,4,73,12,1,37
287137,4,73,12,1,37
287138,4,73,12,1,37
287139,4,73,12,1,37
287140,4,73,12,1,37
287141,4,73,12,1,36
287142,4,73,12,1,37
287143,4,73,12,1,38
287144,4,73,12,1,39
287145,4,73,12,1,39
287146,4,73,12,1,40
287147,4,73,12,1,41
287148,4,73,12,1,42
287149,4,73,12,1,43
287150,4,73,12,1,43
287151,4,73,12,1,43
287152,4,73,12,1,43
287153,4,73,12,1,43
287154,4,73,12,1,43
287155,4,73,12,1,43
287156,4,73,12,1,44
287157,4,73,12,1,45
287158,4,73,12,1,46
287159,4,73,12,1,46
287160,4,73,12,1,47
287161,4,73,12,1,48
287162,4,73,12,1,49
287163,4,73,12,1,50
287164,4,73,12,1,51
287165,4,73,12,1,52
287166,4,73,12,1,53
287167,4,73,12,1,54
287168,4,73,12,1,55
287169,4,73,12,1,56
287170,4,73,12,1,57
287171,4,73,12,1,57
287172,4,73,12,1,58
287173,4,73,12,1,59
287174,4,73,12,1,60
287175,4,73,12,1,60
287176,4,73,12,1,61
287177,4,73,12,1,61
287178,4,73,12,1,61
287179,4,73,12,1,61
287180,4,73,12,1,61
287181,4,73,12,1,61
287182,4,73,12,1,61
287183,4,73,12,1,61
287184,4,73,12,1,61
287185,4,73,12,1,61
287186,4,73,12,1,61
287187,4,73,12,1,61
287188,4,73,12,1,61
287189,4,73,12,1,61
287190,4,73,12,1,61
287191,4,73,12,1,61
287192,4,73,12,1,61
287193,4,73,12,1,61
287194,4,73,12,1,61
287195,4,73,12,1,61
287196,4,73,12,1,61
287197,4,73,12,1,61
287198,4,73,12,1,61
287199,4,73,12,1,61
287200,4,73,12,1,61
287201,4,73,12,1,61
287202,4,73,12,1,61
287203,4,73,12,1,61
287204,4,73,12,1,61
287205,4,73,12,1,61
287206,4,73,12,1,61
287209,4,73,12,1,61
287210,4,73,12,1,62
287211,4,73,12,1,62
287212,4,73,12,1,63
287213,4,73,12,1,64
287214,4,73,12,1,65
287215,4,73,12,1,66
287216,4,73,12,1,67
287217,4,73,12,1,68
287218,4,73,12,1,69
287219,4,73,12,1,70
287220,4,73,12,1,71
287221,4,73,12,1,72
287222,4,73,12,1,73
287223,4,73,12,1,73
287224,4,73,12,1,73
287225,4,73,12,1,73
287226,4,73,12,1,74
287227,4,73,12,1,74
287228,4,73,12,1,74
287229,4,73,12,1,74
287230,4,73,12,1,74
287231,4,73,12,1,75
287232,4,73,12,1,75
287233,4,73,12,1,75
287234,4,73,12,1,75
287235,4,73,12,1,75
287236,4,73,12,1,76
287237,4,73,12,1,76
287238,4,73,12,1,77
287239,4,73,12,1,77
287240,4,73,12,1,78
287241,4,73,12,1,77
287242,4,73,12,1,77
287243,4,73,12,1,77
287244,4,73,12,1,77
287245,4,73,12,1,77
287246,4,73,12,1,77
287247,4,73,12,1,77
287248,4,73,12,1,77
287249,4,73,12,1,77
287250,4,73,12,1,77
287251,4,73,12,1,77
287252,4,73,12,1,77
287253,4,73,12,1,77
287254,4,73,12,1,77
287255,4,73,12,1,77
287256,4,73,12,1,77
287257,4,73,12,1,77
287258,4,73,12,1,77
287259,4,73,12,1,77
287260,4,73,12,1,77
287261,4,73,12,1,77
287262,4,73,12,1,77
287265,4,73,12,1,78
287266,4,73,12,1,78
287267,4,73,12,1,78
287268,4,73,12,1,79
287269,4,73,12,1,79
287270,4,73,12,1,79
287271,4,73,12,1,79
287272,4,73,12,1,79
287273,4,73,12,1,80
287274,4,73,12,1,80
287275,4,73,12,1,81
287276,4,73,12,1,82
287277,4,73,12,1,83
287278,4,73,12,1,84
287279,4,73,12,1,85
287280,4,73,12,1,86
287281,4,73,12,1,86
287282,4,73,12,1,87
287283,4,73,12,1,87
287284,4,73,12,1,88
287285,4,73,12,1,88
287286,4,73,12,1,88
287287,4,73,12,1,88
287288,4,73,12,1,89
287289,4,73,12,1,90
287290,4,73,12,1,91
287291,4,73,12,1,92
287292,4,73,12,1,93
287293,4,73,12,1,94
287294,4,73,12,1,95
287295,4,73,12,1,96
287296,4,73,12,1,97
287297,4,73,12,1,98
287298,4,73,12,1,99
287299,4,73,12,1,100
287300,4,73,12,1,100
287301,4,73,12,1,100
287302,4,73,12,1,100
287303,4,73,12,1,100
287304,4,73,12,1,101
287305,4,73,12,1,101
287306,4,73,12,1,101
287307,4,73,12,1,101
287308,4,73,12,1,101
287309,4,73,12,1,101
287310,4,73,12,1,102
287311,4,73,12,1,102
287312,4,73,12,1,104
287313,4,73,12,1,104
287314,4,73,12,1,105
287315,4,73,12,1,106
287316,4,73,12,1,107
287317,4,73,12,1,108
287318,4,73,12,1,109
287319,4,73,12,1,109
287320,4,73,12,1,110
287321,4,73,12,1,110
287322,4,73,12,1,110
287323,4,73,12,1,110
287324,4,73,12,1,111
287325,4,73,12,1,112
287326,4,73,12,1,113
287327,4,73,12,1,114
287328,4,73,12,1,115
287329,4,73,12,1,115
287330,4,73,12,1,116
287331,4,73,12,1,117
287332,4,73,12,1,118
287333,4,73,12,1,119
287334,4,73,12,1,120
287335,4,73,12,1,121
287336,4,73,12,1,122
287340,4,73,12,1,122
287341,4,73,12,1,123
287342,4,73,12,1,123
287343,4,73,12,1,123
287344,4,73,12,1,123
287345,4,73,12,1,124
287346,4,73,12,1,124
287347,4,73,12,1,124
287348,4,73,12,1,124
287349,4,73,12,1,123
287350,4,73,12,1,124
287351,4,73,12,1,125
287352,4,73,12,1,126
287353,4,73,12,1,127
287354,4,73,12,1,127
287355,4,73,12,1,128
287356,4,73,12,1,129
287357,4,73,12,1,130
287358,4,73,12,1,131
287359,4,73,12,1,132
287360,4,73,12,1,132
287361,4,73,12,1,133
287362,4,73,12,1,134
287363,4,73,12,1,135
287364,4,73,12,1,136
287365,4,73,12,1,137
287366,4,73,12,1,138
287367,4,73,12,1,139
287368,4,73,12,1,140
287369,4,73,12,1,141
287370,4,73,12,1,141
287371,4,73,12,1,141
287372,4,73,12,1,141
287373,4,73,12,1,141
287374,4,73,12,1,142
287375,4,73,12,1,143
287376,4,73,12,1,143
287377,4,73,12,1,144
287378,4,73,12,1,144
287379,4,73,12,1,144
287380,4,73,12,1,145
287381,4,73,12,1,146
287382,4,73,12,1,146
287383,4,73,12,1,146
287384,4,73,12,1,146
287385,4,73,12,1,146
287386,4,73,12,1,146
287387,4,73,12,1,146
287388,4,73,12,1,146
287389,4,73,12,1,146
287390,4,73,12,1,147
287391,4,73,12,1,148
287392,4,73,12,1,149
287393,4,73,12,1,150
287394,4,73,12,1,151
287395,4,73,12,1,152
287396,4,73,12,1,153
287397,4,73,12,1,154
287398,4,73,12,1,155
287399,4,73,12,1,155
287400,4,73,12,1,157
287401,4,73,12,1,157
287402,4,73,12,1,157
287403,4,73,12,1,157
287404,4,73,12,1,157
287405,4,73,12,1,157
287406,4,73,12,1,158
287407,4,73,12,1,158
287408,4,73,12,1,124
287409,4,73,12,1,144
287410,4,73,12,1,157
287411,4,73,12,1,157
287414,4,73,12,1,500
287415,4,73,12,1,499
287416,4,73,12,1,499
287417,4,73,12,1,498
287418,4,73,12,1,497
287419,4,73,12,1,496
287420,4,73,12,1,496
287421,4,73,12,1,495
287422,4,73,12,1,494
287423,4,73,12,1,493
287424,4,73,12,1,492
287425,4,73,12,1,491
287426,4,73,12,1,490
287427,4,73,12,1,489
287428,4,73,12,1,489
287429,4,73,12,1,489
287430,4,73,12,1,489
287431,4,73,12,1,488
287432,4,73,12,1,488
287433,4,73,12,1,488
287434,4,73,12,1,488
287435,4,73,12,1,487
287436,4,73,12,1,486
287437,4,73,12,1,486
287438,4,73,12,1,486
287439,4,73,12,1,486
287440,4,73,12,1,485
287441,4,73,12,1,484
287442,4,73,12,1,483
287443,4,73,12,1,482
287444,4,73,12,1,481
287445,4,73,12,1,480
287446,4,73,12,1,479
287447,4,73,12,1,478
287448,4,73,12,1,477
287449,4,73,12,1,476
287450,4,73,12,1,475
287451,4,73,12,1,473
287452,4,73,12,1,472
287453,4,73,12,1,471
287454,4,73,12,1,471
287455,4,73,12,1,470
287456,4,73,12,1,468
287457,4,73,12,1,467
287458,4,73,12,1,466
287459,4,73,12,1,465
287460,4,73,12,1,464
287461,4,73,12,1,463
287462,4,73,12,1,462
287463,4,73,12,1,462
287464,4,73,12,1,461
287465,4,73,12,1,459
287466,4,73,12,1,459
287467,4,73,12,1,459
287468,4,73,12,1,459
287469,4,73,12,1,459
287470,4,73,12,1,459
287471,4,73,12,1,458
287472,4,73,12,1,457
287473,4,73,12,1,457
287474,4,73,12,1,457
287475,4,73,12,1,456
287476,4,73,12,1,455
287477,4,73,12,1,454
287478,4,73,12,1,454
287479,4,73,12,1,453
287480,4,73,12,1,452
287481,4,73,12,1,451
287482,4,73,12,1,450
287483,4,73,12,1,448
287486,4,73,12,1,447
287487,4,73,12,1,447
287488,4,73,12,1,447
287489,4,73,12,1,447
287490,4,73,12,1,447
287491,4,73,12,1,447
287492,4,73,12,1,447
287493,4,73,12,1,446
287494,4,73,12,1,445
287495,4,73,12,1,444
287496,4,73,12,1,443
287497,4,73,12,1,442
287498,4,73,12,1,441
287499,4,73,12,1,440
287500,4,73,12,1,440
287501,4,73,12,1,439
287502,4,73,12,1,438
287503,4,73,12,1,438
287504,4,73,12,1,437
287505,4,73,12,1,436
287506,4,73,12,1,435
287507,4,73,12,1,434
287508,4,73,12,1,433
287509,4,73,12,1,431
287510,4,73,12,1,430
287511,4,73,12,1,430
287512,4,73,12,1,429
287513,4,73,12,1,429
287514,4,73,12,1,429
287515,4,73,12,1,429
287516,4,73,12,1,428
287517,4,73,12,1,427
287518,4,73,12,1,426
287519,4,73,12,1,425
287520,4,73,12,1,424
287521,4,73,12,1,423
287522,4,73,12,1,422
287523,4,73,12,1,421
287524,4,73,12,1,421
287525,4,73,12,1,420
287526,4,73,12,1,419
287527,4,73,12,1,418
287528,4,73,12,1,417
287529,4,73,12,1,416
287530,4,73,12,1,415
287531,4,73,12,1,414
287532,4,73,12,1,413
287533,4,73,12,1,413
287534,4,73,12,1,412
287535,4,73,12,1,411
287536,4,73,12,1,410
287537,4,73,12,1,409
287538,4,73,12,1,408
287539,4,73,12,1,407
287540,4,73,12,1,406
287541,4,73,12,1,405
287542,4,73,12,1,404
287543,4,73,12,1,403
287544,4,73,12,1,402
287545,4,73,12,1,402
287546,4,73,12,1,401
287547,4,73,12,1,401
287548,4,73,12,1,401
287549,4,73,12,1,401
287550,4,73,12,1,401
287551,4,73,12,1,400
287552,4,73,12,1,400
287553,4,73,12,1,399
287554,4,73,12,1,399
287555,4,73,12,1,399
287556,4,73,12,1,428
287557,4,73,12,1,427
287558,4,73,12,1,426
287559,4,73,12,1,425
287560,4,73,12,1,425
287563,4,73,12,1,399
287564,4,73,12,1,399
287565,4,73,12,1,399
287566,4,73,12,1,399
287567,4,73,12,1,399
287568,4,73,12,1,399
287569,4,73,12,1,399
287570,4,73,12,1,398
287571,4,73,12,1,398
287572,4,73,12,1,398
287573,4,73,12,1,398
287574,4,73,12,1,397
287575,4,73,12,1,396
287576,4,73,12,1,395
287577,4,73,12,1,394
287578,4,73,12,1,393
287579,4,73,12,1,392
287580,4,73,12,1,391
287581,4,73,12,1,390
287582,4,73,12,1,389
287583,4,73,12,1,389
287584,4,73,12,1,388
287585,4,73,12,1,388
287586,4,73,12,1,387
287587,4,73,12,1,386
287588,4,73,12,1,385
287589,4,73,12,1,384
287590,4,73,12,1,383
287591,4,73,12,1,382
287592,4,73,12,1,381
287593,4,73,12,1,380
287594,4,73,12,1,379
287595,4,73,12,1,379
287596,4,73,12,1,378
287597,4,73,12,1,377
287598,4,73,12,1,376
287599,4,73,12,1,375
287600,4,73,12,1,374
287601,4,73,12,1,373
287602,4,73,12,1,373
287603,4,73,12,1,372
287604,4,73,12,1,371
287605,4,73,12,1,371
287606,4,73,12,1,371
287607,4,73,12,1,370
287608,4,73,12,1,369
287609,4,73,12,1,368
287610,4,73,12,1,367
287611,4,73,12,1,366
287612,4,73,12,1,365
287613,4,73,12,1,364
287614,4,73,12,1,363
287615,4,73,12,1,362
287616,4,73,12,1,361
287617,4,73,12,1,360
287618,4,73,12,1,359
287619,4,73,12,1,359
287620,4,73,12,1,358
287621,4,73,12,1,357
287622,4,73,12,1,384
287623,4,73,12,1,383
287624,4,73,12,1,383
287627,4,73,12,1,357
287628,4,73,12,1,357
287629,4,73,12,1,357
287630,4,73,12,1,357
287631,4,73,12,1,356
287632,4,73,12,1,356
287633,4,73,12,1,356
287634,4,73,12,1,356
287635,4,73,12,1,355
287636,4,73,12,1,354
287637,4,73,12,1,353
287638,4,73,12,1,352
287639,4,73,12,1,351
287640,4,73,12,1,350
287641,4,73,12,1,349
287642,4,73,12,1,348
287643,4,73,12,1,347
287644,4,73,12,1,346
287645,4,73,12,1,345
287646,4,73,12,1,344
287647,4,73,12,1,343
287648,4,73,12,1,342
287649,4,73,12,1,341
287650,4,73,12,1,341
287651,4,73,12,1,341
287652,4,73,12,1,340
287653,4,73,12,1,340
287654,4,73,12,1,340
287655,4,73,12,1,340
287656,4,73,12,1,340
287657,4,73,12,1,339
287658,4,73,12,1,339
287659,4,73,12,1,339
287660,4,73,12,1,338
287661,4,73,12,1,338
287662,4,73,12,1,338
287663,4,73,12,1,338
287664,4,73,12,1,337
287665,4,73,12,1,336
287666,4,73,12,1,335
287667,4,73,12,1,334
287668,4,73,12,1,333
287669,4,73,12,1,332
287670,4,73,12,1,331
287671,4,73,12,1,330
287672,4,73,12,1,329
287673,4,73,12,1,328
287674,4,73,12,1,327
287675,4,73,12,1,326
287676,4,73,12,1,325
287677,4,73,12,1,325
287678,4,73,12,1,324
287679,4,73,12,1,323
287680,4,73,12,1,322
287681,4,73,12,1,321
287682,4,73,12,1,320
287683,4,73,12,1,319
287684,4,73,12,1,318
287685,4,73,12,1,317
287686,4,73,12,1,316
287687,4,73,12,1,315
287688,4,73,12,1,314
287689,4,73,12,1,313
287690,4,73,12,1,312
287691,4,73,12,1,341
287692,4,73,12,1,340
287695,4,73,12,1,311
287696,4,73,12,1,311
287697,4,73,12,1,311
287698,4,73,12,1,311
287699,4,73,12,1,310
287700,4,73,12,1,310
287701,4,73,12,1,310
287702,4,73,12,1,310
287703,4,73,12,1,310
287704,4,73,12,1,310
287705,4,73,12,1,310
287706,4,73,12,1,309
287707,4,73,12,1,309
287708,4,73,12,1,308
287709,4,73,12,1,307
287710,4,73,12,1,306
287711,4,73,12,1,306
287712,4,73,12,1,305
287713,4,73,12,1,304
287714,4,73,12,1,303
287715,4,73,12,1,302
287716,4,73,12,1,301
287717,4,73,12,1,300
287718,4,73,12,1,299
287719,4,73,12,1,299
287720,4,73,12,1,299
287721,4,73,12,1,299
287722,4,73,12,1,299
287723,4,73,12,1,299
287724,4,73,12,1,299
287725,4,73,12,1,299
287726,4,73,12,1,298
287727,4,73,12,1,298
287728,4,73,12,1,298
287729,4,73,12,1,297
287730,4,73,12,1,296
287731,4,73,12,1,296
287732,4,73,12,1,295
287733,4,73,12,1,294
287734,4,73,12,1,293
287735,4,73,12,1,292
287736,4,73,12,1,291
287737,4,73,12,1,291
287738,4,73,12,1,290
287739,4,73,12,1,289
287740,4,73,12,1,288
287741,4,73,12,1,287
287742,4,73,12,1,286
287743,4,73,12,1,285
287744,4,73,12,1,284
287745,4,73,12,1,284
287746,4,73,12,1,284
287747,4,73,12,1,284
287748,4,73,12,1,283
287749,4,73,12,1,283
287750,4,73,12,1,283
287751,4,73,12,1,282
287752,4,73,12,1,282
287753,4,73,12,1,281
287754,4,73,12,1,281
287755,4,73,12,1,280
287756,4,73,12,1,280
287757,4,73,12,1,280
287758,4,73,12,1,280
287759,4,73,12,1,280
287762,4,73,12,1,279
287763,4,73,12,1,278
287764,4,73,12,1,277
287765,4,73,12,1,276
287766,4,73,12,1,275
287767,4,73,12,1,274
287768,4,73,12,1,274
287769,4,73,12,1,273
287770,4,73,12,1,272
287771,4,73,12,1,271
287772,4,73,12,1,270
287773,4,73,12,1,270
287774,4,73,12,1,269
287775,4,73,12,1,269
287776,4,73,12,1,269
287777,4,73,12,1,269
287778,4,73,12,1,268
287779,4,73,12,1,268
287780,4,73,12,1,267
287781,4,73,12,1,266
287782,4,73,12,1,265
287783,4,73,12,1,264
287784,4,73,12,1,264
287785,4,73,12,1,264
287786,4,73,12,1,264
287787,4,73,12,1,264
287788,4,73,12,1,264
287789,4,73,12,1,264
287790,4,73,12,1,263
287791,4,73,12,1,263
287792,4,73,12,1,263
287793,4,73,12,1,262
287794,4,73,12,1,262
287795,4,73,12,1,262
287796,4,73,12,1,262
287797,4,73,12,1,262
287798,4,73,12,1,261
287799,4,73,12,1,260
287800,4,73,12,1,260
287801,4,73,12,1,259
287802,4,73,12,1,258
287803,4,73,12,1,257
287804,4,73,12,1,256
287805,4,73,12,1,255
287806,4,73,12,1,254
287807,4,73,12,1,253
287808,4,73,12,1,252
287809,4,73,12,1,252
287810,4,73,12,1,250
287811,4,73,12,1,249
287812,4,73,12,1,249
287813,4,73,12,1,248
287814,4,73,12,1,247
287815,4,73,12,1,246
287816,4,73,12,1,245
287817,4,73,12,1,244
287818,4,73,12,1,243
287819,4,73,12,1,242
287820,4,73,12,1,242
287821,4,73,12,1,241
287822,4,73,12,1,240
287825,4,73,12,1,239
287826,4,73,12,1,238
287827,4,73,12,1,238
287828,4,73,12,1,238
287829,4,73,12,1,238
287830,4,73,12,1,237
287831,4,73,12,1,236
287832,4,73,12,1,236
287833,4,73,12,1,235
287834,4,73,12,1,234
287835,4,73,12,1,233
287836,4,73,12,1,232
287837,4,73,12,1,231
287838,4,73,12,1,231
287839,4,73,12,1,231
287840,4,73,12,1,231
287841,4,73,12,1,231
287842,4,73,12,1,230
287843,4,73,12,1,230
287844,4,73,12,1,230
287845,4,73,12,1,230
287846,4,73,12,1,230
287847,4,73,12,1,230
287848,4,73,12,1,229
287849,4,73,12,1,228
287850,4,73,12,1,227
287851,4,73,12,1,226
287852,4,73,12,1,225
287853,4,73,12,1,224
287854,4,73,12,1,223
287855,4,73,12,1,223
287856,4,73,12,1,222
287857,4,73,12,1,221
287858,4,73,12,1,220
287859,4,73,12,1,220
287860,4,73,12,1,219
287861,4,73,12,1,218
287862,4,73,12,1,217
287863,4,73,12,1,216
287864,4,73,12,1,215
287865,4,73,12,1,215
287866,4,73,12,1,214
287867,4,73,12,1,214
287868,4,73,12,1,214
287869,4,73,12,1,213
287870,4,73,12,1,212
287871,4,73,12,1,212
287872,4,73,12,1,211
287873,4,73,12,1,210
287874,4,73,12,1,209
287875,4,73,12,1,208
287876,4,73,12,1,207
287877,4,73,12,1,206
287878,4,73,12,1,206
287879,4,73,12,1,205
287880,4,73,12,1,204
287881,4,73,12,1,203
287882,4,73,12,1,202
287883,4,73,12,1,201
287884,4,73,12,1,200
287899,17,71,12,0,0
287900,17,71,12,0,0
287901,11,71,12,0,0
287902,11,71,12,0,0
287905,17,71,12,0,0
287906,17,71,12,0,0
287907,11,71,12,0,0
287908,11,71,12,0,0
287911,17,71,12,0,0
287912,17,71,12,0,0
287913,17,71,12,0,0
287914,17,71,12,0,0
287915,11,71,12,0,0
287916,11,71,12,0,0
287919,17,71,12,0,0
287920,17,71,12,0,0
287921,11,71,12,0,0
287922,11,71,12,0,0
287925,17,71,12,0,0
287926,17,71,12,0,0
287927,17,71,12,0,0
287928,17,71,12,0,0
287931,17,71,12,0,0
287932,17,71,12,0,0
287933,17,71,12,0,0
287934,17,71,12,0,0
287935,17,71,12,0,0
287938,14,71,12,0,17
287939,17,71,12,0,17
287940,11,71,12,0,17
287943,14,71,12,0,17
287944,17,71,12,0,17
287945,11,71,12,0,17
287948,14,71,12,0,37
287949,17,71,12,0,37
287950,11,71,12,0,37
287953,17,71,12,0,60
287956,14,71,12,0,60
287957,11,71,12,0,60
287960,14,71,12,0,74
287961,17,71,12,0,74
287962,11,71,12,0,74
287965,17,71,12,0,77
287968,14,71,12,0,77
287969,11,71,12,0,77
287972,14,71,12,0,79
287973,17,71,12,0,79
287974,11,71,12,0,79
287977,14,71,12,0,101
287978,17,71,12,0,101
287979,11,71,12,0,101
287982,14,71,12,0,124
287983,17,71,12,0,124
287984,11,71,12,0,124
287987,15,71,12,0,146
287988,15,71,12,0,146
287991,14,71,12,0,145
287992,17,71,12,0,146
287993,11,71,12,0,145
287996,14,71,12,0,489
287997,17,71,12,0,489
287998,11,71,12,0,489
288001,14,71,12,0,459
288002,14,71,12,0,460
288003,17,71,12,0,460
288004,11,71,12,0,459
288005,11,71,12,0,460
288008,14,71,12,0,430
288009,11,71,12,0,430
288012,14,71,12,0,429
288013,11,71,12,0,429
288016,14,71,12,0,399
288017,17,71,12,0,399
288018,11,71,12,0,399
288021,15,71,12,0,399
288022,15,71,12,0,399
288025,14,71,12,0,398
288026,17,71,12,0,399
288027,11,71,12,0,398
288030,17,71,12,0,399
288031,17,71,12,0,399
288032,11,71,12,0,399
288033,11,71,12,0,399
288036,17,71,12,0,399
288037,17,71,12,0,399
288038,11,71,12,0,399
288039,11,71,12,0,399
288042,17,71,12,0,399
288043,17,71,12,0,399
288044,17,71,12,0,399
288045,17,71,12,0,399
288046,11,71,12,0,399
288047,11,71,12,0,399
288050,17,71,12,0,399
288051,17,71,12,0,399
288052,11,71,12,0,399
288053,11,71,12,0,399
288056,17,71,12,0,399
288057,17,71,12,0,399
288058,11,71,12,0,399
288059,11,71,12,0,399
288062,17,71,12,0,399
288063,17,71,12,0,399
288064,11,71,12,0,399
288065,11,71,12,0,399
288068,17,71,12,0,399
288069,17,71,12,0,399
288070,11,71,12,0,399
288071,11,71,12,0,399
288074,14,71,12,0,399
288075,17,71,12,0,399
288076,17,71,12,0,399
288077,17,71,12,0,399
288078,17,71,12,0,399
288079,11,71,12,0,399
288082,17,71,12,0,399
288083,17,71,12,0,399
288084,17,71,12,0,399
288085,17,71,12,0,399
288086,17,71,12,0,399
288089,14,71,12,0,355
288090,11,71,12,0,355
288093,14,71,12,0,340
288094,17,71,12,0,340
288095,11,71,12,0,340
288098,14,71,12,0,338
288099,11,71,12,0,338
288102,14,71,12,0,310
288103,17,71,12,0,310
288104,11,71,12,0,310
288107,14,71,12,0,299
288108,11,71,12,0,299
288111,14,71,12,0,284
288112,17,71,12,0,284
288113,11,71,12,0,284
288116,15,71,12,0,270
288117,15,71,12,0,270
288120,14,71,12,0,264
288121,17,71,12,0,264
288122,11,71,12,0,264
288125,15,71,12,0,230
288126,15,71,12,0,230
288129,14,71,12,0,229
288130,14,71,12,0,231
288131,17,71,12,0,230
288132,11,71,12,0,229
288133,11,71,12,0,231
288136,2,71,12,0,0
288141,2,71,12,0,4
288146,2,71,12,0,5
288151,2,71,12,0,36
288156,2,71,12,0,55
288161,2,71,12,0,57
288166,2,71,12,0,60
288171,2,71,12,0,76
288176,2,71,12,0,99
288181,2,71,12,0,122
288186,2,71,12,0,144
288191,2,71,12,0,155
288196,2,71,12,0,490
288201,2,71,12,0,471
288206,2,71,12,0,470
288211,2,71,12,0,448
288216,2,71,12,0,446
288221,2,71,12,0,422
288226,2,71,12,0,420
288231,2,71,12,0,416
288236,2,71,12,0,414
288241,2,71,12,0,411
288246,2,71,12,0,406
288251,2,71,12,0,404
288256,2,71,12,0,402
288261,2,71,12,0,400
288266,2,71,12,0,398
288271,2,71,12,0,388
288276,2,71,12,0,374
288281,2,71,12,0,372
288286,2,71,12,0,353
288291,2,71,12,0,326
288296,2,71,12,0,324
288301,2,71,12,0,308
288306,2,71,12,0,297
288311,2,71,12,0,282
288316,2,71,12,0,263
288321,2,71,12,0,262
288326,2,71,12,0,206
288331,2,71,12,0,203
289176,4,73,12,1,383
289177,4,73,12,1,382
289178,4,73,12,1,382
289179,4,73,12,1,380
289180,4,73,12,1,379
289181,4,73,12,1,378
289182,4,73,12,1,377
289183,4,73,12,1,376
289184,4,73,12,1,349
289185,4,73,12,1,348
289186,4,73,12,1,347
289187,4,73,12,1,346
289188,4,73,12,1,345
289189,4,73,12,1,344
289190,4,73,12,1,343
289191,4,73,12,1,342
289192,4,73,12,1,336
289193,4,73,12,1,335
289194,4,73,12,1,334
289195,4,73,12,1,333
289196,4,73,12,1,332
289197,4,73,12,1,331
289198,4,73,12,1,330
289199,4,73,12,1,307
289200,4,73,12,1,306
289201,4,73,12,1,305
289202,4,73,12,1,304
289203,4,73,12,1,303
289204,4,73,12,1,302
289205,4,73,12,1,301
289206,4,73,12,1,300
289207,4,73,12,1,296
289208,4,73,12,1,294
289209,4,73,12,1,293
289210,4,73,12,1,292
289211,4,73,12,1,291
289212,4,73,12,1,289
289213,4,73,12,1,288
289214,4,73,12,1,277
289215,4,73,12,1,276
289216,4,73,12,1,275
289217,4,73,12,1,274
289218,4,73,12,1,273
289219,4,73,12,1,272
289220,4,73,12,1,271
289221,4,73,12,1,267
289222,4,73,12,1,266
289223,4,73,12,1,265
289224,4,73,12,1,263
289225,4,73,12,1,261
289226,4,73,12,1,260
289227,4,73,12,1,259
289228,4,73,12,1,258
289229,4,73,12,1,258
289230,4,73,12,1,257
289231,4,73,12,1,256
289232,4,73,12,1,255
289233,4,73,12,1,254
289234,4,73,12,1,235
289235,4,73,12,1,235
289236,4,73,12,1,234
289237,4,73,12,1,233
289238,4,73,12,1,229
289239,4,73,12,1,228
289240,4,73,12,1,226
289241,4,73,12,1,225
289242,4,73,12,1,224
289243,4,73,12,1,222
289244,4,73,12,1,221
289245,4,73,12,1,220
289246,4,73,12,1,219
289247,4,73,12,1,218
289248,4,73,12,1,217
289249,4,73,12,1,216
289250,4,73,12,1,215
289251,4,73,12,1,211
289252,4,73,12,1,210
289253,4,73,12,1,209
290855,17,13,10,0,287
297164,4,31,15,1,522
297165,4,31,15,1,522
298483,17,49,16,0,187
298484,17,49,16,0,60
298485,17,49,16,0,244
302178,17,66,7,0,0
302179,17,66,7,0,0
302180,17,66,7,0,0
302181,17,66,7,0,0
302182,17,66,7,0,0
302183,11,66,7,0,0
302184,11,66,7,0,0
302185,4,31,15,1,55
302186,4,31,15,1,55
302187,4,31,15,1,305
302188,4,31,15,1,305
302189,4,31,15,1,440
302190,4,31,15,1,440
302191,4,31,15,1,440
302192,4,31,15,1,440
302193,4,31,15,1,464
302194,4,31,15,1,464
302195,4,31,15,1,482
302196,4,31,15,1,482
302197,4,31,15,1,502
302198,4,31,15,1,502
302199,4,31,15,1,423
302200,4,31,15,1,423
304353,17,69,8,0,730
304354,17,69,8,0,730
305212,17,42,1,0,
305213,17,42,1,0,
305214,17,42,1,0,
305215,17,42,1,0,
305216,17,42,1,0,
305217,17,42,1,0,
305218,17,42,1,0,
305219,11,42,1,0,
305220,11,42,1,0,
305221,17,42,1,0,231
305222,11,42,1,0,
305223,17,42,1,0,
307925,8,72,12,1,447
308076,15,42,1,0,112
308077,15,42,1,0,148
308170,8,72,12,1,157
308171,8,72,12,1,489
308172,8,72,12,1,123
308173,8,72,12,1,145
308174,8,72,12,1,264
308175,8,72,12,1,229
308178,8,72,12,1,299
308179,8,72,12,1,283
308185,8,72,12,1,459
308186,8,72,12,1,447
308187,8,72,12,1,340
308188,8,72,12,1,310
313013,9,2,5,1,223
314387,7,27,14,0,
316137,9,59,8,0,863
316138,7,59,8,0,863
316173,7,38,10,0,77
316174,7,33,2,0,
321167,17,12,11,0,140
321855,9,4,5,0,
330206,8,75,3,1,864
330207,9,75,3,1,864
330208,8,75,3,1,864
330209,3,75,3,1,864
330219,8,75,3,1,867
330220,3,75,3,1,867
330221,9,75,3,1,867
330222,9,75,3,1,868
330223,3,75,3,1,869
330232,8,75,3,1,885
330233,3,75,3,1,885
330234,9,75,3,1,885
330235,9,75,3,1,886
330236,3,75,3,1,886
330237,9,78,3,0,885
330246,8,75,3,1,906
330247,3,75,3,1,906
330248,9,75,3,1,906
330249,9,75,3,1,906
330258,3,75,3,1,0
330259,9,75,3,1,908
330260,1,75,3,1,908
330261,1,75,3,1,908
330262,1,75,3,1,908
330263,3,75,3,1,908
330264,9,78,3,0,907
330288,9,78,3,0,0
330317,9,78,3,0,10
330326,9,78,3,0,28
330329,9,78,3,0,28
330330,7,78,3,0,28
330331,7,78,3,0,28
330332,9,78,3,0,28
330352,9,78,3,0,29
330378,9,78,3,0,44
330389,9,78,3,0,54
330398,9,75,3,1,909
330399,9,75,3,1,909
330400,3,75,3,1,909
330401,8,75,3,1,909
330410,3,75,3,1,929
330411,3,75,3,1,931
330412,9,78,3,0,929
330413,9,75,3,1,930
330422,3,75,3,1,935
330431,8,75,3,1,946
330432,3,75,3,1,946
330433,9,78,3,0,946
330434,9,75,3,1,946
330435,9,75,3,1,946
330436,3,75,3,1,947
330437,8,75,3,1,947
330446,8,75,3,1,963
330447,3,75,3,1,963
330448,9,78,3,0,963
330449,9,75,3,1,963
330450,3,75,3,1,964
330451,9,75,3,1,963
330460,8,75,3,1,981
330461,3,75,3,1,981
330462,9,75,3,1,981
330471,8,75,3,1,985
330472,3,75,3,1,985
330473,9,78,3,0,984
330474,9,75,3,1,984
330475,9,75,3,1,984
330484,8,75,3,1,1002
330485,3,75,3,1,1002
330486,9,78,3,0,1002
330487,9,75,3,1,1002
330488,9,75,3,1,1001
330489,3,75,3,1,1000
330498,1,75,3,1,1021
330499,1,75,3,1,1021
330500,1,75,3,1,1021
330501,1,75,3,1,1021
330502,1,75,3,1,1021
330503,1,75,3,1,1021
330512,8,75,3,1,1026
330513,3,75,3,1,1026
330514,9,78,3,0,1025
330515,9,75,3,1,1025
330516,9,75,3,1,1025
330517,3,75,3,1,1025
330518,8,75,3,1,1025
330527,8,75,3,1,1045
330528,3,75,3,1,1045
330529,9,78,3,0,1045
330530,9,75,3,1,1045
330531,9,75,3,1,1045
330532,3,75,3,1,1045
330541,8,75,3,1,1050
330542,3,75,3,1,1050
330543,9,78,3,0,1050
330552,3,75,3,1,1050
330553,9,75,3,1,1050
330554,9,78,3,0,1050
330563,9,78,3,0,
330564,9,78,3,0,
330565,9,78,3,0,
330566,7,78,3,0,
330567,7,78,3,0,
330577,9,75,3,1,1065
330578,9,78,3,0,1065
330579,3,75,3,1,1066
330580,3,75,3,1,1065
330589,8,75,3,1,1086
330590,3,75,3,1,1086
330591,9,78,3,0,1087
330593,9,75,3,1,1086
330594,9,75,3,1,1087
330595,3,75,3,1,1087
330596,9,75,3,1,1088
330605,9,78,3,0,1089
330606,6,75,3,1,1089
330607,9,75,3,1,1089
330608,9,78,3,0,1089
330609,7,78,3,0,1089
330610,7,78,3,0,1089
330611,9,78,3,0,1089
330620,3,75,3,1,1089
330631,5,75,3,1,1090
330632,6,75,3,1,1090
330641,8,75,3,1,1111
330642,3,75,3,1,1111
330643,9,78,3,0,1111
330644,9,75,3,1,1110
330645,9,75,3,1,1110
330646,3,75,3,1,1110
330655,9,78,3,0,1138
330656,3,75,3,1,1138
330657,3,75,3,1,1138
330666,8,75,3,1,1153
330667,3,75,3,1,1153
330668,9,78,3,0,1153
330669,9,75,3,1,1153
330670,9,75,3,1,1153
330671,3,75,3,1,1153
330672,9,75,3,1,1153
330673,9,75,3,1,1153
330682,9,75,3,1,1153
330683,9,75,3,1,1153
330692,8,75,3,1,1172
330693,3,75,3,1,1172
330694,9,78,3,0,1171
330695,9,75,3,1,1172
330696,9,75,3,1,1172
330697,3,75,3,1,1172
330706,8,75,3,1,1195
330707,3,75,3,1,1195
330708,9,78,3,0,1195
330709,9,75,3,1,1195
330710,5,75,3,1,1195
330711,6,75,3,1,1195
331374,2,77,3,0,866
331379,2,77,3,0,871
331384,2,77,3,0,889
331389,2,77,3,0,907
331394,2,77,3,0,0
331399,2,77,3,0,2
331404,2,77,3,0,28
331409,2,77,3,0,44
331414,2,77,3,0,52
331419,2,77,3,0,929
331424,2,77,3,0,933
331429,2,77,3,0,937
331434,2,77,3,0,947
331439,2,77,3,0,968
331444,2,77,3,0,999
331449,2,77,3,0,1025
331454,2,77,3,0,1044
331459,2,77,3,0,1050
331464,2,77,3,0,1050
331469,2,77,3,0,1064
331474,2,77,3,0,1067
331479,2,77,3,0,1108
331484,2,77,3,0,1136
331489,2,77,3,0,1139
331494,2,77,3,0,1156
331499,2,77,3,0,1174
331519,16,75,3,1,
331967,7,35,13,0,
333403,9,78,3,0,864
333406,17,77,3,0,867
333407,14,77,3,0,867
333408,11,77,3,0,867
333411,17,77,3,0,867
333412,11,77,3,0,867
333415,17,77,3,0,885
333416,14,77,3,0,885
333417,11,77,3,0,885
333420,17,77,3,0,885
333421,11,77,3,0,885
333424,14,77,3,0,906
333425,11,77,3,0,906
333428,17,77,3,0,906
333429,11,77,3,0,906
333432,17,77,3,0,909
333435,15,77,3,0,0
333436,15,77,3,0,0
333439,15,77,3,0,0
333442,14,77,3,0,0
333443,11,77,3,0,0
333446,17,77,3,0,0
333447,11,77,3,0,0
333450,17,77,3,0,11
333451,14,77,3,0,11
333452,11,77,3,0,11
333455,17,77,3,0,10
333456,11,77,3,0,10
333459,14,77,3,0,10
333460,11,77,3,0,10
333463,17,77,3,0,11
333464,11,77,3,0,11
333467,17,77,3,0,28
333470,17,77,3,0,28
333471,17,77,3,0,28
333472,11,77,3,0,28
333473,11,77,3,0,28
333476,17,77,3,0,28
333477,17,77,3,0,28
333478,11,77,3,0,28
333479,11,77,3,0,28
333482,17,77,3,0,28
333483,17,77,3,0,28
333484,11,77,3,0,28
333485,11,77,3,0,28
333488,17,77,3,0,28
333489,17,77,3,0,28
333490,11,77,3,0,28
333491,11,77,3,0,28
333494,14,77,3,0,28
333495,17,77,3,0,28
333496,11,77,3,0,28
333497,11,77,3,0,28
333500,17,77,3,0,28
333501,17,77,3,0,28
333502,11,77,3,0,28
333503,11,77,3,0,28
333506,17,77,3,0,28
333507,17,77,3,0,28
333508,11,77,3,0,28
333509,11,77,3,0,28
333512,17,77,3,0,28
333513,17,77,3,0,28
333514,11,77,3,0,28
333515,11,77,3,0,28
333518,17,77,3,0,28
333519,17,77,3,0,28
333520,17,77,3,0,28
333521,11,77,3,0,28
333524,17,77,3,0,28
333525,17,77,3,0,28
333526,11,77,3,0,28
333527,11,77,3,0,28
333530,17,77,3,0,28
333531,17,77,3,0,28
333532,17,77,3,0,28
333533,17,77,3,0,28
333536,17,77,3,0,28
333537,17,77,3,0,28
333538,17,77,3,0,28
333539,17,77,3,0,28
333540,17,77,3,0,28
333543,17,77,3,0,28
333544,17,77,3,0,28
333545,11,77,3,0,28
333546,11,77,3,0,28
333549,17,77,3,0,29
333550,14,77,3,0,29
333551,11,77,3,0,29
333554,17,77,3,0,29
333555,11,77,3,0,29
333558,14,77,3,0,44
333559,11,77,3,0,44
333562,17,77,3,0,44
333563,11,77,3,0,44
333566,14,77,3,0,909
333567,11,77,3,0,909
333570,17,77,3,0,909
333571,11,77,3,0,909
333574,17,77,3,0,946
333575,14,77,3,0,946
333576,11,77,3,0,946
333579,17,77,3,0,946
333580,11,77,3,0,946
333583,17,77,3,0,961
333586,17,77,3,0,963
333587,14,77,3,0,963
333588,11,77,3,0,963
333591,17,77,3,0,963
333592,11,77,3,0,963
333595,14,77,3,0,981
333596,11,77,3,0,981
333599,17,77,3,0,981
333600,11,77,3,0,981
333603,14,77,3,0,985
333604,11,77,3,0,985
333607,17,77,3,0,985
333608,11,77,3,0,985
333611,17,77,3,0,1002
333612,14,77,3,0,1002
333613,11,77,3,0,1002
333616,17,77,3,0,1002
333617,11,77,3,0,1002
333620,17,77,3,0,1025
333621,14,77,3,0,1025
333622,11,77,3,0,1025
333625,17,77,3,0,1025
333626,11,77,3,0,1025
333629,17,77,3,0,1045
333630,14,77,3,0,1045
333631,11,77,3,0,1045
333634,17,77,3,0,1045
333635,11,77,3,0,1045
333638,17,77,3,0,1050
333641,15,77,3,0,1050
333642,15,77,3,0,1050
333645,17,77,3,0,1086
333646,14,77,3,0,1086
333647,14,77,3,0,1088
333648,11,77,3,0,1086
333649,11,77,3,0,1088
333652,17,77,3,0,1086
333653,11,77,3,0,1086
333656,17,77,3,0,1088
333657,11,77,3,0,1088
333660,17,77,3,0,1088
333663,17,77,3,0,1089
333664,17,77,3,0,1089
333665,11,77,3,0,1089
333666,11,77,3,0,1089
333669,17,77,3,0,1089
333670,17,77,3,0,1089
333671,11,77,3,0,1089
333672,11,77,3,0,1089
333675,17,77,3,0,1089
333676,17,77,3,0,1089
333677,11,77,3,0,1089
333678,11,77,3,0,1089
333681,17,77,3,0,1089
333682,14,77,3,0,1089
333683,11,77,3,0,1089
333684,11,77,3,0,1089
333687,17,77,3,0,1089
333688,17,77,3,0,1089
333689,11,77,3,0,1089
333690,11,77,3,0,1089
333693,17,77,3,0,1089
333694,17,77,3,0,1089
333695,11,77,3,0,1089
333696,11,77,3,0,1089
333699,17,77,3,0,1089
333700,17,77,3,0,1089
333701,11,77,3,0,1089
333702,11,77,3,0,1089
333705,17,77,3,0,1089
333706,17,77,3,0,1089
333707,11,77,3,0,1089
333708,11,77,3,0,1089
333711,17,77,3,0,1089
333712,17,77,3,0,1089
333713,17,77,3,0,1089
333714,11,77,3,0,1089
333717,17,77,3,0,1089
333718,17,77,3,0,1089
333719,11,77,3,0,1089
333720,11,77,3,0,1089
333723,17,77,3,0,1089
333724,17,77,3,0,1089
333725,17,77,3,0,1089
333726,17,77,3,0,1089
333729,17,77,3,0,1089
333730,17,77,3,0,1089
333731,17,77,3,0,1089
333732,17,77,3,0,1089
333733,17,77,3,0,1089
333736,17,77,3,0,1089
333737,17,77,3,0,1089
333738,11,77,3,0,1089
333739,11,77,3,0,1089
333742,15,77,3,0,1090
333743,15,77,3,0,1090
333746,15,77,3,0,1090
333749,17,77,3,0,1111
333750,14,77,3,0,1111
333751,11,77,3,0,1111
333754,17,77,3,0,1111
333755,11,77,3,0,1111
333758,17,77,3,0,1153
333759,11,77,3,0,1153
333762,17,77,3,0,1153
333763,17,77,3,0,1153
333764,14,77,3,0,1153
333765,11,77,3,0,1153
333768,17,77,3,0,1172
333769,14,77,3,0,1172
333770,11,77,3,0,1172
333773,17,77,3,0,1172
333774,11,77,3,0,1172
333777,17,77,3,0,1195
333778,11,77,3,0,1195
333781,15,77,3,0,1195
333782,15,77,3,0,1195
333785,15,77,3,0,1195
333786,14,77,3,0,1195
333787,11,77,3,0,1195
333894,12,76,3,1,864
333895,12,76,3,1,868
333896,12,76,3,1,872
333897,12,76,3,1,877
333898,12,76,3,1,886
333899,12,76,3,1,881
333900,4,76,3,1,864
333901,4,76,3,1,864
333902,4,76,3,1,864
333903,4,76,3,1,864
333904,4,76,3,1,865
333905,4,76,3,1,866
333906,4,76,3,1,867
333907,4,76,3,1,867
333908,4,76,3,1,867
333909,4,76,3,1,867
333910,4,76,3,1,867
333911,4,76,3,1,868
333912,4,76,3,1,868
333913,4,76,3,1,868
333914,4,76,3,1,868
333915,4,76,3,1,868
333916,4,76,3,1,870
333917,4,76,3,1,870
333918,4,76,3,1,871
333919,4,76,3,1,872
333920,4,76,3,1,873
333921,4,76,3,1,874
333922,4,76,3,1,875
333923,4,76,3,1,876
333924,4,76,3,1,877
333925,4,76,3,1,877
333926,4,76,3,1,878
333927,4,76,3,1,879
333928,4,76,3,1,880
333929,4,76,3,1,881
333930,4,76,3,1,882
333931,4,76,3,1,882
333932,4,76,3,1,883
333933,4,76,3,1,884
333934,4,76,3,1,885
333935,4,76,3,1,885
333936,4,76,3,1,885
333937,4,76,3,1,885
333938,4,76,3,1,885
333939,4,76,3,1,885
333940,4,76,3,1,885
333943,12,76,3,1,890
333944,12,76,3,1,895
333945,12,76,3,1,899
333946,12,76,3,1,904
333947,12,76,3,1,906
333948,12,76,3,1,908
333949,4,76,3,1,907
333950,4,76,3,1,907
333951,4,76,3,1,907
333952,4,76,3,1,907
333953,4,76,3,1,907
333954,4,76,3,1,907
333955,4,76,3,1,907
333956,4,76,3,1,907
333957,4,76,3,1,907
333958,4,76,3,1,907
333959,4,76,3,1,907
333960,4,76,3,1,907
333961,4,76,3,1,907
333962,4,76,3,1,907
333963,4,76,3,1,907
333964,4,76,3,1,907
333965,4,76,3,1,907
333966,4,76,3,1,907
333967,4,76,3,1,906
333968,4,76,3,1,906
333969,4,76,3,1,906
333970,4,76,3,1,906
333971,4,76,3,1,906
333972,4,76,3,1,906
333973,4,76,3,1,905
333974,4,76,3,1,904
333975,4,76,3,1,903
333976,4,76,3,1,902
333977,4,76,3,1,901
333978,4,76,3,1,900
333979,4,76,3,1,899
333980,4,76,3,1,898
333981,4,76,3,1,897
333982,4,76,3,1,897
333983,4,76,3,1,896
333984,4,76,3,1,895
333985,4,76,3,1,894
333986,4,76,3,1,893
333987,4,76,3,1,892
333988,4,76,3,1,892
333989,4,76,3,1,891
333990,4,76,3,1,890
333991,4,76,3,1,889
333992,4,76,3,1,888
333993,4,76,3,1,887
333994,4,76,3,1,886
333995,4,76,3,1,887
333996,4,76,3,1,887
333997,4,76,3,1,886
333998,4,76,3,1,886
334001,12,76,3,1,908
334002,12,76,3,1,908
334012,4,76,3,1,908
334013,4,76,3,1,908
334014,4,76,3,1,908
334024,4,76,3,1,908
334025,4,76,3,1,908
334043,4,76,3,1,908
334183,12,76,3,1,909
334184,12,76,3,1,913
334185,12,76,3,1,918
334186,12,76,3,1,922
334187,12,76,3,1,927
334188,12,76,3,1,931
334189,12,76,3,1,936
334190,12,76,3,1,940
334191,12,76,3,1,945
334192,12,76,3,1,946
334193,4,76,3,1,908
334194,4,76,3,1,909
334195,4,76,3,1,909
334196,4,76,3,1,909
334197,4,76,3,1,909
334198,4,76,3,1,909
334199,4,76,3,1,910
334200,4,76,3,1,911
334201,4,76,3,1,912
334202,4,76,3,1,913
334203,4,76,3,1,914
334204,4,76,3,1,914
334205,4,76,3,1,914
334206,4,76,3,1,915
334207,4,76,3,1,916
334208,4,76,3,1,917
334209,4,76,3,1,918
334210,4,76,3,1,919
334211,4,76,3,1,919
334212,4,76,3,1,920
334213,4,76,3,1,921
334214,4,76,3,1,921
334215,4,76,3,1,922
334216,4,76,3,1,922
334217,4,76,3,1,923
334218,4,76,3,1,924
334219,4,76,3,1,925
334220,4,76,3,1,926
334221,4,76,3,1,927
334222,4,76,3,1,928
334223,4,76,3,1,928
334224,4,76,3,1,929
334225,4,76,3,1,930
334226,4,76,3,1,931
334227,4,76,3,1,932
334228,4,76,3,1,932
334229,4,76,3,1,933
334230,4,76,3,1,934
334231,4,76,3,1,935
334232,4,76,3,1,936
334233,4,76,3,1,937
334234,4,76,3,1,937
334235,4,76,3,1,922
334236,4,76,3,1,939
334237,4,76,3,1,940
334238,4,76,3,1,941
334239,4,76,3,1,942
334240,4,76,3,1,943
334241,4,76,3,1,944
334242,4,76,3,1,945
334243,4,76,3,1,945
334244,4,76,3,1,945
334245,4,76,3,1,946
334246,4,76,3,1,946
334247,4,76,3,1,946
334248,4,76,3,1,946
334249,4,76,3,1,909
334253,12,76,3,1,951
334254,12,76,3,1,955
334255,12,76,3,1,960
334256,12,76,3,1,963
334257,12,76,3,1,968
334258,12,76,3,1,972
334259,12,76,3,1,976
334260,12,76,3,1,981
334261,4,76,3,1,947
334262,4,76,3,1,947
334263,4,76,3,1,948
334264,4,76,3,1,949
334265,4,76,3,1,950
334266,4,76,3,1,951
334267,4,76,3,1,952
334268,4,76,3,1,953
334269,4,76,3,1,954
334270,4,76,3,1,955
334271,4,76,3,1,956
334272,4,76,3,1,956
334273,4,76,3,1,957
334274,4,76,3,1,958
334275,4,76,3,1,959
334276,4,76,3,1,960
334277,4,76,3,1,960
334278,4,76,3,1,960
334279,4,76,3,1,960
334280,4,76,3,1,961
334281,4,76,3,1,961
334282,4,76,3,1,961
334283,4,76,3,1,962
334284,4,76,3,1,963
334285,4,76,3,1,963
334286,4,76,3,1,963
334287,4,76,3,1,963
334288,4,76,3,1,964
334289,4,76,3,1,965
334290,4,76,3,1,966
334291,4,76,3,1,967
334292,4,76,3,1,968
334293,4,76,3,1,968
334294,4,76,3,1,969
334295,4,76,3,1,970
334296,4,76,3,1,971
334297,4,76,3,1,972
334298,4,76,3,1,973
334299,4,76,3,1,973
334300,4,76,3,1,974
334301,4,76,3,1,975
334302,4,76,3,1,976
334303,4,76,3,1,977
334304,4,76,3,1,978
334305,4,76,3,1,978
334306,4,76,3,1,979
334307,4,76,3,1,980
334308,4,76,3,1,981
334309,4,76,3,1,981
334310,4,76,3,1,981
334311,4,76,3,1,981
334312,4,76,3,1,982
334313,4,76,3,1,983
334314,4,76,3,1,983
334315,4,76,3,1,983
334316,4,76,3,1,947
334317,4,76,3,1,983
334318,4,76,3,1,983
334321,12,76,3,1,984
334322,12,76,3,1,989
334323,12,76,3,1,995
334324,12,76,3,1,998
334325,4,76,3,1,1000
334326,4,76,3,1,999
334327,4,76,3,1,998
334328,4,76,3,1,998
334329,4,76,3,1,997
334330,4,76,3,1,996
334331,4,76,3,1,995
334332,4,76,3,1,994
334333,4,76,3,1,993
334334,4,76,3,1,993
334335,4,76,3,1,992
334336,4,76,3,1,991
334337,4,76,3,1,990
334338,4,76,3,1,989
334339,4,76,3,1,988
334340,4,76,3,1,987
334341,4,76,3,1,986
334342,4,76,3,1,985
334343,4,76,3,1,985
334344,4,76,3,1,985
334345,4,76,3,1,984
334346,4,76,3,1,984
334347,4,76,3,1,984
334348,4,76,3,1,1001
334352,12,76,3,1,1002
334353,12,76,3,1,1007
334354,12,76,3,1,1011
334355,12,76,3,1,1016
334356,12,76,3,1,1020
334357,12,76,3,1,1025
334358,4,76,3,1,1001
334359,4,76,3,1,1002
334360,4,76,3,1,1002
334361,4,76,3,1,1002
334362,4,76,3,1,1002
334363,4,76,3,1,1003
334364,4,76,3,1,1004
334365,4,76,3,1,1005
334366,4,76,3,1,1006
334367,4,76,3,1,1007
334368,4,76,3,1,1008
334369,4,76,3,1,1008
334370,4,76,3,1,1008
334371,4,76,3,1,1008
334372,4,76,3,1,1009
334373,4,76,3,1,1010
334374,4,76,3,1,1011
334375,4,76,3,1,1011
334376,4,76,3,1,1012
334377,4,76,3,1,1013
334378,4,76,3,1,1013
334379,4,76,3,1,1014
334380,4,76,3,1,1015
334381,4,76,3,1,1016
334382,4,76,3,1,1017
334383,4,76,3,1,1018
334384,4,76,3,1,1019
334385,4,76,3,1,1020
334386,4,76,3,1,1020
334387,4,76,3,1,1021
334388,4,76,3,1,1021
334389,4,76,3,1,1021
334390,4,76,3,1,1022
334391,4,76,3,1,1023
334392,4,76,3,1,1024
334393,4,76,3,1,1024
334394,4,76,3,1,1025
334395,4,76,3,1,1025
334396,4,76,3,1,1001
334399,12,76,3,1,1025
334400,12,76,3,1,1031
334401,12,76,3,1,1035
334402,12,76,3,1,1040
334403,12,76,3,1,1044
334404,4,76,3,1,1025
334405,4,76,3,1,1025
334406,4,76,3,1,1025
334407,4,76,3,1,1026
334408,4,76,3,1,1026
334409,4,76,3,1,1027
334410,4,76,3,1,1027
334411,4,76,3,1,1028
334412,4,76,3,1,1029
334413,4,76,3,1,1030
334414,4,76,3,1,1031
334415,4,76,3,1,1032
334416,4,76,3,1,1033
334417,4,76,3,1,1034
334418,4,76,3,1,1035
334419,4,76,3,1,1036
334420,4,76,3,1,1036
334421,4,76,3,1,1037
334422,4,76,3,1,1038
334423,4,76,3,1,1039
334424,4,76,3,1,1040
334425,4,76,3,1,1040
334426,4,76,3,1,1041
334427,4,76,3,1,1042
334428,4,76,3,1,1043
334429,4,76,3,1,1044
334430,4,76,3,1,1045
334431,4,76,3,1,1045
334434,12,76,3,1,1046
334435,12,76,3,1,1050
334436,12,76,3,1,1054
334437,12,76,3,1,1059
334438,12,76,3,1,1063
334439,4,76,3,1,1050
334440,4,76,3,1,1051
334441,4,76,3,1,1051
334442,4,76,3,1,1052
334443,4,76,3,1,1053
334444,4,76,3,1,1054
334445,4,76,3,1,1055
334446,4,76,3,1,1056
334447,4,76,3,1,1057
334448,4,76,3,1,1058
334449,4,76,3,1,1058
334450,4,76,3,1,1059
334451,4,76,3,1,1060
334452,4,76,3,1,1061
334453,4,76,3,1,1062
334454,4,76,3,1,1062
334455,4,76,3,1,1063
334456,4,76,3,1,1063
334457,4,76,3,1,1063
334458,4,76,3,1,1064
334459,4,76,3,1,1065
334460,4,76,3,1,1050
334461,4,76,3,1,1050
334462,4,76,3,1,1050
334463,4,76,3,1,1050
334464,4,76,3,1,1050
334465,4,76,3,1,1050
334466,4,76,3,1,1050
334467,4,76,3,1,1050
334468,4,76,3,1,1050
334469,4,76,3,1,1050
334470,4,76,3,1,1049
334471,4,76,3,1,1049
334472,4,76,3,1,1048
334473,4,76,3,1,1047
334474,4,76,3,1,1046
334475,4,76,3,1,1046
334476,4,76,3,1,1046
334477,4,76,3,1,1046
334478,4,76,3,1,1046
334479,4,76,3,1,1046
334480,4,76,3,1,1065
334484,12,76,3,1,1050
334485,12,76,3,1,1050
334486,12,76,3,1,1050
334487,12,76,3,1,1050
334488,12,76,3,1,1050
334489,12,76,3,1,1050
334490,4,76,3,1,1050
334491,4,76,3,1,1050
334492,4,76,3,1,1050
334493,4,76,3,1,1050
334494,4,76,3,1,1050
334495,4,76,3,1,1050
334496,4,76,3,1,1050
334497,4,76,3,1,1050
334498,4,76,3,1,1050
334499,4,76,3,1,1050
334500,4,76,3,1,1050
334501,4,76,3,1,1050
334502,4,76,3,1,1050
334503,4,76,3,1,1050
334504,4,76,3,1,1050
334505,4,76,3,1,1050
334506,4,76,3,1,1050
334507,4,76,3,1,1050
334508,4,76,3,1,1050
334509,4,76,3,1,1050
334510,4,76,3,1,1050
334511,4,76,3,1,1050
334512,4,76,3,1,1050
334513,4,76,3,1,1050
334514,4,76,3,1,1050
334515,4,76,3,1,1050
334516,4,76,3,1,1050
334517,4,76,3,1,1050
334518,4,76,3,1,1050
334519,4,76,3,1,1050
334520,4,76,3,1,1050
334521,4,76,3,1,1050
334522,4,76,3,1,1050
334526,12,76,3,1,1067
334527,12,76,3,1,1072
334528,12,76,3,1,1077
334529,12,76,3,1,1081
334530,12,76,3,1,1086
334531,4,76,3,1,1076
334532,4,76,3,1,1077
334533,4,76,3,1,1078
334534,4,76,3,1,1079
334535,4,76,3,1,1079
334536,4,76,3,1,1080
334537,4,76,3,1,1081
334538,4,76,3,1,1081
334539,4,76,3,1,1082
334540,4,76,3,1,1082
334541,4,76,3,1,1083
334542,4,76,3,1,1084
334543,4,76,3,1,1085
334544,4,76,3,1,1086
334545,4,76,3,1,1086
334546,4,76,3,1,1086
334547,4,76,3,1,1076
334548,4,76,3,1,1075
334549,4,76,3,1,1074
334550,4,76,3,1,1073
334551,4,76,3,1,1073
334552,4,76,3,1,1072
334553,4,76,3,1,1071
334554,4,76,3,1,1070
334555,4,76,3,1,1069
334556,4,76,3,1,1068
334557,4,76,3,1,1067
334558,4,76,3,1,1067
334559,4,76,3,1,1066
334560,4,76,3,1,1066
334561,4,76,3,1,1066
334562,4,76,3,1,1087
334563,4,76,3,1,1087
334564,4,76,3,1,1065
334567,12,76,3,1,1089
334568,12,76,3,1,1090
334569,12,76,3,1,1096
334570,12,76,3,1,1100
334571,12,76,3,1,1103
334572,12,76,3,1,1108
334573,4,76,3,1,1092
334574,4,76,3,1,1092
334575,4,76,3,1,1092
334576,4,76,3,1,1092
334577,4,76,3,1,1092
334578,4,76,3,1,1092
334579,4,76,3,1,1091
334580,4,76,3,1,1091
334581,4,76,3,1,1090
334582,4,76,3,1,1090
334583,4,76,3,1,1090
334584,4,76,3,1,1090
334585,4,76,3,1,1089
334586,4,76,3,1,1089
334587,4,76,3,1,1089
334588,4,76,3,1,1089
334589,4,76,3,1,1089
334590,4,76,3,1,1089
334591,4,76,3,1,1088
334592,4,76,3,1,1088
334593,4,76,3,1,1088
334594,4,76,3,1,1087
334595,4,76,3,1,1092
334596,4,76,3,1,1092
334597,4,76,3,1,1092
334598,4,76,3,1,1092
334599,4,76,3,1,1092
334600,4,76,3,1,1093
334601,4,76,3,1,1094
334602,4,76,3,1,1095
334603,4,76,3,1,1096
334604,4,76,3,1,1097
334605,4,76,3,1,1098
334606,4,76,3,1,1098
334607,4,76,3,1,1099
334608,4,76,3,1,1100
334609,4,76,3,1,1101
334610,4,76,3,1,1102
334611,4,76,3,1,1103
334612,4,76,3,1,1104
334613,4,76,3,1,1105
334614,4,76,3,1,1106
334615,4,76,3,1,1107
334616,4,76,3,1,1107
334617,4,76,3,1,1108
334618,4,76,3,1,1109
334619,4,76,3,1,1110
334620,4,76,3,1,1110
334621,4,76,3,1,1094
334625,12,76,3,1,1110
334626,12,76,3,1,1115
334627,12,76,3,1,1119
334628,12,76,3,1,1124
334629,12,76,3,1,1128
334630,12,76,3,1,1132
334631,12,76,3,1,1137
334632,4,76,3,1,1110
334633,4,76,3,1,1111
334634,4,76,3,1,1111
334635,4,76,3,1,1111
334636,4,76,3,1,1111
334637,4,76,3,1,1111
334638,4,76,3,1,1112
334639,4,76,3,1,1112
334640,4,76,3,1,1113
334641,4,76,3,1,1114
334642,4,76,3,1,1115
334643,4,76,3,1,1116
334644,4,76,3,1,1116
334645,4,76,3,1,1117
334646,4,76,3,1,1118
334647,4,76,3,1,1119
334648,4,76,3,1,1120
334649,4,76,3,1,1121
334650,4,76,3,1,1122
334651,4,76,3,1,1123
334652,4,76,3,1,1124
334653,4,76,3,1,1124
334654,4,76,3,1,1125
334655,4,76,3,1,1126
334656,4,76,3,1,1127
334657,4,76,3,1,1128
334658,4,76,3,1,1129
334659,4,76,3,1,1130
334660,4,76,3,1,1131
334661,4,76,3,1,1132
334662,4,76,3,1,1133
334663,4,76,3,1,1134
334664,4,76,3,1,1134
334665,4,76,3,1,1135
334666,4,76,3,1,1136
334667,4,76,3,1,1137
334668,4,76,3,1,1138
334669,4,76,3,1,1138
334670,4,76,3,1,1110
334673,12,76,3,1,1141
334674,12,76,3,1,1146
334675,12,76,3,1,1151
334676,12,76,3,1,1153
334677,4,76,3,1,1138
334678,4,76,3,1,1139
334679,4,76,3,1,1139
334680,4,76,3,1,1140
334681,4,76,3,1,1141
334682,4,76,3,1,1142
334683,4,76,3,1,1143
334684,4,76,3,1,1144
334685,4,76,3,1,1145
334686,4,76,3,1,1146
334687,4,76,3,1,1147
334688,4,76,3,1,1148
334689,4,76,3,1,1148
334690,4,76,3,1,1149
334691,4,76,3,1,1149
334692,4,76,3,1,1149
334693,4,76,3,1,1150
334694,4,76,3,1,1150
334695,4,76,3,1,1151
334696,4,76,3,1,1152
334697,4,76,3,1,1153
334698,4,76,3,1,1153
334699,4,76,3,1,1153
334700,4,76,3,1,1153
334704,12,76,3,1,1157
334705,12,76,3,1,1162
334706,12,76,3,1,1166
334707,12,76,3,1,1171
334708,12,76,3,1,1172
334709,4,76,3,1,1153
334710,4,76,3,1,1153
334711,4,76,3,1,1153
334712,4,76,3,1,1154
334713,4,76,3,1,1155
334714,4,76,3,1,1156
334715,4,76,3,1,1156
334716,4,76,3,1,1157
334717,4,76,3,1,1158
334718,4,76,3,1,1159
334719,4,76,3,1,1160
334720,4,76,3,1,1161
334721,4,76,3,1,1162
334722,4,76,3,1,1162
334723,4,76,3,1,1163
334724,4,76,3,1,1165
334725,4,76,3,1,1165
334726,4,76,3,1,1166
334727,4,76,3,1,1168
334728,4,76,3,1,1169
334729,4,76,3,1,1170
334730,4,76,3,1,1171
334731,4,76,3,1,1171
334732,4,76,3,1,1171
334733,4,76,3,1,1172
334734,4,76,3,1,1172
334735,4,76,3,1,1172
334736,4,76,3,1,1172
334737,4,76,3,1,1172
334738,4,76,3,1,1172
334739,4,76,3,1,1172
334740,4,76,3,1,1172
334741,4,76,3,1,1172
334742,4,76,3,1,1153
334745,12,76,3,1,1176
334746,12,76,3,1,1181
334747,12,76,3,1,1185
334748,12,76,3,1,1190
334749,12,76,3,1,1194
334750,12,76,3,1,1195
334751,4,76,3,1,1173
334752,4,76,3,1,1174
334753,4,76,3,1,1175
334754,4,76,3,1,1176
334755,4,76,3,1,1176
334756,4,76,3,1,1177
334757,4,76,3,1,1178
334758,4,76,3,1,1179
334759,4,76,3,1,1180
334760,4,76,3,1,1181
334761,4,76,3,1,1182
334762,4,76,3,1,1183
334763,4,76,3,1,1184
334764,4,76,3,1,1185
334765,4,76,3,1,1185
334766,4,76,3,1,1186
334767,4,76,3,1,1187
334768,4,76,3,1,1188
334769,4,76,3,1,1189
334770,4,76,3,1,1190
334771,4,76,3,1,1191
334772,4,76,3,1,1192
334773,4,76,3,1,1193
334774,4,76,3,1,1193
334775,4,76,3,1,1194
334776,4,76,3,1,1195
334777,4,76,3,1,1195
334778,4,76,3,1,1195
334779,4,76,3,1,1195
334780,4,76,3,1,1195
334781,4,76,3,1,1195
334938,9,75,3,1,1138
337554,7,38,10,0,371
